Unnamed: 0,play_id,half_seconds_remaining,down,goal_to_go,ydstogo,yardline_100,play_type,posteam_score,defteam_score,run
0,63.0,1796.0,1.0,0,10.0,78.0,run,0.0,0.0,1
6889,85.0,1758.0,2.0,0,7.0,75.0,pass,0.0,0.0,0
9290,115.0,1720.0,1.0,0,10.0,64.0,pass,0.0,0.0,0
9459,135.0,1677.0,2.0,0,21.0,75.0,run,0.0,0.0,1
9655,166.0,1634.0,3.0,0,23.0,77.0,run,0.0,0.0,1
9755,214.0,1587.0,1.0,0,10.0,77.0,run,0.0,0.0,1
9791,243.0,1555.0,2.0,0,7.0,74.0,pass,0.0,0.0,0
10047,266.0,1551.0,3.0,0,7.0,74.0,pass,0.0,0.0,0
10128,327.0,1534.0,1.0,0,10.0,66.0,pass,0.0,0.0,0
10297,359.0,1506.0,2.0,0,5.0,61.0,run,0.0,0.0,1
10418,386.0,1468.0,1.0,0,10.0,48.0,run,0.0,0.0,1
10562,408.0,1435.0,2.0,0,9.0,47.0,pass,0.0,0.0,0
10587,486.0,1385.0,1.0,0,15.0,39.0,pass,0.0,0.0,0
10708,506.0,1342.0,2.0,0,15.0,39.0,run,0.0,0.0,1
10852,528.0,1298.0,3.0,0,3.0,27.0,pass,0.0,0.0,0
10901,553.0,1258.0,1.0,0,10.0,22.0,run,0.0,0.0,1
11157,575.0,1217.0,2.0,0,7.0,19.0,pass,0.0,0.0,0
11301,622.0,1214.0,3.0,0,12.0,24.0,pass,0.0,0.0,0
11541,695.0,1196.0,1.0,0,10.0,75.0,pass,0.0,3.0,0
11662,720.0,1173.0,1.0,0,10.0,64.0,run,0.0,3.0,1
11726,742.0,1154.0,2.0,0,8.0,62.0,pass,0.0,3.0,0
12032,815.0,1093.0,1.0,0,15.0,54.0,run,0.0,3.0,1
12113,910.0,1021.0,1.0,0,10.0,49.0,run,0.0,3.0,1
12185,934.0,981.0,2.0,0,1.0,40.0,run,0.0,3.0,1
12354,995.0,940.0,1.0,0,15.0,43.0,run,0.0,3.0,1
12475,1017.0,911.0,2.0,0,9.0,37.0,pass,0.0,3.0,0
12556,1062.0,900.0,1.0,0,10.0,25.0,pass,0.0,3.0,0
12766,1101.0,866.0,2.0,0,3.0,18.0,run,0.0,3.0,1
12866,1163.0,860.0,1.0,0,10.0,65.0,pass,3.0,7.0,0
12947,1188.0,821.0,2.0,0,4.0,59.0,pass,3.0,7.0,0
13091,1218.0,785.0,1.0,0,10.0,14.0,run,3.0,7.0,1
13316,1240.0,743.0,2.0,0,6.0,10.0,run,3.0,7.0,1
13485,1262.0,699.0,3.0,0,2.0,6.0,run,3.0,7.0,1
13566,1318.0,649.0,1.0,1,1.0,1.0,run,3.0,7.0,1
13666,1340.0,610.0,2.0,1,1.0,1.0,pass,3.0,7.0,0
13848,1416.0,598.0,1.0,0,10.0,55.0,run,7.0,10.0,1
13992,1439.0,578.0,2.0,0,6.0,51.0,pass,7.0,10.0,0
14082,1503.0,526.0,3.0,0,5.0,50.0,pass,7.0,10.0,0
14203,1528.0,495.0,1.0,0,10.0,40.0,run,7.0,10.0,1
14428,1550.0,470.0,2.0,0,5.0,35.0,pass,7.0,10.0,0
14492,1575.0,431.0,3.0,0,1.0,31.0,run,7.0,10.0,1
14661,1599.0,388.0,1.0,0,10.0,23.0,run,7.0,10.0,1
14771,1621.0,350.0,2.0,0,8.0,21.0,pass,7.0,10.0,0
14915,1655.0,342.0,3.0,0,8.0,21.0,pass,7.0,10.0,0
14979,1731.0,293.0,1.0,0,10.0,71.0,pass,10.0,10.0,0
15051,1754.0,289.0,2.0,0,10.0,71.0,pass,10.0,10.0,0
15132,1777.0,286.0,3.0,0,10.0,71.0,pass,10.0,10.0,0
15276,1802.0,250.0,1.0,0,10.0,60.0,run,10.0,10.0,1
15445,1878.0,208.0,1.0,0,20.0,53.0,pass,10.0,10.0,0
15555,1903.0,169.0,2.0,0,23.0,56.0,pass,10.0,10.0,0
15699,1928.0,127.0,3.0,0,12.0,45.0,pass,10.0,10.0,0
15955,1994.0,117.0,1.0,0,5.0,15.0,run,10.0,10.0,1
16165,2016.0,76.0,1.0,1,8.0,8.0,pass,10.0,10.0,0
16390,2041.0,32.0,2.0,1,4.0,4.0,pass,10.0,10.0,0
16572,2123.0,23.0,1.0,0,10.0,71.0,run,10.0,17.0,1
16693,2206.0,1796.0,1.0,0,10.0,85.0,pass,10.0,17.0,0
16757,2231.0,1759.0,2.0,0,8.0,83.0,pass,10.0,17.0,0
16901,2256.0,1735.0,1.0,0,10.0,66.0,run,10.0,17.0,1
17045,2278.0,1700.0,2.0,0,9.0,65.0,pass,10.0,17.0,0
17166,2303.0,1675.0,3.0,0,7.0,63.0,pass,10.0,17.0,0
17455,2364.0,1647.0,1.0,0,10.0,81.0,pass,17.0,10.0,0
17680,2396.0,1605.0,2.0,0,11.0,82.0,run,17.0,10.0,1
18100,2418.0,1553.0,1.0,0,10.0,30.0,pass,17.0,10.0,0
18269,2441.0,1549.0,2.0,0,10.0,30.0,run,17.0,10.0,1
18494,2463.0,1502.0,3.0,0,10.0,30.0,pass,17.0,10.0,0
18638,2538.0,1449.0,1.0,0,10.0,73.0,pass,10.0,20.0,0
18702,2561.0,1445.0,2.0,0,10.0,73.0,pass,10.0,20.0,0
18802,2586.0,1418.0,1.0,0,10.0,61.0,run,10.0,20.0,1
18998,2608.0,1383.0,2.0,0,7.0,58.0,pass,10.0,20.0,0
19079,2631.0,1378.0,3.0,0,7.0,58.0,pass,10.0,20.0,0
19115,2680.0,1345.0,1.0,0,15.0,52.0,pass,10.0,20.0,0
19311,2705.0,1323.0,2.0,0,7.0,44.0,pass,10.0,20.0,0
19507,2735.0,1295.0,3.0,0,1.0,38.0,run,10.0,20.0,1
19676,2757.0,1270.0,1.0,0,10.0,36.0,pass,10.0,20.0,0
19965,2782.0,1245.0,2.0,0,2.0,28.0,run,10.0,20.0,1
20161,2828.0,1192.0,1.0,0,10.0,25.0,pass,10.0,20.0,0
20271,2851.0,1185.0,2.0,0,10.0,25.0,run,10.0,20.0,1
20415,2873.0,1143.0,3.0,0,5.0,20.0,pass,10.0,20.0,0
20559,2918.0,1135.0,1.0,0,10.0,72.0,run,20.0,10.0,1
20680,2947.0,1097.0,2.0,0,3.0,65.0,pass,20.0,10.0,0
20905,2972.0,1071.0,1.0,0,10.0,60.0,pass,20.0,10.0,0
21129,2997.0,1041.0,2.0,0,8.0,58.0,run,20.0,10.0,1
21325,3024.0,1000.0,3.0,0,4.0,54.0,pass,20.0,10.0,0
21415,3063.0,953.0,1.0,0,10.0,73.0,run,10.0,20.0,1
21559,3126.0,920.0,1.0,0,10.0,63.0,run,10.0,20.0,1
21703,3168.0,900.0,2.0,0,9.0,62.0,pass,10.0,20.0,0
21835,3226.0,878.0,3.0,0,13.0,66.0,pass,10.0,20.0,0
21956,3327.0,813.0,1.0,0,13.0,97.0,pass,20.0,10.0,0
22088,3355.0,809.0,2.0,0,13.0,97.0,run,20.0,10.0,1
22124,3377.0,769.0,3.0,0,11.0,95.0,pass,20.0,10.0,0
22268,3402.0,726.0,1.0,0,10.0,83.0,run,20.0,10.0,1
22349,3424.0,684.0,2.0,0,8.0,81.0,pass,20.0,10.0,0
22470,3449.0,652.0,1.0,0,10.0,71.0,run,20.0,10.0,1
22551,3476.0,608.0,1.0,0,10.0,60.0,pass,20.0,10.0,0
22672,3499.0,603.0,2.0,0,10.0,60.0,run,20.0,10.0,1
22772,3521.0,561.0,3.0,0,9.0,59.0,pass,20.0,10.0,0
22853,3564.0,549.0,1.0,0,10.0,83.0,pass,10.0,20.0,0
22953,3602.0,544.0,2.0,0,10.0,83.0,pass,10.0,20.0,0
23314,3652.0,541.0,3.0,0,15.0,88.0,pass,10.0,20.0,0
23483,3706.0,523.0,1.0,0,10.0,40.0,run,20.0,10.0,1
23604,3735.0,479.0,2.0,0,7.0,37.0,pass,20.0,10.0,0
23704,3765.0,434.0,3.0,0,3.0,33.0,pass,20.0,10.0,0
23804,3795.0,397.0,1.0,0,10.0,28.0,run,20.0,10.0,1
23948,3817.0,356.0,2.0,0,12.0,30.0,run,20.0,10.0,1
24130,3859.0,330.0,2.0,0,21.0,39.0,run,20.0,10.0,1
24194,3881.0,288.0,3.0,0,17.0,35.0,run,20.0,10.0,1
24363,3931.0,274.0,1.0,0,10.0,64.0,pass,10.0,20.0,0
24444,3961.0,256.0,2.0,0,4.0,58.0,pass,10.0,20.0,0
24493,3986.0,232.0,1.0,0,10.0,37.0,pass,10.0,20.0,0
24649,4011.0,209.0,2.0,0,5.0,32.0,pass,10.0,20.0,0
24749,4044.0,204.0,1.0,0,10.0,19.0,run,10.0,20.0,1
24870,4078.0,197.0,1.0,1,3.0,3.0,pass,10.0,20.0,0
24906,4101.0,193.0,2.0,1,3.0,3.0,run,10.0,20.0,1
24942,4123.0,173.0,3.0,1,5.0,5.0,pass,10.0,20.0,0
25042,4233.0,155.0,1.0,0,10.0,74.0,run,20.0,13.0,1
25058,4255.0,149.0,2.0,0,7.0,71.0,pass,20.0,13.0,0
25074,4287.0,143.0,3.0,0,4.0,68.0,pass,20.0,13.0,0
25090,4347.0,109.0,1.0,0,10.0,58.0,pass,13.0,20.0,0
25099,4372.0,105.0,2.0,0,10.0,58.0,run,13.0,20.0,1
25108,4434.0,85.0,3.0,0,1.0,49.0,pass,13.0,20.0,0
25117,4464.0,80.0,1.0,0,10.0,43.0,pass,13.0,20.0,0
25153,4489.0,62.0,2.0,0,5.0,38.0,pass,13.0,20.0,0
25169,4537.0,48.0,2.0,0,10.0,33.0,pass,13.0,20.0,0
25178,4560.0,43.0,3.0,0,10.0,33.0,pass,13.0,20.0,0
25187,4585.0,26.0,4.0,0,1.0,24.0,pass,13.0,20.0,0
25191,4633.0,13.0,2.0,0,10.0,18.0,pass,13.0,20.0,0
25192,4656.0,9.0,3.0,0,10.0,18.0,pass,13.0,20.0,0
25201,4691.0,4.0,4.0,0,10.0,18.0,pass,13.0,20.0,0
25205,67.0,1794.0,1.0,0,10.0,50.0,pass,0.0,0.0,0
25374,92.0,1753.0,2.0,0,2.0,42.0,run,0.0,0.0,1
25599,114.0,1713.0,1.0,0,10.0,39.0,run,0.0,0.0,1
25743,136.0,1670.0,2.0,0,7.0,36.0,pass,0.0,0.0,0
25939,183.0,1664.0,3.0,0,2.0,31.0,run,0.0,0.0,1
26020,218.0,1624.0,1.0,0,10.0,14.0,pass,0.0,0.0,0
26501,314.0,1574.0,1.0,0,10.0,69.0,run,0.0,7.0,1
26726,336.0,1553.0,2.0,0,4.0,63.0,run,0.0,7.0,1
26790,358.0,1510.0,3.0,0,3.0,62.0,pass,0.0,7.0,0
26959,388.0,1469.0,1.0,0,10.0,59.0,pass,0.0,7.0,0
27141,413.0,1435.0,2.0,0,5.0,54.0,run,0.0,7.0,1
27465,435.0,1399.0,3.0,0,3.0,52.0,run,0.0,7.0,1
27705,464.0,1357.0,1.0,0,10.0,41.0,pass,0.0,7.0,0
27901,489.0,1315.0,1.0,0,10.0,28.0,run,0.0,7.0,1
27931,547.0,1240.0,1.0,0,10.0,22.0,pass,0.0,7.0,0
28127,570.0,1232.0,2.0,0,10.0,22.0,run,0.0,7.0,1
28259,616.0,1174.0,3.0,0,7.0,19.0,pass,0.0,7.0,0
28331,686.0,1109.0,1.0,0,10.0,65.0,run,7.0,3.0,1
28431,708.0,1066.0,2.0,0,1.0,56.0,run,7.0,3.0,1
28575,730.0,1045.0,3.0,0,1.0,56.0,run,7.0,3.0,1
28771,774.0,999.0,1.0,0,10.0,85.0,run,3.0,7.0,1
28940,803.0,959.0,1.0,0,10.0,74.0,pass,3.0,7.0,0
29004,850.0,919.0,1.0,0,10.0,54.0,run,3.0,7.0,1
29148,892.0,900.0,2.0,0,8.0,52.0,pass,3.0,7.0,0
29304,917.0,858.0,3.0,0,3.0,47.0,run,3.0,7.0,1
29385,949.0,821.0,1.0,0,10.0,30.0,run,3.0,7.0,1
29706,1040.0,805.0,2.0,0,10.0,77.0,pass,7.0,10.0,0
29931,1065.0,765.0,3.0,0,6.0,73.0,pass,7.0,10.0,0
30052,1125.0,723.0,1.0,0,10.0,69.0,pass,10.0,7.0,0
30308,1157.0,682.0,2.0,0,5.0,64.0,run,10.0,7.0,1
30452,1179.0,631.0,1.0,0,10.0,15.0,run,10.0,7.0,1
30542,1201.0,591.0,2.0,0,5.0,10.0,run,10.0,7.0,1
30711,1274.0,581.0,1.0,0,10.0,70.0,run,7.0,17.0,1
30843,1296.0,540.0,2.0,0,3.0,63.0,run,7.0,17.0,1
31139,1343.0,490.0,2.0,0,10.0,55.0,pass,7.0,17.0,0
31335,1368.0,451.0,3.0,0,9.0,54.0,pass,7.0,17.0,0
31479,1398.0,428.0,1.0,0,10.0,37.0,pass,7.0,17.0,0
31648,1428.0,388.0,1.0,0,10.0,25.0,run,7.0,17.0,1
31673,1450.0,346.0,2.0,0,3.0,18.0,run,7.0,17.0,1
31794,1472.0,308.0,3.0,0,3.0,18.0,pass,7.0,17.0,0
31938,1501.0,267.0,1.0,0,10.0,12.0,pass,7.0,17.0,0
32002,1524.0,264.0,2.0,0,10.0,12.0,run,7.0,17.0,1
32102,1546.0,220.0,3.0,0,8.0,10.0,pass,7.0,17.0,0
32442,1643.0,123.0,1.0,0,10.0,37.0,run,17.0,10.0,1
32523,1665.0,118.0,2.0,0,5.0,32.0,pass,17.0,10.0,0
32705,1695.0,113.0,3.0,0,5.0,32.0,pass,17.0,10.0,0
32994,1727.0,106.0,1.0,0,10.0,17.0,run,17.0,10.0,1
33115,1772.0,98.0,2.0,0,25.0,32.0,pass,17.0,10.0,0
33247,1804.0,91.0,3.0,0,24.0,31.0,run,17.0,10.0,1
33536,1883.0,25.0,1.0,0,10.0,73.0,pass,10.0,20.0,0
33626,1931.0,7.0,2.0,0,10.0,47.0,pass,10.0,20.0,0
33758,2023.0,1800.0,1.0,0,10.0,65.0,run,20.0,13.0,1
33774,2045.0,1757.0,2.0,0,7.0,62.0,pass,20.0,13.0,0
33918,2075.0,1722.0,3.0,0,7.0,62.0,pass,20.0,13.0,0
33954,2100.0,1674.0,1.0,0,10.0,23.0,pass,20.0,13.0,0
34110,2177.0,1668.0,1.0,0,10.0,60.0,run,13.0,27.0,1
34242,2199.0,1635.0,2.0,0,5.0,55.0,run,13.0,27.0,1
34438,2221.0,1595.0,3.0,0,2.0,52.0,run,13.0,27.0,1
34634,2243.0,1554.0,1.0,0,10.0,47.0,run,13.0,27.0,1
34778,2265.0,1509.0,1.0,0,10.0,36.0,pass,13.0,27.0,0
35102,2288.0,1503.0,2.0,0,10.0,36.0,pass,13.0,27.0,0
35374,2313.0,1461.0,3.0,0,8.0,34.0,pass,13.0,27.0,0
35455,2372.0,1415.0,1.0,1,4.0,4.0,run,13.0,27.0,1
35637,2394.0,1371.0,2.0,1,2.0,2.0,run,13.0,27.0,1
35718,2499.0,1362.0,1.0,0,10.0,67.0,run,27.0,19.0,1
35754,2521.0,1324.0,2.0,0,5.0,62.0,run,27.0,19.0,1
35826,2543.0,1290.0,3.0,0,10.0,67.0,pass,27.0,19.0,0
35890,2592.0,1274.0,1.0,0,10.0,84.0,pass,19.0,27.0,0
35980,2657.0,1200.0,2.0,0,18.0,92.0,pass,19.0,27.0,0
36176,2686.0,1172.0,3.0,0,1.0,75.0,run,19.0,27.0,1
36201,2708.0,1127.0,1.0,0,10.0,73.0,run,19.0,27.0,1
36301,2730.0,1086.0,2.0,0,8.0,71.0,pass,19.0,27.0,0
36470,2753.0,1080.0,3.0,0,8.0,71.0,pass,19.0,27.0,0
36580,2796.0,1062.0,1.0,0,10.0,68.0,pass,27.0,19.0,0
36680,2838.0,1018.0,1.0,0,10.0,32.0,run,27.0,19.0,1
36801,2860.0,974.0,2.0,0,7.0,29.0,pass,27.0,19.0,0
36882,2955.0,963.0,1.0,0,10.0,84.0,run,19.0,34.0,1
37138,2977.0,922.0,2.0,0,6.0,80.0,pass,19.0,34.0,0
37282,3025.0,900.0,1.0,0,10.0,72.0,pass,19.0,34.0,0
37464,3055.0,876.0,1.0,0,10.0,57.0,pass,19.0,34.0,0
37585,3080.0,851.0,2.0,0,6.0,53.0,pass,19.0,34.0,0
37675,3106.0,846.0,3.0,0,6.0,53.0,pass,19.0,34.0,0
37915,3131.0,809.0,1.0,1,2.0,2.0,run,19.0,34.0,1
38005,3156.0,776.0,2.0,1,2.0,2.0,run,19.0,34.0,1
38149,3227.0,765.0,1.0,0,10.0,65.0,pass,34.0,25.0,0
38270,3250.0,760.0,2.0,0,10.0,65.0,pass,34.0,25.0,0
38559,3291.0,757.0,3.0,0,10.0,65.0,run,34.0,25.0,1
38703,3313.0,710.0,1.0,0,10.0,46.0,run,34.0,25.0,1
38824,3381.0,695.0,1.0,0,10.0,72.0,pass,25.0,40.0,0
38873,3416.0,673.0,2.0,0,1.0,63.0,pass,25.0,40.0,0
39029,3444.0,652.0,1.0,0,10.0,57.0,pass,25.0,40.0,0
39198,3481.0,648.0,2.0,0,10.0,57.0,run,25.0,40.0,1
39394,3592.0,603.0,3.0,0,11.0,58.0,pass,25.0,40.0,0
39475,3632.0,558.0,1.0,0,10.0,65.0,run,40.0,25.0,1
39619,3661.0,517.0,2.0,0,7.0,62.0,run,40.0,25.0,1
39908,3707.0,476.0,3.0,0,13.0,68.0,pass,40.0,25.0,0
40104,3770.0,436.0,1.0,0,10.0,80.0,pass,25.0,40.0,0
40572,3822.0,377.0,2.0,0,4.0,53.0,pass,25.0,40.0,0
40741,3847.0,355.0,1.0,0,10.0,44.0,pass,25.0,40.0,0
40790,3870.0,352.0,2.0,0,10.0,44.0,pass,25.0,40.0,0
40890,3929.0,304.0,1.0,0,10.0,29.0,pass,25.0,40.0,0
41115,3959.0,299.0,1.0,0,10.0,18.0,pass,25.0,40.0,0
41179,3982.0,293.0,2.0,0,10.0,18.0,pass,25.0,40.0,0
41243,4005.0,288.0,3.0,0,10.0,18.0,pass,25.0,40.0,0
41324,4040.0,245.0,4.0,0,2.0,10.0,pass,25.0,40.0,0
41549,4104.0,230.0,1.0,0,10.0,72.0,run,40.0,32.0,1
41574,4126.0,190.0,1.0,0,10.0,59.0,run,40.0,32.0,1
41674,4166.0,186.0,1.0,0,10.0,30.0,pass,32.0,40.0,0
41755,4191.0,162.0,1.0,1,1.0,1.0,run,32.0,40.0,1
41855,4213.0,126.0,2.0,1,1.0,1.0,run,32.0,40.0,1
41897,4237.0,120.0,3.0,1,1.0,1.0,run,32.0,40.0,1
41933,4308.0,111.0,1.0,0,10.0,69.0,run,40.0,38.0,1
41989,4330.0,105.0,2.0,0,9.0,68.0,run,40.0,38.0,1
42038,4359.0,100.0,3.0,0,9.0,68.0,pass,40.0,38.0,0
42063,4417.0,86.0,1.0,0,10.0,80.0,pass,38.0,40.0,0
42088,4442.0,65.0,2.0,0,4.0,74.0,pass,38.0,40.0,0
42104,4472.0,60.0,1.0,0,10.0,66.0,run,38.0,40.0,1
42129,4523.0,53.0,2.0,0,10.0,66.0,pass,38.0,40.0,0
42154,4553.0,46.0,1.0,0,10.0,34.0,pass,38.0,40.0,0
49047,86.0,1791.0,2.0,0,10.0,72.0,pass,0.0,0.0,0
49191,111.0,1768.0,3.0,0,1.0,63.0,run,0.0,0.0,1
49387,133.0,1727.0,4.0,0,1.0,63.0,run,0.0,0.0,1
49787,188.0,1663.0,1.0,0,20.0,69.0,pass,0.0,0.0,0
49931,211.0,1658.0,2.0,0,20.0,69.0,pass,0.0,0.0,0
50012,236.0,1623.0,3.0,0,10.0,59.0,pass,0.0,0.0,0
50133,305.0,1574.0,1.0,0,20.0,45.0,run,0.0,0.0,1
50223,330.0,1532.0,2.0,0,10.0,35.0,pass,0.0,0.0,0
50367,362.0,1489.0,1.0,0,10.0,19.0,pass,0.0,0.0,0
50511,396.0,1481.0,2.0,0,22.0,31.0,pass,0.0,0.0,0
50736,421.0,1434.0,3.0,0,12.0,21.0,pass,0.0,0.0,0
50836,501.0,1389.0,1.0,0,10.0,71.0,run,0.0,3.0,1
51236,523.0,1348.0,2.0,0,5.0,66.0,run,0.0,3.0,1
51380,545.0,1305.0,3.0,0,2.0,63.0,run,0.0,3.0,1
51444,577.0,1263.0,1.0,0,10.0,60.0,run,0.0,3.0,1
51565,604.0,1220.0,2.0,0,3.0,53.0,pass,0.0,3.0,0
51734,629.0,1174.0,3.0,0,1.0,51.0,run,0.0,3.0,1
52058,651.0,1133.0,1.0,0,10.0,49.0,pass,0.0,3.0,0
52382,674.0,1128.0,2.0,0,10.0,49.0,pass,0.0,3.0,0
52463,699.0,1078.0,3.0,0,7.0,46.0,pass,0.0,3.0,0
52535,724.0,1036.0,1.0,0,10.0,35.0,run,0.0,3.0,1
52616,746.0,990.0,2.0,0,5.0,30.0,run,0.0,3.0,1
52716,768.0,947.0,3.0,0,5.0,30.0,pass,0.0,3.0,0
52837,854.0,931.0,1.0,0,10.0,78.0,run,3.0,3.0,1
52918,876.0,900.0,2.0,0,6.0,74.0,pass,3.0,3.0,0
53114,922.0,856.0,3.0,0,3.0,71.0,pass,3.0,3.0,0
53224,978.0,806.0,1.0,0,10.0,84.0,run,3.0,3.0,1
53368,1007.0,772.0,2.0,0,1.0,75.0,pass,3.0,3.0,0
53537,1076.0,764.0,1.0,0,10.0,35.0,run,3.0,3.0,1
53637,1105.0,719.0,2.0,0,3.0,28.0,pass,3.0,3.0,0
53806,1128.0,715.0,3.0,0,3.0,28.0,run,3.0,3.0,1
54002,1150.0,676.0,1.0,0,10.0,21.0,run,3.0,3.0,1
54258,1172.0,639.0,2.0,0,4.0,15.0,run,3.0,3.0,1
54658,1194.0,602.0,3.0,0,3.0,14.0,run,3.0,3.0,1
55058,1216.0,561.0,1.0,1,10.0,10.0,pass,3.0,3.0,0
55382,1241.0,518.0,2.0,1,6.0,6.0,pass,3.0,3.0,0
55760,1370.0,466.0,2.0,0,8.0,76.0,run,3.0,10.0,1
55824,1392.0,422.0,3.0,0,6.0,74.0,pass,3.0,10.0,0
55905,1417.0,379.0,1.0,0,10.0,62.0,pass,3.0,10.0,0
55969,1440.0,373.0,2.0,0,10.0,62.0,pass,3.0,10.0,0
56101,1465.0,329.0,3.0,0,11.0,63.0,run,3.0,10.0,1
56165,1487.0,281.0,1.0,0,10.0,41.0,run,3.0,10.0,1
56297,1509.0,241.0,2.0,0,8.0,39.0,pass,3.0,10.0,0
56397,1537.0,235.0,3.0,0,8.0,39.0,pass,3.0,10.0,0
56461,1592.0,219.0,1.0,0,10.0,91.0,run,10.0,3.0,1
56701,1614.0,166.0,1.0,0,10.0,20.0,run,10.0,3.0,1
57062,1636.0,120.0,2.0,0,2.0,12.0,run,10.0,3.0,1
57258,1674.0,115.0,1.0,1,9.0,9.0,run,10.0,3.0,1
57498,1789.0,103.0,1.0,0,15.0,65.0,run,3.0,17.0,1
57562,1811.0,83.0,2.0,0,7.0,57.0,pass,3.0,17.0,0
57731,1836.0,63.0,1.0,0,10.0,39.0,pass,3.0,17.0,0
57747,1871.0,59.0,2.0,0,10.0,39.0,pass,3.0,17.0,0
57772,1894.0,55.0,3.0,0,10.0,39.0,run,3.0,17.0,1
58061,1932.0,48.0,1.0,0,10.0,68.0,pass,17.0,3.0,0
58142,1957.0,42.0,2.0,0,7.0,65.0,pass,17.0,3.0,0
58466,1989.0,29.0,1.0,0,10.0,58.0,pass,17.0,3.0,0
58772,2061.0,13.0,2.0,0,15.0,52.0,pass,17.0,3.0,0
59172,2219.0,1800.0,1.0,0,10.0,60.0,pass,3.0,20.0,0
59328,2244.0,1754.0,2.0,0,1.0,51.0,run,3.0,20.0,1
59670,2266.0,1714.0,1.0,0,10.0,49.0,run,3.0,20.0,1
60012,2293.0,1668.0,2.0,0,1.0,40.0,run,3.0,20.0,1
60181,2366.0,1616.0,1.0,0,10.0,14.0,run,3.0,20.0,1
60245,2388.0,1573.0,2.0,0,2.0,6.0,run,3.0,20.0,1
60294,2410.0,1532.0,3.0,0,2.0,6.0,run,3.0,20.0,1
60415,2432.0,1491.0,4.0,0,1.0,5.0,pass,3.0,20.0,0
60515,2455.0,1485.0,1.0,0,10.0,94.0,run,20.0,3.0,1
60659,2484.0,1448.0,2.0,0,7.0,91.0,pass,20.0,3.0,0
60780,2507.0,1445.0,3.0,0,7.0,91.0,pass,20.0,3.0,0
60924,2567.0,1429.0,1.0,0,10.0,73.0,run,3.0,20.0,1
61068,2596.0,1386.0,2.0,0,6.0,69.0,run,3.0,20.0,1
61237,2618.0,1340.0,3.0,0,3.0,66.0,pass,3.0,20.0,0
61381,2643.0,1305.0,1.0,0,10.0,60.0,run,3.0,20.0,1
61481,2665.0,1269.0,2.0,0,1.0,51.0,run,3.0,20.0,1
61562,2687.0,1229.0,3.0,0,1.0,51.0,pass,3.0,20.0,0
61618,2744.0,1179.0,1.0,0,10.0,86.0,pass,20.0,3.0,0
61814,2779.0,1171.0,2.0,0,10.0,86.0,pass,20.0,3.0,0
62298,2802.0,1165.0,3.0,0,10.0,86.0,pass,20.0,3.0,0
62467,2827.0,1128.0,1.0,0,10.0,69.0,run,20.0,3.0,1
62588,2893.0,1072.0,1.0,0,28.0,87.0,run,20.0,3.0,1
62757,2915.0,1032.0,2.0,0,24.0,83.0,pass,20.0,3.0,0
62926,2942.0,1020.0,1.0,0,10.0,38.0,pass,3.0,20.0,0
63287,2989.0,1016.0,2.0,0,15.0,43.0,pass,3.0,20.0,0
63456,3014.0,966.0,3.0,0,6.0,34.0,pass,3.0,20.0,0
63600,3046.0,923.0,4.0,0,5.0,33.0,pass,3.0,20.0,0
63889,3069.0,916.0,1.0,0,10.0,67.0,run,20.0,3.0,1
64145,3111.0,900.0,2.0,0,8.0,65.0,pass,20.0,3.0,0
64194,3136.0,856.0,1.0,0,10.0,53.0,run,20.0,3.0,1
64258,3158.0,816.0,2.0,0,10.0,53.0,run,20.0,3.0,1
64483,3185.0,770.0,1.0,0,10.0,43.0,run,20.0,3.0,1
64564,3207.0,728.0,2.0,0,8.0,41.0,pass,20.0,3.0,0
64789,3232.0,689.0,3.0,0,2.0,35.0,run,20.0,3.0,1
64910,3254.0,644.0,4.0,0,1.0,34.0,run,20.0,3.0,1
65053,3278.0,599.0,1.0,0,10.0,31.0,pass,20.0,3.0,0
65249,3360.0,595.0,2.0,0,10.0,31.0,run,20.0,3.0,1
65330,3382.0,556.0,3.0,0,8.0,29.0,pass,20.0,3.0,0
65451,3407.0,514.0,1.0,0,10.0,19.0,run,20.0,3.0,1
65620,3455.0,479.0,2.0,0,14.0,23.0,pass,20.0,3.0,0
65741,3489.0,475.0,3.0,0,14.0,23.0,pass,20.0,3.0,0
65822,3558.0,429.0,1.0,0,10.0,80.0,pass,3.0,23.0,0
65922,3583.0,405.0,1.0,0,10.0,59.0,pass,3.0,23.0,0
65971,3613.0,382.0,2.0,0,1.0,50.0,run,3.0,23.0,1
66092,3635.0,358.0,1.0,0,10.0,47.0,pass,3.0,23.0,0
66317,3658.0,353.0,2.0,0,10.0,47.0,pass,3.0,23.0,0
66606,3692.0,349.0,3.0,0,10.0,47.0,pass,3.0,23.0,0
66802,3717.0,325.0,1.0,0,10.0,32.0,pass,3.0,23.0,0
66883,3740.0,320.0,2.0,0,10.0,32.0,pass,3.0,23.0,0
66964,3763.0,312.0,3.0,0,10.0,32.0,pass,3.0,23.0,0
67064,3825.0,294.0,1.0,0,10.0,27.0,pass,3.0,23.0,0
67289,3901.0,286.0,1.0,0,10.0,48.0,run,23.0,10.0,1
67338,3923.0,279.0,1.0,0,10.0,34.0,run,23.0,10.0,1
67482,3952.0,273.0,2.0,0,10.0,34.0,run,23.0,10.0,1
67863,4008.0,182.0,2.0,0,5.0,12.0,run,23.0,10.0,1
67888,4030.0,138.0,3.0,0,4.0,11.0,run,23.0,10.0,1
67969,4099.0,117.0,1.0,0,10.0,65.0,pass,10.0,26.0,0
68138,4124.0,96.0,2.0,0,8.0,63.0,pass,10.0,26.0,0
68202,4149.0,69.0,3.0,0,5.0,60.0,pass,10.0,26.0,0
68323,4174.0,51.0,1.0,0,10.0,55.0,pass,10.0,26.0,0
75261,88.0,1760.0,1.0,0,10.0,56.0,run,0.0,0.0,1
75790,143.0,1689.0,2.0,0,6.0,52.0,run,0.0,0.0,1
75854,165.0,1649.0,3.0,0,1.0,47.0,run,0.0,0.0,1
75918,187.0,1612.0,1.0,0,10.0,46.0,pass,0.0,0.0,0
76018,210.0,1607.0,2.0,0,10.0,46.0,run,0.0,0.0,1
76099,232.0,1567.0,3.0,0,4.0,40.0,pass,0.0,0.0,0
76180,290.0,1512.0,1.0,0,14.0,31.0,pass,0.0,0.0,0
76301,315.0,1470.0,2.0,0,7.0,24.0,pass,0.0,0.0,0
76422,340.0,1434.0,3.0,0,1.0,18.0,run,0.0,0.0,1
76791,384.0,1357.0,2.0,0,2.0,5.0,run,0.0,0.0,1
76881,452.0,1347.0,1.0,0,10.0,67.0,run,0.0,7.0,1
76906,474.0,1311.0,2.0,0,5.0,62.0,pass,0.0,7.0,0
77131,499.0,1271.0,1.0,0,10.0,57.0,pass,0.0,7.0,0
77252,529.0,1241.0,2.0,0,5.0,52.0,run,0.0,7.0,1
77373,551.0,1195.0,3.0,0,3.0,50.0,run,0.0,7.0,1
77542,573.0,1151.0,4.0,0,1.0,48.0,run,0.0,7.0,1
77686,631.0,1109.0,1.0,0,10.0,41.0,pass,0.0,7.0,0
77767,656.0,1063.0,2.0,0,3.0,34.0,run,0.0,7.0,1
77992,748.0,996.0,1.0,0,20.0,38.0,pass,0.0,7.0,0
78188,773.0,960.0,2.0,0,13.0,31.0,pass,0.0,7.0,0
78512,832.0,916.0,1.0,0,10.0,23.0,run,0.0,7.0,1
78840,912.0,868.0,1.0,1,4.0,4.0,run,0.0,7.0,1
79153,956.0,800.0,3.0,1,1.0,1.0,run,0.0,7.0,1
79297,982.0,764.0,4.0,1,1.0,1.0,run,0.0,7.0,1
79397,1063.0,756.0,1.0,0,10.0,61.0,run,7.0,7.0,1
79518,1092.0,716.0,2.0,0,9.0,60.0,pass,7.0,7.0,0
79639,1139.0,698.0,3.0,0,8.0,59.0,pass,7.0,7.0,0
79835,1171.0,662.0,1.0,0,10.0,45.0,pass,7.0,7.0,0
80045,1196.0,623.0,2.0,0,9.0,44.0,pass,7.0,7.0,0
80166,1219.0,618.0,3.0,0,9.0,44.0,run,7.0,7.0,1
80287,1259.0,569.0,1.0,0,10.0,80.0,run,7.0,7.0,1
80351,1298.0,530.0,2.0,0,8.0,78.0,pass,7.0,7.0,0
80415,1326.0,525.0,3.0,0,8.0,78.0,pass,7.0,7.0,0
80704,1375.0,511.0,1.0,0,10.0,54.0,run,7.0,7.0,1
80825,1409.0,472.0,2.0,0,7.0,51.0,pass,7.0,7.0,0
81050,1434.0,431.0,1.0,0,10.0,31.0,run,7.0,7.0,1
81260,1461.0,391.0,2.0,0,4.0,25.0,run,7.0,7.0,1
81360,1483.0,355.0,3.0,0,2.0,23.0,pass,7.0,7.0,0
81556,1547.0,309.0,1.0,1,3.0,3.0,pass,7.0,7.0,0
81620,1570.0,305.0,2.0,1,3.0,3.0,run,7.0,7.0,1
81960,1667.0,252.0,1.0,0,10.0,78.0,pass,7.0,14.0,0
82401,1690.0,247.0,2.0,0,10.0,78.0,pass,7.0,14.0,0
82570,1715.0,209.0,1.0,0,10.0,61.0,run,7.0,14.0,1
82714,1737.0,168.0,2.0,0,11.0,62.0,pass,7.0,14.0,0
82763,1762.0,127.0,1.0,0,10.0,43.0,pass,7.0,14.0,0
82779,1785.0,124.0,2.0,0,10.0,43.0,pass,7.0,14.0,0
82975,1810.0,117.0,3.0,0,1.0,34.0,run,7.0,14.0,1
83075,1839.0,80.0,1.0,0,10.0,32.0,run,7.0,14.0,1
83219,1861.0,40.0,2.0,0,7.0,29.0,pass,7.0,14.0,0
83387,1886.0,33.0,3.0,0,5.0,27.0,pass,7.0,14.0,0
83468,1959.0,18.0,1.0,0,10.0,74.0,pass,14.0,10.0,0
83724,1984.0,12.0,2.0,0,2.0,66.0,run,14.0,10.0,1
84166,2091.0,1755.0,2.0,0,3.0,62.0,run,10.0,14.0,1
84287,2113.0,1711.0,3.0,0,3.0,62.0,pass,10.0,14.0,0
84615,2209.0,1633.0,2.0,0,9.0,43.0,pass,10.0,14.0,0
84811,2232.0,1628.0,3.0,0,9.0,43.0,pass,10.0,14.0,0
85211,2257.0,1583.0,1.0,0,10.0,30.0,run,10.0,14.0,1
85696,2328.0,1467.0,3.0,0,1.0,21.0,pass,10.0,14.0,0
85840,2353.0,1422.0,1.0,0,10.0,16.0,pass,10.0,14.0,0
86096,2376.0,1416.0,2.0,0,10.0,16.0,pass,10.0,14.0,0
86240,2406.0,1384.0,3.0,0,3.0,9.0,run,10.0,14.0,1
86321,2433.0,1344.0,1.0,1,5.0,5.0,pass,10.0,14.0,0
86517,2503.0,1340.0,1.0,0,10.0,80.0,pass,14.0,16.0,0
86686,2528.0,1292.0,2.0,0,5.0,75.0,run,14.0,16.0,1
86796,2550.0,1253.0,3.0,0,2.0,72.0,pass,14.0,16.0,0
86896,2599.0,1237.0,1.0,0,10.0,75.0,pass,16.0,14.0,0
86996,2626.0,1199.0,2.0,0,16.0,81.0,pass,16.0,14.0,0
87032,2653.0,1193.0,1.0,0,10.0,34.0,run,14.0,16.0,1
87096,2715.0,1155.0,2.0,0,9.0,33.0,pass,14.0,16.0,0
87160,2738.0,1149.0,3.0,0,9.0,33.0,pass,14.0,16.0,0
87260,2769.0,1121.0,1.0,0,10.0,23.0,run,14.0,16.0,1
87441,2846.0,1075.0,3.0,0,4.0,17.0,pass,14.0,16.0,0
87666,2919.0,1064.0,1.0,0,10.0,75.0,run,16.0,17.0,1
87715,2941.0,1026.0,2.0,0,6.0,71.0,pass,16.0,17.0,0
87740,2969.0,982.0,3.0,0,4.0,69.0,pass,16.0,17.0,0
87840,2994.0,940.0,1.0,0,10.0,44.0,run,16.0,17.0,1
88096,3036.0,900.0,2.0,0,9.0,43.0,run,16.0,17.0,1
88361,3086.0,856.0,4.0,0,5.0,39.0,pass,16.0,17.0,0
88530,3109.0,853.0,1.0,0,10.0,61.0,run,17.0,16.0,1
88674,3138.0,808.0,2.0,0,9.0,60.0,pass,17.0,16.0,0
88870,3161.0,803.0,3.0,0,9.0,60.0,pass,17.0,16.0,0
88970,3214.0,790.0,1.0,0,10.0,80.0,pass,16.0,17.0,0
89091,3246.0,757.0,2.0,0,2.0,72.0,run,16.0,17.0,1
89315,3268.0,717.0,1.0,0,10.0,67.0,pass,16.0,17.0,0
89364,3293.0,671.0,1.0,0,10.0,45.0,pass,16.0,17.0,0
89485,3322.0,628.0,2.0,0,13.0,48.0,pass,16.0,17.0,0
89606,3347.0,586.0,3.0,0,7.0,42.0,pass,16.0,17.0,0
89687,3401.0,562.0,1.0,0,10.0,80.0,pass,17.0,16.0,0
89831,3428.0,516.0,2.0,0,16.0,86.0,pass,17.0,16.0,0
90121,3501.0,416.0,1.0,0,10.0,42.0,run,16.0,17.0,1
90231,3523.0,378.0,2.0,0,7.0,39.0,pass,16.0,17.0,0
90312,3549.0,375.0,3.0,0,7.0,39.0,pass,16.0,17.0,0
90618,3574.0,350.0,1.0,0,10.0,26.0,pass,16.0,17.0,0
90814,3608.0,346.0,2.0,0,10.0,26.0,run,16.0,17.0,1
90850,3630.0,307.0,3.0,0,6.0,22.0,pass,16.0,17.0,0
90994,3660.0,271.0,1.0,0,10.0,13.0,run,16.0,17.0,1
91075,3682.0,230.0,2.0,0,10.0,13.0,pass,16.0,17.0,0
91392,3752.0,142.0,1.0,0,10.0,74.0,run,17.0,16.0,1
91648,3774.0,137.0,2.0,0,11.0,75.0,pass,17.0,16.0,0
92009,3811.0,133.0,3.0,0,1.0,65.0,run,17.0,16.0,1
92265,3890.0,110.0,1.0,0,10.0,67.0,pass,16.0,17.0,0
92290,3915.0,90.0,2.0,0,1.0,58.0,pass,16.0,17.0,0
92411,3942.0,84.0,1.0,0,10.0,40.0,run,17.0,16.0,1
92483,3997.0,80.0,2.0,0,7.0,37.0,run,17.0,16.0,1
92652,4028.0,77.0,3.0,0,12.0,42.0,run,17.0,16.0,1
92716,4103.0,19.0,1.0,0,10.0,99.0,pass,16.0,17.0,0
92985,4180.0,8.0,3.0,0,7.0,96.0,pass,16.0,17.0,0
93066,71.0,1794.0,1.0,0,10.0,53.0,run,0.0,0.0,1
93070,112.0,1762.0,2.0,0,3.0,46.0,run,0.0,0.0,1
93239,141.0,1727.0,1.0,0,10.0,42.0,pass,0.0,0.0,0
93652,247.0,1612.0,1.0,1,1.0,1.0,run,0.0,0.0,1
94021,360.0,1578.0,2.0,0,2.0,62.0,run,0.0,7.0,1
94085,382.0,1540.0,1.0,0,10.0,59.0,run,0.0,7.0,1
94267,404.0,1496.0,2.0,0,3.0,52.0,run,0.0,7.0,1
94477,426.0,1449.0,1.0,0,10.0,36.0,pass,0.0,7.0,0
94733,456.0,1417.0,2.0,0,4.0,30.0,run,0.0,7.0,1
94854,478.0,1388.0,1.0,0,10.0,25.0,run,0.0,7.0,1
94998,503.0,1343.0,1.0,1,5.0,5.0,run,0.0,7.0,1
95119,525.0,1301.0,2.0,1,3.0,3.0,run,0.0,7.0,1
95484,626.0,1248.0,1.0,0,10.0,88.0,run,7.0,7.0,1
95740,648.0,1207.0,2.0,0,7.0,85.0,pass,7.0,7.0,0
95804,673.0,1165.0,1.0,0,10.0,67.0,run,7.0,7.0,1
96046,717.0,1081.0,3.0,0,2.0,59.0,pass,7.0,7.0,0
96335,778.0,1005.0,1.0,0,20.0,43.0,pass,7.0,7.0,0
96531,842.0,951.0,1.0,0,10.0,12.0,pass,7.0,7.0,0
96631,865.0,946.0,2.0,0,10.0,12.0,run,7.0,7.0,1
96731,907.0,900.0,1.0,1,1.0,1.0,run,7.0,7.0,1
96831,974.0,896.0,1.0,0,10.0,65.0,run,7.0,14.0,1
96952,996.0,852.0,2.0,0,4.0,59.0,pass,7.0,14.0,0
97052,1021.0,809.0,1.0,0,10.0,53.0,run,7.0,14.0,1
97152,1043.0,768.0,2.0,0,6.0,49.0,pass,7.0,14.0,0
97308,1068.0,721.0,3.0,0,3.0,46.0,pass,7.0,14.0,0
97452,1093.0,679.0,1.0,0,10.0,39.0,pass,7.0,14.0,0
97552,1123.0,638.0,2.0,0,9.0,38.0,run,7.0,14.0,1
97601,1145.0,592.0,1.0,0,10.0,29.0,run,7.0,14.0,1
97617,1167.0,551.0,2.0,0,6.0,25.0,run,7.0,14.0,1
97749,1189.0,507.0,3.0,0,5.0,24.0,run,7.0,14.0,1
97870,1211.0,462.0,1.0,1,9.0,9.0,run,7.0,14.0,1
98126,1233.0,418.0,2.0,1,8.0,8.0,run,7.0,14.0,1
98351,1301.0,401.0,1.0,0,10.0,69.0,pass,14.0,14.0,0
98809,1356.0,326.0,1.0,0,10.0,50.0,run,14.0,14.0,1
98991,1396.0,303.0,1.0,0,10.0,35.0,run,14.0,14.0,1
99216,1418.0,254.0,2.0,0,7.0,32.0,run,14.0,14.0,1
99810,1462.0,174.0,1.0,0,10.0,23.0,pass,14.0,14.0,0
99891,1485.0,169.0,2.0,0,10.0,23.0,pass,14.0,14.0,0
100047,1508.0,163.0,3.0,0,10.0,23.0,pass,14.0,14.0,0
100336,1581.0,149.0,1.0,0,10.0,81.0,run,14.0,17.0,1
100436,1603.0,120.0,2.0,0,6.0,77.0,pass,14.0,17.0,0
100557,1647.0,113.0,3.0,0,6.0,77.0,pass,14.0,17.0,0
100701,1672.0,80.0,1.0,0,10.0,26.0,pass,14.0,17.0,0
101159,1725.0,69.0,3.0,0,2.0,18.0,pass,14.0,17.0,0
101208,1750.0,64.0,1.0,0,10.0,15.0,run,14.0,17.0,1
101377,1782.0,56.0,2.0,0,5.0,10.0,run,14.0,17.0,1
101498,1897.0,40.0,1.0,0,10.0,79.0,pass,17.0,21.0,0
101618,1933.0,34.0,1.0,0,10.0,59.0,pass,17.0,21.0,0
101787,1958.0,27.0,2.0,0,5.0,54.0,pass,17.0,21.0,0
101931,1995.0,20.0,3.0,0,5.0,54.0,pass,17.0,21.0,0
101961,2020.0,15.0,1.0,0,10.0,45.0,pass,17.0,21.0,0
102130,2164.0,1795.0,1.0,0,10.0,72.0,pass,21.0,20.0,0
102211,2189.0,1752.0,2.0,0,5.0,67.0,pass,21.0,20.0,0
103492,2310.0,1547.0,1.0,0,10.0,36.0,run,21.0,20.0,1
103541,2332.0,1502.0,2.0,0,10.0,36.0,pass,21.0,20.0,0
103797,2352.0,1456.0,3.0,0,18.0,44.0,pass,21.0,20.0,0
104066,2454.0,1368.0,2.0,0,4.0,65.0,run,20.0,24.0,1
104166,2476.0,1327.0,3.0,0,1.0,62.0,run,20.0,24.0,1
104287,2498.0,1287.0,1.0,0,10.0,60.0,pass,20.0,24.0,0
104431,2524.0,1281.0,2.0,0,10.0,60.0,run,20.0,24.0,1
104627,2553.0,1233.0,1.0,0,10.0,11.0,run,20.0,24.0,1
104933,2609.0,1202.0,2.0,0,22.0,23.0,pass,20.0,24.0,0
105102,2666.0,1192.0,1.0,0,10.0,11.0,run,20.0,24.0,1
105312,2758.0,1184.0,1.0,0,10.0,84.0,run,24.0,20.0,1
105444,2780.0,1142.0,2.0,0,11.0,85.0,pass,24.0,20.0,0
105588,2803.0,1136.0,3.0,0,11.0,85.0,run,24.0,20.0,1
105732,2845.0,1090.0,1.0,0,10.0,74.0,run,20.0,24.0,1
105796,2867.0,1049.0,2.0,0,6.0,70.0,pass,20.0,24.0,0
105812,2892.0,1006.0,3.0,0,1.0,65.0,pass,20.0,24.0,0
105922,2917.0,967.0,1.0,0,10.0,51.0,run,20.0,24.0,1
106104,2939.0,927.0,2.0,0,7.0,48.0,pass,20.0,24.0,0
106140,2984.0,900.0,3.0,0,10.0,51.0,pass,20.0,24.0,0
106221,3027.0,886.0,1.0,0,10.0,87.0,pass,24.0,20.0,0
106417,3052.0,843.0,2.0,0,2.0,79.0,run,24.0,20.0,1
106561,3074.0,804.0,3.0,0,1.0,78.0,run,24.0,20.0,1
106642,3125.0,747.0,1.0,0,5.0,72.0,run,24.0,20.0,1
106786,3147.0,705.0,2.0,0,1.0,68.0,run,24.0,20.0,1
106867,3169.0,665.0,3.0,0,1.0,68.0,run,24.0,20.0,1
106948,3191.0,621.0,1.0,0,10.0,67.0,pass,24.0,20.0,0
107069,3219.0,586.0,2.0,0,3.0,60.0,pass,24.0,20.0,0
107238,3244.0,551.0,1.0,0,10.0,55.0,run,24.0,20.0,1
107394,3266.0,506.0,2.0,0,14.0,59.0,pass,24.0,20.0,0
107514,3296.0,498.0,3.0,0,14.0,59.0,pass,24.0,20.0,0
107998,3364.0,440.0,1.0,0,10.0,89.0,pass,20.0,24.0,0
108167,3399.0,410.0,1.0,0,10.0,76.0,run,20.0,24.0,1
108216,3425.0,372.0,2.0,0,12.0,78.0,pass,20.0,24.0,0
108297,3451.0,325.0,3.0,0,10.0,76.0,pass,20.0,24.0,0
108471,3530.0,242.0,2.0,0,10.0,76.0,run,24.0,20.0,1
108640,3562.0,235.0,3.0,0,7.0,73.0,pass,24.0,20.0,0
108682,3606.0,182.0,1.0,0,10.0,82.0,pass,20.0,24.0,0
108878,3643.0,177.0,2.0,0,5.0,77.0,pass,20.0,24.0,0
108927,3671.0,172.0,3.0,0,5.0,77.0,pass,20.0,24.0,0
109216,3701.0,167.0,1.0,0,10.0,62.0,pass,20.0,24.0,0
109540,3724.0,160.0,2.0,0,10.0,62.0,pass,20.0,24.0,0
109621,3747.0,153.0,3.0,0,10.0,62.0,pass,20.0,24.0,0
109963,3772.0,120.0,4.0,0,3.0,55.0,pass,20.0,24.0,0
109999,3802.0,114.0,1.0,0,10.0,44.0,run,24.0,20.0,1
110029,3824.0,111.0,2.0,0,11.0,45.0,pass,24.0,20.0,0
110078,3861.0,105.0,3.0,0,3.0,37.0,run,24.0,20.0,1
110178,79.0,1795.0,1.0,0,10.0,83.0,run,0.0,0.0,1
110322,101.0,1752.0,2.0,0,9.0,82.0,pass,0.0,0.0,0
110371,142.0,1733.0,1.0,0,10.0,62.0,run,0.0,0.0,1
110492,164.0,1693.0,2.0,0,10.0,62.0,pass,0.0,0.0,0
110916,212.0,1645.0,1.0,0,10.0,46.0,run,0.0,0.0,1
111060,234.0,1612.0,2.0,0,8.0,44.0,pass,0.0,0.0,0
111160,259.0,1575.0,3.0,0,6.0,42.0,pass,0.0,0.0,0
111260,289.0,1533.0,1.0,0,10.0,31.0,run,0.0,0.0,1
111516,322.0,1513.0,1.0,0,10.0,16.0,pass,0.0,0.0,0
111626,352.0,1477.0,2.0,0,9.0,15.0,pass,0.0,0.0,0
111822,375.0,1471.0,3.0,0,9.0,15.0,pass,0.0,0.0,0
111858,446.0,1462.0,1.0,0,10.0,76.0,run,0.0,7.0,1
112054,468.0,1419.0,2.0,0,9.0,75.0,pass,0.0,7.0,0
112175,493.0,1372.0,3.0,0,7.0,73.0,pass,0.0,7.0,0
112224,583.0,1312.0,1.0,0,10.0,52.0,pass,7.0,0.0,0
112393,613.0,1309.0,2.0,0,10.0,52.0,run,7.0,0.0,1
112562,635.0,1265.0,3.0,0,7.0,49.0,pass,7.0,0.0,0
112662,660.0,1226.0,1.0,0,10.0,23.0,run,7.0,0.0,1
112794,683.0,1186.0,2.0,0,5.0,18.0,pass,7.0,0.0,0
112990,713.0,1146.0,3.0,0,3.0,16.0,pass,7.0,0.0,0
113198,872.0,1072.0,2.0,0,1.0,81.0,run,0.0,10.0,1
113298,894.0,1034.0,1.0,0,10.0,76.0,pass,0.0,10.0,0
113362,919.0,993.0,2.0,0,12.0,78.0,pass,0.0,10.0,0
113506,989.0,982.0,1.0,0,10.0,59.0,run,0.0,10.0,1
113570,1011.0,945.0,2.0,0,5.0,54.0,run,0.0,10.0,1
113691,1053.0,900.0,3.0,0,1.0,50.0,run,0.0,10.0,1
113860,1075.0,864.0,1.0,0,10.0,48.0,run,0.0,10.0,1
114056,1097.0,821.0,2.0,0,11.0,49.0,pass,0.0,10.0,0
114156,1143.0,796.0,1.0,0,10.0,30.0,run,0.0,10.0,1
114236,1175.0,750.0,2.0,0,7.0,27.0,run,0.0,10.0,1
114525,1197.0,707.0,3.0,0,5.0,25.0,pass,0.0,10.0,0
114694,1222.0,667.0,1.0,0,10.0,17.0,pass,0.0,10.0,0
114863,1247.0,620.0,2.0,0,5.0,12.0,run,0.0,10.0,1
115032,1269.0,576.0,3.0,0,5.0,12.0,pass,0.0,10.0,0
115288,1336.0,567.0,1.0,0,10.0,65.0,pass,10.0,3.0,0
115330,1361.0,519.0,1.0,0,10.0,17.0,pass,10.0,3.0,0
115451,1432.0,509.0,1.0,0,10.0,71.0,pass,3.0,17.0,0
115595,1457.0,473.0,2.0,0,4.0,65.0,run,3.0,17.0,1
115764,1479.0,436.0,3.0,0,1.0,62.0,pass,3.0,17.0,0
116020,1504.0,392.0,1.0,0,10.0,55.0,run,3.0,17.0,1
116189,1526.0,356.0,2.0,0,4.0,49.0,run,3.0,17.0,1
116333,1548.0,312.0,3.0,0,2.0,47.0,pass,3.0,17.0,0
116502,1573.0,268.0,1.0,0,10.0,38.0,run,3.0,17.0,1
116538,1595.0,232.0,2.0,0,10.0,38.0,pass,3.0,17.0,0
116587,1620.0,188.0,3.0,0,6.0,34.0,pass,3.0,17.0,0
116756,1645.0,144.0,4.0,0,2.0,30.0,pass,3.0,17.0,0
117080,1681.0,120.0,1.0,0,10.0,19.0,pass,3.0,17.0,0
117180,1711.0,114.0,2.0,0,10.0,19.0,run,3.0,17.0,1
117301,1733.0,72.0,3.0,0,7.0,16.0,pass,3.0,17.0,0
117445,1760.0,70.0,1.0,0,10.0,87.0,pass,17.0,3.0,0
117545,1797.0,66.0,2.0,0,5.0,82.0,pass,17.0,3.0,0
117689,1822.0,28.0,3.0,0,1.0,78.0,run,17.0,3.0,1
117833,1944.0,1796.0,1.0,0,10.0,68.0,pass,3.0,17.0,0
117897,1974.0,1763.0,2.0,0,5.0,63.0,pass,3.0,17.0,0
118007,1999.0,1714.0,1.0,0,10.0,31.0,pass,3.0,17.0,0
118128,2024.0,1670.0,2.0,0,9.0,30.0,run,3.0,17.0,1
118209,2046.0,1627.0,3.0,0,5.0,26.0,pass,3.0,17.0,0
118281,2071.0,1579.0,1.0,1,10.0,10.0,pass,3.0,17.0,0
118477,2094.0,1570.0,2.0,1,10.0,10.0,run,3.0,17.0,1
118621,2116.0,1525.0,3.0,1,16.0,16.0,pass,3.0,17.0,0
118765,2191.0,1474.0,1.0,0,10.0,76.0,run,17.0,6.0,1
118846,2223.0,1438.0,2.0,0,4.0,70.0,run,17.0,6.0,1
118927,2245.0,1410.0,3.0,0,1.0,67.0,run,17.0,6.0,1
119715,2416.0,1206.0,3.0,0,6.0,62.0,pass,6.0,17.0,0
119940,2483.0,1155.0,1.0,0,10.0,85.0,pass,17.0,6.0,0
120165,2515.0,1133.0,1.0,0,10.0,71.0,pass,17.0,6.0,0
120309,2540.0,1092.0,2.0,0,6.0,67.0,pass,17.0,6.0,0
120453,2605.0,1071.0,1.0,0,10.0,62.0,pass,17.0,6.0,0
120574,2635.0,1034.0,2.0,0,9.0,61.0,run,17.0,6.0,1
120743,2671.0,993.0,1.0,0,10.0,51.0,run,17.0,6.0,1
120833,2693.0,946.0,2.0,0,6.0,47.0,run,17.0,6.0,1
120997,2783.0,900.0,1.0,0,10.0,92.0,pass,6.0,17.0,0
121241,2825.0,812.0,3.0,0,16.0,98.0,run,6.0,17.0,1
121497,2901.0,760.0,1.0,0,10.0,36.0,pass,17.0,6.0,0
121753,2938.0,721.0,2.0,0,8.0,34.0,run,17.0,6.0,1
121853,2965.0,677.0,1.0,0,10.0,19.0,run,17.0,6.0,1
122022,2987.0,635.0,2.0,0,4.0,13.0,run,17.0,6.0,1
122443,3058.0,505.0,1.0,1,8.0,8.0,run,17.0,6.0,1
122614,3148.0,472.0,1.0,0,10.0,73.0,pass,6.0,24.0,0
122714,3173.0,449.0,2.0,0,3.0,66.0,pass,6.0,24.0,0
122910,3198.0,406.0,3.0,0,2.0,65.0,pass,6.0,24.0,0
123135,3221.0,402.0,4.0,0,2.0,65.0,pass,6.0,24.0,0
123304,3241.0,397.0,1.0,0,10.0,27.0,run,24.0,6.0,1
123404,3270.0,354.0,2.0,0,4.0,21.0,run,24.0,6.0,1
123600,3299.0,310.0,3.0,0,2.0,19.0,run,24.0,6.0,1
123769,3358.0,262.0,1.0,0,10.0,65.0,pass,6.0,27.0,0
124153,3520.0,163.0,1.0,0,5.0,50.0,pass,6.0,27.0,0
124297,3550.0,156.0,1.0,0,10.0,41.0,pass,6.0,27.0,0
124361,3575.0,132.0,2.0,0,3.0,34.0,pass,6.0,27.0,0
124417,3600.0,120.0,1.0,0,10.0,30.0,run,6.0,27.0,1
124538,3634.0,115.0,2.0,0,11.0,31.0,pass,6.0,27.0,0
124763,3659.0,93.0,1.0,0,10.0,20.0,pass,6.0,27.0,0
124948,3705.0,85.0,3.0,0,10.0,20.0,pass,6.0,27.0,0
125173,3730.0,60.0,4.0,0,3.0,13.0,pass,6.0,27.0,0
125283,3850.0,55.0,1.0,0,10.0,49.0,run,27.0,13.0,1
125808,161.0,1721.0,3.0,0,22.0,92.0,run,0.0,0.0,1
126004,209.0,1669.0,1.0,0,10.0,71.0,pass,0.0,0.0,0
126104,246.0,1631.0,2.0,0,6.0,67.0,run,0.0,0.0,1
126248,268.0,1587.0,3.0,0,2.0,63.0,pass,0.0,0.0,0
126504,296.0,1563.0,1.0,0,10.0,60.0,pass,0.0,0.0,0
126604,328.0,1539.0,2.0,0,7.0,57.0,pass,0.0,0.0,0
126725,351.0,1533.0,3.0,0,7.0,57.0,pass,0.0,0.0,0
126907,376.0,1496.0,1.0,0,10.0,47.0,run,0.0,0.0,1
127039,398.0,1453.0,2.0,0,10.0,47.0,run,0.0,0.0,1
127103,420.0,1407.0,3.0,0,9.0,46.0,pass,0.0,0.0,0
127328,466.0,1396.0,1.0,0,10.0,95.0,run,0.0,0.0,1
127584,495.0,1354.0,2.0,0,10.0,95.0,pass,0.0,0.0,0
127665,520.0,1314.0,3.0,0,5.0,90.0,run,0.0,0.0,1
127982,569.0,1230.0,2.0,0,8.0,82.0,pass,0.0,0.0,0
128207,599.0,1188.0,1.0,0,10.0,71.0,pass,0.0,0.0,0
128288,624.0,1148.0,1.0,0,10.0,48.0,run,0.0,0.0,1
129067,847.0,963.0,1.0,0,10.0,75.0,pass,0.0,3.0,0
129211,870.0,959.0,2.0,0,10.0,75.0,run,0.0,3.0,1
129592,948.0,900.0,1.0,0,10.0,48.0,pass,0.0,3.0,0
129656,976.0,860.0,2.0,0,9.0,47.0,run,0.0,3.0,1
129737,1039.0,807.0,3.0,0,12.0,50.0,pass,0.0,3.0,0
129786,1080.0,792.0,1.0,0,10.0,80.0,pass,3.0,0.0,0
129886,1122.0,768.0,2.0,0,3.0,73.0,pass,3.0,0.0,0
129950,1142.0,723.0,3.0,0,16.0,86.0,pass,3.0,0.0,0
130050,1187.0,673.0,1.0,0,10.0,75.0,pass,0.0,3.0,0
130194,1234.0,669.0,2.0,0,10.0,75.0,pass,0.0,3.0,0
130338,1257.0,665.0,3.0,0,10.0,75.0,run,0.0,3.0,1
130718,1310.0,612.0,1.0,0,10.0,46.0,run,3.0,0.0,1
130734,1339.0,576.0,2.0,0,5.0,41.0,run,3.0,0.0,1
130919,1383.0,504.0,2.0,0,7.0,25.0,run,3.0,0.0,1
131191,1405.0,466.0,3.0,0,3.0,21.0,run,3.0,0.0,1
131272,1427.0,422.0,4.0,0,1.0,19.0,run,3.0,0.0,1
131393,1449.0,380.0,1.0,0,10.0,17.0,pass,3.0,0.0,0
131586,1494.0,334.0,3.0,0,8.0,15.0,pass,3.0,0.0,0
131622,1583.0,287.0,1.0,0,10.0,65.0,run,0.0,6.0,1
131791,1605.0,251.0,2.0,0,5.0,60.0,pass,0.0,6.0,0
131891,1630.0,205.0,1.0,0,10.0,41.0,run,0.0,6.0,1
131991,1652.0,163.0,2.0,0,9.0,40.0,run,0.0,6.0,1
132072,1685.0,120.0,1.0,0,10.0,31.0,pass,0.0,6.0,0
132153,1728.0,112.0,1.0,1,7.0,7.0,run,0.0,6.0,1
132290,1791.0,102.0,3.0,1,1.0,1.0,run,0.0,6.0,1
132486,1813.0,57.0,4.0,1,1.0,1.0,run,0.0,6.0,1
132655,1888.0,49.0,1.0,0,10.0,77.0,run,6.0,7.0,1
132787,1910.0,26.0,2.0,0,5.0,72.0,pass,6.0,7.0,0
132859,2019.0,14.0,1.0,0,10.0,49.0,pass,6.0,7.0,0
132901,2047.0,10.0,2.0,0,10.0,49.0,run,6.0,7.0,1
133001,2142.0,1795.0,1.0,0,10.0,68.0,pass,7.0,9.0,0
133325,2167.0,1773.0,2.0,0,13.0,71.0,pass,7.0,9.0,0
133507,2192.0,1735.0,1.0,0,10.0,56.0,run,7.0,9.0,1
133607,2214.0,1697.0,2.0,0,8.0,54.0,pass,7.0,9.0,0
134353,2491.0,1497.0,2.0,0,1.0,54.0,run,9.0,14.0,1
134578,2513.0,1455.0,1.0,0,10.0,51.0,pass,9.0,14.0,0
134627,2533.0,1410.0,2.0,0,22.0,63.0,pass,9.0,14.0,0
134852,2570.0,1403.0,1.0,0,10.0,59.0,run,14.0,9.0,1
135033,2630.0,1340.0,3.0,0,11.0,60.0,run,14.0,9.0,1
135114,2690.0,1295.0,1.0,0,10.0,76.0,run,9.0,14.0,1
135370,2712.0,1259.0,2.0,0,10.0,76.0,pass,9.0,14.0,0
135539,2748.0,1229.0,1.0,0,10.0,61.0,run,9.0,14.0,1
135660,2770.0,1203.0,2.0,0,9.0,60.0,run,9.0,14.0,1
135696,2818.0,1180.0,1.0,0,10.0,50.0,run,9.0,14.0,1
135721,2879.0,1105.0,2.0,0,23.0,63.0,run,9.0,14.0,1
136077,2953.0,1020.0,1.0,0,10.0,87.0,pass,14.0,9.0,0
136177,2978.0,980.0,2.0,0,6.0,83.0,pass,14.0,9.0,0
136258,3003.0,940.0,1.0,0,10.0,70.0,run,14.0,9.0,1
136427,3072.0,900.0,2.0,0,3.0,63.0,pass,14.0,9.0,0
136620,3165.0,858.0,1.0,0,15.0,44.0,pass,14.0,9.0,0
136883,3234.0,753.0,3.0,0,4.0,33.0,pass,14.0,9.0,0
137139,3283.0,725.0,1.0,0,10.0,95.0,pass,9.0,14.0,0
137295,3308.0,692.0,2.0,0,3.0,88.0,run,9.0,14.0,1
137491,3335.0,657.0,1.0,0,10.0,83.0,pass,9.0,14.0,0
137770,3390.0,612.0,3.0,0,9.0,82.0,pass,9.0,14.0,0
137966,3446.0,555.0,1.0,0,10.0,66.0,pass,14.0,9.0,0
138162,3488.0,516.0,2.0,0,5.0,61.0,pass,14.0,9.0,0
138523,3511.0,511.0,3.0,0,5.0,61.0,pass,14.0,9.0,0
139054,3571.0,433.0,2.0,0,6.0,48.0,pass,14.0,9.0,0
139103,3599.0,386.0,1.0,0,10.0,23.0,run,14.0,9.0,1
139272,3621.0,344.0,2.0,0,5.0,18.0,run,14.0,9.0,1
139346,3665.0,257.0,1.0,0,10.0,12.0,pass,14.0,9.0,0
139606,3788.0,244.0,2.0,0,4.0,75.0,run,9.0,14.0,1
139706,3810.0,208.0,1.0,0,10.0,65.0,run,9.0,14.0,1
139755,3832.0,173.0,2.0,0,1.0,56.0,run,9.0,14.0,1
140011,3888.0,147.0,1.0,0,15.0,60.0,pass,9.0,14.0,0
140092,3913.0,128.0,2.0,0,11.0,56.0,pass,9.0,14.0,0
140212,3970.0,117.0,1.0,0,10.0,41.0,pass,9.0,14.0,0
140261,4007.0,111.0,1.0,0,10.0,25.0,pass,9.0,14.0,0
140457,4086.0,98.0,1.0,0,20.0,86.0,run,14.0,9.0,1
140729,4114.0,93.0,2.0,0,16.0,82.0,run,14.0,9.0,1
140778,4137.0,87.0,3.0,0,8.0,74.0,pass,14.0,9.0,0
140991,123.0,1720.0,3.0,0,6.0,72.0,pass,0.0,0.0,0
141091,171.0,1706.0,1.0,0,10.0,68.0,run,0.0,0.0,1
141212,193.0,1668.0,2.0,0,4.0,62.0,pass,0.0,0.0,0
141437,223.0,1622.0,1.0,0,10.0,29.0,pass,0.0,0.0,0
141537,248.0,1587.0,2.0,0,1.0,20.0,run,0.0,0.0,1
141618,270.0,1551.0,1.0,0,10.0,12.0,run,0.0,0.0,1
141762,292.0,1508.0,2.0,0,7.0,9.0,pass,0.0,0.0,0
141944,346.0,1456.0,3.0,0,3.0,5.0,pass,0.0,0.0,0
142088,427.0,1451.0,1.0,0,10.0,65.0,run,0.0,7.0,1
142209,454.0,1411.0,1.0,0,10.0,54.0,run,0.0,7.0,1
142434,476.0,1377.0,2.0,0,9.0,53.0,pass,0.0,7.0,0
142828,550.0,1280.0,2.0,0,9.0,42.0,pass,0.0,7.0,0
143228,623.0,1261.0,1.0,0,10.0,98.0,pass,7.0,0.0,0
143284,653.0,1255.0,2.0,0,10.0,98.0,pass,7.0,0.0,0
143333,678.0,1218.0,3.0,0,2.0,90.0,run,7.0,0.0,1
143382,726.0,1168.0,1.0,0,10.0,58.0,pass,0.0,7.0,0
143503,756.0,1162.0,2.0,0,10.0,58.0,run,0.0,7.0,1
143924,821.0,1107.0,1.0,0,10.0,79.0,pass,7.0,0.0,0
144024,866.0,1073.0,1.0,0,10.0,56.0,pass,7.0,0.0,0
144033,889.0,1067.0,2.0,0,10.0,56.0,run,7.0,0.0,1
144082,911.0,1022.0,1.0,0,10.0,45.0,pass,7.0,0.0,0
144203,936.0,977.0,1.0,0,10.0,32.0,pass,7.0,0.0,0
144239,1059.0,900.0,1.0,0,30.0,35.0,pass,7.0,0.0,0
144383,1084.0,874.0,2.0,0,25.0,30.0,pass,7.0,0.0,0
144593,1107.0,869.0,3.0,0,25.0,30.0,pass,7.0,0.0,0
144693,1193.0,820.0,1.0,0,10.0,66.0,pass,0.0,10.0,0
145370,1266.0,732.0,4.0,0,1.0,57.0,run,0.0,10.0,1
145694,1290.0,687.0,1.0,0,10.0,51.0,run,0.0,10.0,1
145750,1312.0,653.0,2.0,0,4.0,45.0,pass,0.0,10.0,0
146006,1342.0,613.0,1.0,0,10.0,41.0,run,0.0,10.0,1
146055,1369.0,575.0,2.0,0,6.0,37.0,pass,0.0,10.0,0
146379,1394.0,532.0,3.0,0,1.0,32.0,pass,0.0,10.0,0
146443,1433.0,525.0,4.0,0,1.0,32.0,pass,0.0,10.0,0
146612,1518.0,465.0,1.0,0,20.0,36.0,pass,0.0,10.0,0
146781,1543.0,427.0,2.0,0,4.0,20.0,run,0.0,10.0,1
146845,1565.0,382.0,1.0,1,10.0,10.0,pass,0.0,10.0,0
146926,1588.0,378.0,2.0,1,10.0,10.0,pass,0.0,10.0,0
147151,1613.0,336.0,3.0,1,9.0,9.0,pass,0.0,10.0,0
147347,1677.0,290.0,1.0,0,10.0,65.0,run,10.0,3.0,1
147363,1699.0,251.0,2.0,0,7.0,62.0,pass,10.0,3.0,0
147484,1722.0,247.0,3.0,0,7.0,62.0,pass,10.0,3.0,0
147773,1747.0,210.0,1.0,0,10.0,53.0,run,10.0,3.0,1
147894,1769.0,165.0,2.0,0,11.0,54.0,pass,10.0,3.0,0
148038,1794.0,120.0,1.0,0,10.0,31.0,pass,10.0,3.0,0
148327,1824.0,114.0,2.0,0,10.0,31.0,run,10.0,3.0,1
148496,1846.0,108.0,3.0,0,6.0,27.0,pass,10.0,3.0,0
148907,1954.0,54.0,3.0,0,16.0,26.0,run,10.0,3.0,1
149017,2038.0,40.0,1.0,0,10.0,71.0,pass,3.0,13.0,0
149273,2086.0,21.0,2.0,0,10.0,33.0,pass,3.0,13.0,0
149596,2157.0,17.0,3.0,0,20.0,43.0,pass,3.0,13.0,0
150761,2420.0,1686.0,1.0,0,20.0,79.0,pass,6.0,13.0,0
150930,2445.0,1644.0,2.0,0,6.0,65.0,run,6.0,13.0,1
151186,2467.0,1606.0,3.0,0,2.0,61.0,pass,6.0,13.0,0
151442,2497.0,1576.0,1.0,0,10.0,48.0,pass,6.0,13.0,0
151491,2546.0,1513.0,2.0,0,8.0,46.0,pass,6.0,13.0,0
151612,2569.0,1510.0,3.0,0,8.0,46.0,run,6.0,13.0,1
151881,2621.0,1446.0,2.0,0,8.0,29.0,pass,6.0,13.0,0
152025,2646.0,1410.0,3.0,0,1.0,22.0,run,6.0,13.0,1
152250,2679.0,1391.0,1.0,0,10.0,11.0,run,6.0,13.0,1
152350,2747.0,1378.0,1.0,0,10.0,74.0,run,13.0,12.0,1
152487,2789.0,1289.0,3.0,0,15.0,79.0,pass,13.0,12.0,0
152543,2814.0,1246.0,4.0,0,1.0,65.0,run,13.0,12.0,1
152633,2870.0,1194.0,1.0,0,15.0,66.0,run,13.0,12.0,1
153367,2964.0,1024.0,2.0,0,5.0,23.0,run,13.0,12.0,1
153467,2986.0,985.0,1.0,0,10.0,18.0,run,13.0,12.0,1
153636,3008.0,942.0,2.0,0,3.0,11.0,pass,13.0,12.0,0
153757,3034.0,936.0,3.0,0,3.0,11.0,pass,13.0,12.0,0
153925,3113.0,925.0,1.0,0,10.0,65.0,run,12.0,20.0,1
154081,3155.0,900.0,2.0,0,5.0,60.0,pass,12.0,20.0,0
154291,3180.0,896.0,3.0,0,5.0,60.0,pass,12.0,20.0,0
154547,3205.0,855.0,1.0,0,10.0,48.0,run,12.0,20.0,1
154789,3252.0,773.0,3.0,0,4.0,42.0,run,12.0,20.0,1
154958,3274.0,730.0,1.0,0,10.0,37.0,pass,12.0,20.0,0
155127,3343.0,719.0,1.0,0,10.0,74.0,pass,20.0,18.0,0
155176,3368.0,673.0,2.0,0,3.0,67.0,pass,20.0,18.0,0
155332,3396.0,636.0,1.0,0,10.0,63.0,run,20.0,18.0,1
155816,3418.0,592.0,2.0,0,11.0,64.0,pass,20.0,18.0,0
155937,3443.0,551.0,3.0,0,7.0,60.0,pass,20.0,18.0,0
156081,3468.0,511.0,1.0,0,10.0,51.0,pass,20.0,18.0,0
156181,3498.0,470.0,2.0,0,4.0,45.0,pass,20.0,18.0,0
156406,3548.0,389.0,2.0,0,1.0,25.0,run,20.0,18.0,1
156550,3570.0,351.0,3.0,0,1.0,25.0,run,20.0,18.0,1
156746,3594.0,309.0,1.0,0,10.0,23.0,pass,20.0,18.0,0
156867,3676.0,297.0,1.0,0,10.0,72.0,pass,18.0,27.0,0
156909,3703.0,276.0,2.0,0,11.0,73.0,pass,18.0,27.0,0
157053,3728.0,255.0,1.0,0,10.0,61.0,pass,18.0,27.0,0
157134,3758.0,251.0,2.0,0,6.0,57.0,pass,18.0,27.0,0
157183,3783.0,211.0,3.0,0,7.0,58.0,pass,18.0,27.0,0
157352,3806.0,204.0,4.0,0,7.0,58.0,pass,18.0,27.0,0
157548,3831.0,168.0,1.0,1,9.0,9.0,pass,18.0,27.0,0
157788,3854.0,164.0,2.0,1,9.0,9.0,pass,18.0,27.0,0
157984,3877.0,161.0,3.0,1,9.0,9.0,pass,18.0,27.0,0
158056,3944.0,154.0,1.0,0,10.0,80.0,pass,27.0,21.0,0
158200,3969.0,146.0,1.0,0,10.0,62.0,run,27.0,21.0,1
158344,3998.0,141.0,2.0,0,9.0,61.0,pass,27.0,21.0,0
158400,4025.0,134.0,3.0,0,14.0,66.0,run,27.0,21.0,1
165899,110.0,1727.0,2.0,0,1.0,34.0,pass,0.0,0.0,0
166860,140.0,1689.0,1.0,0,10.0,25.0,run,0.0,0.0,1
166981,162.0,1648.0,2.0,0,6.0,21.0,pass,0.0,0.0,0
167250,280.0,1631.0,1.0,0,10.0,53.0,run,0.0,7.0,1
167314,302.0,1587.0,2.0,0,9.0,52.0,run,0.0,7.0,1
167539,324.0,1546.0,3.0,0,8.0,51.0,pass,0.0,7.0,0
167620,367.0,1534.0,1.0,0,10.0,95.0,run,7.0,0.0,1
167966,419.0,1490.0,3.0,0,1.0,86.0,pass,7.0,0.0,0
168162,449.0,1455.0,1.0,0,10.0,82.0,pass,7.0,0.0,0
168262,469.0,1413.0,2.0,0,15.0,87.0,pass,7.0,0.0,0
168362,494.0,1376.0,1.0,0,10.0,63.0,run,7.0,0.0,1
168452,516.0,1341.0,2.0,0,10.0,63.0,pass,7.0,0.0,0
168608,539.0,1335.0,3.0,0,10.0,63.0,pass,7.0,0.0,0
168689,564.0,1294.0,1.0,0,10.0,40.0,pass,7.0,0.0,0
168885,598.0,1290.0,2.0,0,10.0,40.0,pass,7.0,0.0,0
169029,661.0,1282.0,1.0,0,5.0,77.0,run,0.0,7.0,1
169297,705.0,1198.0,1.0,0,10.0,72.0,pass,0.0,7.0,0
169586,725.0,1162.0,2.0,0,11.0,73.0,pass,0.0,7.0,0
169667,750.0,1126.0,1.0,0,10.0,46.0,pass,0.0,7.0,0
170055,796.0,1114.0,3.0,0,10.0,46.0,pass,0.0,7.0,0
170251,824.0,1077.0,1.0,0,10.0,22.0,run,0.0,7.0,1
170395,851.0,1041.0,2.0,0,3.0,15.0,pass,0.0,7.0,0
170760,898.0,971.0,2.0,1,2.0,2.0,pass,0.0,7.0,0
170881,939.0,966.0,3.0,1,2.0,2.0,pass,0.0,7.0,0
170962,1010.0,957.0,1.0,0,10.0,69.0,run,7.0,7.0,1
171342,1032.0,917.0,2.0,0,7.0,66.0,run,7.0,7.0,1
171666,1079.0,900.0,3.0,0,8.0,67.0,pass,7.0,7.0,0
171738,1170.0,826.0,1.0,0,20.0,84.0,pass,7.0,7.0,0
171802,1198.0,786.0,2.0,0,15.0,79.0,pass,7.0,7.0,0
171902,1223.0,752.0,3.0,0,1.0,65.0,run,7.0,7.0,1
172023,1261.0,736.0,1.0,0,10.0,51.0,run,7.0,7.0,1
172248,1283.0,699.0,2.0,0,7.0,48.0,pass,7.0,7.0,0
172572,1308.0,674.0,1.0,0,10.0,29.0,pass,7.0,7.0,0
172728,1331.0,669.0,2.0,0,10.0,29.0,pass,7.0,7.0,0
173135,1378.0,592.0,2.0,0,12.0,17.0,pass,7.0,7.0,0
173304,1425.0,588.0,3.0,0,17.0,22.0,pass,7.0,7.0,0
173376,1471.0,547.0,1.0,0,10.0,70.0,run,7.0,7.0,1
173586,1500.0,509.0,2.0,0,10.0,70.0,pass,7.0,7.0,0
173686,1525.0,473.0,3.0,0,6.0,66.0,pass,7.0,7.0,0
173842,1618.0,441.0,1.0,0,20.0,83.0,pass,7.0,7.0,0
174067,1668.0,358.0,1.0,0,10.0,56.0,run,7.0,7.0,1
174336,1712.0,289.0,3.0,0,1.0,47.0,run,7.0,7.0,1
174492,1775.0,240.0,1.0,0,10.0,25.0,pass,7.0,7.0,0
174602,1800.0,194.0,2.0,0,14.0,29.0,run,7.0,7.0,1
175002,1904.0,111.0,1.0,0,10.0,64.0,pass,7.0,10.0,0
175146,1927.0,107.0,2.0,0,10.0,64.0,pass,7.0,10.0,0
175182,1947.0,102.0,3.0,0,20.0,74.0,pass,7.0,10.0,0
175218,2027.0,85.0,1.0,0,10.0,74.0,run,10.0,7.0,1
175659,2049.0,59.0,2.0,0,6.0,70.0,pass,10.0,7.0,0
175759,2079.0,53.0,3.0,0,1.0,65.0,run,10.0,7.0,1
176015,2127.0,39.0,1.0,0,10.0,74.0,pass,7.0,10.0,0
176256,2194.0,26.0,1.0,0,10.0,62.0,run,7.0,10.0,1
176425,2228.0,16.0,1.0,0,10.0,51.0,pass,7.0,10.0,0
176621,2358.0,1795.0,1.0,0,10.0,88.0,pass,10.0,7.0,0
176817,2393.0,1762.0,2.0,0,4.0,82.0,pass,10.0,7.0,0
177073,2423.0,1723.0,1.0,0,10.0,72.0,pass,10.0,7.0,0
177154,2448.0,1695.0,2.0,0,3.0,65.0,pass,10.0,7.0,0
177350,2473.0,1668.0,1.0,0,10.0,55.0,run,10.0,7.0,1
177414,2495.0,1643.0,2.0,0,7.0,52.0,pass,10.0,7.0,0
177610,2522.0,1634.0,1.0,0,10.0,71.0,pass,7.0,10.0,0
177731,2554.0,1594.0,1.0,0,10.0,48.0,pass,7.0,10.0,0
177941,2590.0,1569.0,1.0,0,10.0,14.0,run,7.0,10.0,1
178041,2615.0,1530.0,2.0,0,6.0,10.0,pass,7.0,10.0,0
178210,2640.0,1484.0,1.0,1,3.0,3.0,run,7.0,10.0,1
178274,2718.0,1479.0,1.0,0,10.0,60.0,pass,10.0,14.0,0
178338,2741.0,1475.0,2.0,0,10.0,60.0,pass,10.0,14.0,0
178428,2771.0,1436.0,3.0,0,11.0,61.0,pass,10.0,14.0,0
178582,2856.0,1378.0,1.0,0,10.0,50.0,run,14.0,10.0,1
178624,2878.0,1341.0,2.0,0,11.0,51.0,pass,14.0,10.0,0
178724,2898.0,1300.0,3.0,0,20.0,60.0,pass,14.0,10.0,0
178824,2950.0,1285.0,1.0,0,10.0,75.0,run,10.0,14.0,1
179101,3009.0,1212.0,3.0,0,5.0,70.0,pass,10.0,14.0,0
179283,3066.0,1167.0,1.0,0,10.0,84.0,pass,14.0,10.0,0
179452,3091.0,1136.0,1.0,0,10.0,73.0,pass,14.0,10.0,0
179533,3121.0,1110.0,1.0,0,10.0,35.0,pass,14.0,10.0,0
179643,3183.0,1045.0,2.0,0,22.0,47.0,run,14.0,10.0,1
179864,3307.0,945.0,1.0,0,15.0,74.0,pass,10.0,17.0,0
179889,3332.0,907.0,2.0,0,5.0,64.0,pass,10.0,17.0,0
180046,3400.0,900.0,1.0,0,10.0,55.0,run,10.0,17.0,1
180167,3422.0,871.0,2.0,0,7.0,52.0,pass,10.0,17.0,0
180231,3457.0,862.0,3.0,0,7.0,52.0,pass,10.0,17.0,0
180295,3502.0,813.0,1.0,0,10.0,88.0,pass,17.0,10.0,0
180584,3539.0,782.0,2.0,0,2.0,80.0,run,17.0,10.0,1
180684,3566.0,737.0,3.0,0,1.0,79.0,run,17.0,10.0,1
180805,3593.0,692.0,1.0,0,10.0,75.0,pass,17.0,10.0,0
180926,3628.0,654.0,1.0,0,10.0,47.0,pass,17.0,10.0,0
181250,3651.0,647.0,2.0,0,10.0,47.0,run,17.0,10.0,1
181371,3673.0,604.0,3.0,0,5.0,42.0,pass,17.0,10.0,0
181452,3698.0,565.0,4.0,0,1.0,38.0,pass,17.0,10.0,0
181552,3723.0,526.0,1.0,0,10.0,30.0,run,17.0,10.0,1
181734,3745.0,491.0,2.0,0,4.0,24.0,run,17.0,10.0,1
181855,3767.0,453.0,3.0,0,1.0,21.0,run,17.0,10.0,1
181955,3839.0,400.0,1.0,0,10.0,72.0,pass,10.0,20.0,0
182004,3862.0,396.0,2.0,0,10.0,72.0,pass,10.0,20.0,0
182068,3887.0,375.0,1.0,0,10.0,56.0,pass,10.0,20.0,0
182293,3917.0,334.0,2.0,0,18.0,64.0,pass,10.0,20.0,0
182489,3940.0,330.0,3.0,0,18.0,64.0,pass,10.0,20.0,0
182795,4042.0,288.0,1.0,0,15.0,70.0,run,20.0,10.0,1
182991,4069.0,251.0,2.0,0,16.0,71.0,run,20.0,10.0,1
183216,4091.0,203.0,3.0,0,20.0,75.0,pass,20.0,10.0,0
183385,4116.0,177.0,1.0,0,10.0,39.0,run,20.0,10.0,1
183641,4145.0,133.0,2.0,0,10.0,39.0,run,20.0,10.0,1
183677,4167.0,120.0,3.0,0,11.0,40.0,run,20.0,10.0,1
183693,4221.0,108.0,1.0,0,10.0,80.0,pass,10.0,20.0,0
183729,4246.0,102.0,1.0,0,10.0,61.0,pass,10.0,20.0,0
183754,4271.0,83.0,2.0,0,2.0,53.0,pass,10.0,20.0,0
183790,4294.0,77.0,3.0,0,2.0,53.0,pass,10.0,20.0,0
183839,4324.0,69.0,4.0,0,2.0,53.0,pass,10.0,20.0,0
183888,4349.0,64.0,1.0,0,10.0,50.0,pass,10.0,20.0,0
183924,4374.0,42.0,1.0,0,10.0,38.0,pass,10.0,20.0,0
183949,4399.0,35.0,1.0,0,10.0,26.0,pass,10.0,20.0,0
183985,4422.0,30.0,2.0,0,10.0,26.0,pass,10.0,20.0,0
190890,93.0,1760.0,1.0,0,10.0,54.0,pass,0.0,0.0,0
190915,116.0,1756.0,2.0,0,10.0,54.0,pass,0.0,0.0,0
191305,196.0,1627.0,1.0,0,10.0,11.0,run,0.0,0.0,1
191726,241.0,1585.0,3.0,0,8.0,9.0,run,0.0,0.0,1
191870,318.0,1530.0,1.0,0,10.0,55.0,run,0.0,3.0,1
192320,365.0,1468.0,1.0,0,10.0,42.0,run,0.0,3.0,1
192644,387.0,1434.0,2.0,0,12.0,44.0,pass,0.0,3.0,0
192788,422.0,1401.0,3.0,0,8.0,40.0,pass,0.0,3.0,0
192898,462.0,1392.0,1.0,0,10.0,84.0,run,3.0,0.0,1
193042,491.0,1353.0,2.0,0,4.0,78.0,run,3.0,0.0,1
193298,518.0,1312.0,3.0,0,3.0,77.0,pass,3.0,0.0,0
193354,543.0,1281.0,1.0,0,10.0,71.0,run,3.0,0.0,1
193475,565.0,1241.0,2.0,0,7.0,68.0,pass,3.0,0.0,0
193619,590.0,1200.0,3.0,0,1.0,62.0,run,3.0,0.0,1
193740,614.0,1161.0,1.0,0,10.0,59.0,run,3.0,0.0,1
193840,636.0,1122.0,1.0,0,10.0,46.0,run,3.0,0.0,1
194129,658.0,1084.0,2.0,0,9.0,45.0,pass,3.0,0.0,0
194735,727.0,957.0,3.0,0,1.0,20.0,run,3.0,0.0,1
194960,749.0,916.0,1.0,0,10.0,17.0,pass,3.0,0.0,0
195185,800.0,900.0,2.0,0,20.0,27.0,pass,3.0,0.0,0
195727,928.0,854.0,1.0,0,10.0,42.0,pass,10.0,0.0,0
196016,965.0,834.0,1.0,0,10.0,24.0,pass,10.0,0.0,0
196185,990.0,802.0,1.0,1,4.0,4.0,run,10.0,0.0,1
196275,1012.0,761.0,2.0,1,2.0,2.0,run,10.0,0.0,1
196339,1034.0,725.0,3.0,1,1.0,1.0,run,10.0,0.0,1
196483,1102.0,717.0,1.0,0,10.0,76.0,pass,0.0,17.0,0
197965,1239.0,501.0,2.0,0,17.0,57.0,pass,0.0,17.0,0
198029,1271.0,454.0,3.0,0,8.0,48.0,pass,0.0,17.0,0
198110,1311.0,406.0,1.0,0,10.0,88.0,pass,17.0,0.0,0
198370,1371.0,339.0,1.0,0,10.0,77.0,pass,17.0,0.0,0
198626,1401.0,336.0,2.0,0,10.0,77.0,pass,17.0,0.0,0
198726,1426.0,298.0,3.0,0,5.0,72.0,pass,17.0,0.0,0
198836,1491.0,244.0,1.0,0,10.0,64.0,pass,17.0,0.0,0
198980,1521.0,239.0,2.0,0,10.0,64.0,pass,17.0,0.0,0
199236,1544.0,233.0,3.0,0,10.0,64.0,pass,17.0,0.0,0
199357,1585.0,213.0,1.0,0,10.0,50.0,run,17.0,0.0,1
199597,1607.0,173.0,2.0,0,9.0,49.0,run,17.0,0.0,1
199977,1629.0,169.0,3.0,0,10.0,50.0,pass,17.0,0.0,0
200077,1666.0,162.0,4.0,0,2.0,42.0,pass,17.0,0.0,0
200221,1698.0,120.0,1.0,0,10.0,36.0,run,17.0,0.0,1
200463,1749.0,41.0,2.0,0,7.0,18.0,run,17.0,0.0,1
200703,1771.0,36.0,3.0,0,2.0,13.0,run,17.0,0.0,1
200982,1908.0,1756.0,2.0,0,4.0,62.0,pass,0.0,20.0,0
201376,1955.0,1677.0,1.0,0,10.0,56.0,pass,0.0,20.0,0
201544,1980.0,1633.0,2.0,0,9.0,55.0,pass,0.0,20.0,0
201769,2008.0,1590.0,3.0,0,3.0,49.0,pass,0.0,20.0,0
202057,2082.0,1557.0,1.0,0,10.0,22.0,pass,20.0,0.0,0
202282,2107.0,1520.0,2.0,0,5.0,17.0,run,20.0,0.0,1
202478,2129.0,1478.0,1.0,0,10.0,11.0,run,20.0,0.0,1
202559,2184.0,1403.0,2.0,0,13.0,14.0,pass,20.0,0.0,0
202876,2287.0,1345.0,1.0,0,10.0,75.0,pass,0.0,23.0,0
202986,2312.0,1306.0,1.0,0,10.0,54.0,pass,0.0,23.0,0
203155,2337.0,1269.0,2.0,0,6.0,50.0,run,0.0,23.0,1
203351,2362.0,1230.0,1.0,0,10.0,35.0,pass,0.0,23.0,0
203495,2387.0,1185.0,2.0,0,6.0,31.0,pass,0.0,23.0,0
203968,2456.0,1170.0,1.0,0,10.0,69.0,pass,23.0,0.0,0
204100,2488.0,1132.0,1.0,0,10.0,54.0,run,23.0,0.0,1
204200,2510.0,1087.0,2.0,0,4.0,48.0,run,23.0,0.0,1
204321,2532.0,1040.0,3.0,0,2.0,46.0,pass,23.0,0.0,0
204577,2555.0,1036.0,4.0,0,2.0,46.0,run,23.0,0.0,1
204721,2652.0,950.0,1.0,0,30.0,60.0,run,23.0,0.0,1
205133,2732.0,900.0,2.0,0,4.0,38.0,run,23.0,0.0,1
205329,2754.0,855.0,1.0,0,10.0,26.0,run,23.0,0.0,1
205525,2776.0,816.0,2.0,0,13.0,29.0,run,23.0,0.0,1
205750,2798.0,773.0,3.0,0,3.0,19.0,run,23.0,0.0,1
205975,2820.0,731.0,4.0,0,1.0,17.0,run,23.0,0.0,1
206231,2842.0,689.0,1.0,0,10.0,16.0,run,23.0,0.0,1
206295,2864.0,659.0,1.0,1,1.0,1.0,run,23.0,0.0,1
206416,2886.0,616.0,2.0,1,1.0,1.0,run,23.0,0.0,1
206497,2954.0,611.0,1.0,0,10.0,65.0,run,0.0,30.0,1
206618,2976.0,568.0,2.0,0,1.0,56.0,pass,0.0,30.0,0
206814,3006.0,528.0,1.0,0,10.0,40.0,run,0.0,30.0,1
206904,3028.0,488.0,2.0,0,3.0,33.0,pass,0.0,30.0,0
207160,3051.0,480.0,3.0,0,3.0,33.0,run,0.0,30.0,1
207304,3078.0,440.0,1.0,1,7.0,7.0,run,0.0,30.0,1
207368,3100.0,398.0,2.0,1,6.0,6.0,pass,0.0,30.0,0
207417,3123.0,395.0,3.0,1,6.0,6.0,pass,0.0,30.0,0
207453,3170.0,389.0,4.0,1,11.0,11.0,pass,0.0,30.0,0
207911,3277.0,336.0,2.0,0,5.0,46.0,run,30.0,8.0,1
207960,3302.0,291.0,3.0,0,4.0,45.0,pass,30.0,8.0,0
208128,3349.0,201.0,2.0,0,10.0,30.0,run,30.0,8.0,1
208272,3371.0,194.0,3.0,0,10.0,30.0,run,30.0,8.0,1
208393,3450.0,138.0,1.0,0,10.0,66.0,pass,8.0,33.0,0
208474,3475.0,120.0,2.0,0,4.0,60.0,pass,8.0,33.0,0
208643,3505.0,116.0,3.0,0,4.0,60.0,pass,8.0,33.0,0
208961,3581.0,86.0,3.0,0,10.0,51.0,pass,8.0,33.0,0
209939,64.0,1793.0,1.0,0,10.0,75.0,run,0.0,0.0,1
210060,91.0,1757.0,2.0,0,7.0,72.0,pass,0.0,0.0,0
210124,125.0,1720.0,3.0,0,2.0,67.0,pass,0.0,0.0,0
210309,201.0,1635.0,2.0,0,7.0,58.0,pass,0.0,0.0,0
210430,226.0,1589.0,1.0,0,10.0,50.0,run,0.0,0.0,1
210599,250.0,1547.0,2.0,0,6.0,46.0,pass,0.0,0.0,0
210768,275.0,1513.0,1.0,0,10.0,35.0,pass,0.0,0.0,0
210964,300.0,1474.0,2.0,0,5.0,30.0,run,0.0,0.0,1
211270,366.0,1409.0,1.0,0,10.0,13.0,pass,0.0,0.0,0
211295,391.0,1372.0,2.0,0,3.0,6.0,run,0.0,0.0,1
211834,542.0,1241.0,3.0,0,4.0,70.0,pass,0.0,7.0,0
211934,588.0,1191.0,1.0,0,10.0,75.0,pass,7.0,0.0,0
212078,620.0,1147.0,2.0,0,9.0,74.0,run,7.0,0.0,1
212274,642.0,1102.0,1.0,0,10.0,62.0,run,7.0,0.0,1
212470,688.0,1042.0,2.0,0,10.0,62.0,pass,7.0,0.0,0
212678,767.0,958.0,1.0,0,10.0,81.0,run,0.0,7.0,1
213207,916.0,819.0,2.0,0,5.0,11.0,run,0.0,7.0,1
213328,938.0,776.0,3.0,0,8.0,14.0,pass,0.0,7.0,0
213524,1027.0,761.0,1.0,0,10.0,61.0,pass,7.0,3.0,0
213645,1052.0,710.0,1.0,0,10.0,31.0,run,7.0,3.0,1
213726,1098.0,647.0,2.0,0,14.0,35.0,run,7.0,3.0,1
213847,1144.0,580.0,3.0,0,10.0,31.0,run,7.0,3.0,1
214016,1166.0,539.0,4.0,0,3.0,24.0,pass,7.0,3.0,0
214173,1230.0,503.0,2.0,0,9.0,74.0,pass,3.0,7.0,0
214305,1255.0,463.0,3.0,0,5.0,70.0,pass,3.0,7.0,0
214474,1299.0,412.0,1.0,0,10.0,65.0,pass,7.0,3.0,0
214820,1365.0,401.0,3.0,0,10.0,65.0,run,7.0,3.0,1
214930,1458.0,323.0,1.0,0,20.0,86.0,pass,3.0,7.0,0
215126,1481.0,320.0,2.0,0,20.0,86.0,pass,3.0,7.0,0
215207,1533.0,315.0,3.0,0,25.0,91.0,pass,3.0,7.0,0
215479,1584.0,269.0,1.0,0,10.0,59.0,run,7.0,3.0,1
215589,1642.0,206.0,2.0,0,11.0,60.0,pass,7.0,3.0,0
216111,1689.0,129.0,2.0,0,7.0,41.0,run,7.0,3.0,1
216673,1748.0,115.0,1.0,0,10.0,32.0,run,7.0,3.0,1
216754,1770.0,78.0,2.0,0,7.0,29.0,run,7.0,3.0,1
217026,1792.0,35.0,3.0,0,5.0,27.0,pass,7.0,3.0,0
217107,1872.0,19.0,1.0,0,10.0,69.0,pass,3.0,10.0,0
217289,2015.0,1794.0,1.0,0,10.0,78.0,pass,10.0,6.0,0
218141,2144.0,1761.0,1.0,0,10.0,34.0,run,6.0,10.0,1
218205,2166.0,1730.0,2.0,0,10.0,34.0,run,6.0,10.0,1
218349,2188.0,1683.0,3.0,0,8.0,32.0,pass,6.0,10.0,0
218518,2261.0,1665.0,1.0,0,10.0,72.0,run,6.0,17.0,1
218639,2283.0,1624.0,2.0,0,7.0,69.0,pass,6.0,17.0,0
218835,2327.0,1554.0,3.0,0,18.0,80.0,run,6.0,17.0,1
219196,2391.0,1508.0,1.0,0,10.0,80.0,run,17.0,6.0,1
219465,2450.0,1434.0,1.0,0,10.0,58.0,pass,17.0,6.0,0
219575,2475.0,1395.0,2.0,0,13.0,61.0,pass,17.0,6.0,0
219840,2549.0,1334.0,1.0,0,10.0,77.0,pass,6.0,17.0,0
220045,2656.0,1259.0,3.0,0,2.0,69.0,pass,6.0,17.0,0
220241,2711.0,1246.0,1.0,0,10.0,76.0,run,17.0,6.0,1
220341,2733.0,1204.0,2.0,0,1.0,67.0,run,17.0,6.0,1
220366,2762.0,1158.0,1.0,0,10.0,65.0,run,17.0,6.0,1
220447,2784.0,1127.0,2.0,0,6.0,61.0,run,17.0,6.0,1
220762,2836.0,1052.0,2.0,0,9.0,47.0,run,17.0,6.0,1
220906,2884.0,994.0,1.0,0,5.0,29.0,run,17.0,6.0,1
221088,2952.0,919.0,1.0,0,20.0,34.0,pass,17.0,6.0,0
221377,2975.0,915.0,2.0,0,20.0,34.0,pass,17.0,6.0,0
221703,3085.0,895.0,1.0,0,10.0,60.0,run,6.0,17.0,1
221784,3107.0,859.0,2.0,0,3.0,53.0,run,6.0,17.0,1
221928,3129.0,819.0,1.0,0,10.0,35.0,pass,6.0,17.0,0
222072,3159.0,780.0,1.0,0,10.0,18.0,run,6.0,17.0,1
222216,3181.0,743.0,2.0,0,5.0,13.0,pass,6.0,17.0,0
222337,3204.0,738.0,3.0,0,5.0,13.0,pass,6.0,17.0,0
222606,3319.0,693.0,2.0,0,18.0,83.0,run,17.0,12.0,1
222816,3341.0,653.0,3.0,0,19.0,84.0,pass,17.0,12.0,0
223194,3419.0,603.0,2.0,0,1.0,41.0,pass,12.0,17.0,0
223419,3486.0,592.0,1.0,0,10.0,27.0,pass,12.0,17.0,0
223500,3545.0,586.0,1.0,0,10.0,65.0,run,17.0,20.0,1
223842,3567.0,545.0,2.0,0,10.0,65.0,pass,17.0,20.0,0
224092,3612.0,468.0,2.0,0,14.0,57.0,pass,17.0,20.0,0
224486,3687.0,444.0,1.0,0,10.0,68.0,run,20.0,17.0,1
224586,3709.0,399.0,1.0,0,10.0,49.0,run,20.0,17.0,1
224686,3731.0,362.0,2.0,0,10.0,49.0,pass,20.0,17.0,0
224855,3761.0,320.0,3.0,0,1.0,40.0,run,20.0,17.0,1
225145,3805.0,238.0,2.0,0,6.0,34.0,pass,20.0,17.0,0
225341,3835.0,232.0,1.0,0,10.0,23.0,run,20.0,17.0,1
225441,3857.0,189.0,2.0,0,11.0,24.0,pass,20.0,17.0,0
225505,3882.0,179.0,3.0,0,1.0,14.0,run,20.0,17.0,1
225874,3992.0,146.0,2.0,0,10.0,34.0,pass,17.0,27.0,0
226246,4181.0,125.0,1.0,1,1.0,1.0,pass,17.0,27.0,0
226310,4248.0,115.0,1.0,0,10.0,74.0,run,27.0,24.0,1
226335,4277.0,107.0,2.0,0,7.0,71.0,run,27.0,24.0,1
226384,4306.0,62.0,3.0,0,6.0,70.0,run,27.0,24.0,1
226420,4400.0,5.0,1.0,0,15.0,85.0,pass,24.0,27.0,0
234815,132.0,1695.0,1.0,0,10.0,64.0,run,0.0,0.0,1
235277,154.0,1672.0,2.0,0,5.0,59.0,pass,0.0,0.0,0
235623,262.0,1651.0,1.0,0,10.0,77.0,run,0.0,0.0,1
235805,291.0,1612.0,2.0,0,11.0,78.0,pass,0.0,0.0,0
236283,405.0,1542.0,2.0,0,4.0,83.0,pass,0.0,0.0,0
236623,465.0,1472.0,2.0,0,2.0,41.0,pass,0.0,0.0,0
236776,517.0,1389.0,2.0,0,2.0,15.0,run,0.0,0.0,1
236976,571.0,1323.0,2.0,0,6.0,7.0,pass,0.0,0.0,0
237272,665.0,1312.0,2.0,0,10.0,78.0,run,0.0,7.0,1
237416,687.0,1267.0,3.0,0,4.0,72.0,pass,0.0,7.0,0
237537,712.0,1230.0,1.0,0,10.0,67.0,run,0.0,7.0,1
237719,734.0,1190.0,2.0,0,4.0,61.0,pass,0.0,7.0,0
237800,763.0,1144.0,1.0,0,10.0,54.0,pass,0.0,7.0,0
237864,797.0,1100.0,1.0,0,10.0,29.0,pass,0.0,7.0,0
237928,822.0,1058.0,2.0,0,4.0,23.0,run,0.0,7.0,1
238153,844.0,1014.0,3.0,0,6.0,25.0,pass,0.0,7.0,0
238169,885.0,988.0,1.0,1,8.0,8.0,pass,0.0,7.0,0
238385,940.0,939.0,3.0,1,10.0,10.0,run,0.0,7.0,1
238466,1033.0,894.0,1.0,1,1.0,1.0,pass,0.0,7.0,0
238706,1058.0,888.0,2.0,1,1.0,1.0,run,0.0,7.0,1
238916,1153.0,831.0,1.0,0,10.0,70.0,run,7.0,3.0,1
239401,1210.0,803.0,3.0,0,9.0,69.0,pass,7.0,3.0,0
239546,1293.0,753.0,2.0,0,9.0,84.0,run,3.0,7.0,1
239646,1315.0,709.0,3.0,0,1.0,76.0,pass,3.0,7.0,0
239736,1358.0,700.0,1.0,0,10.0,58.0,run,7.0,3.0,1
240025,1387.0,665.0,1.0,0,10.0,47.0,pass,7.0,3.0,0
240157,1407.0,624.0,2.0,0,16.0,53.0,pass,7.0,3.0,0
240221,1519.0,531.0,1.0,0,15.0,37.0,pass,7.0,3.0,0
240321,1539.0,488.0,2.0,0,19.0,41.0,pass,7.0,3.0,0
240465,1564.0,445.0,3.0,0,6.0,28.0,run,7.0,3.0,1
240546,1602.0,422.0,1.0,0,10.0,12.0,run,7.0,3.0,1
240595,1624.0,379.0,2.0,0,4.0,6.0,run,7.0,3.0,1
240659,1692.0,369.0,1.0,0,10.0,79.0,pass,3.0,14.0,0
240947,1774.0,314.0,3.0,0,1.0,70.0,run,3.0,14.0,1
241068,1812.0,274.0,1.0,0,10.0,68.0,run,3.0,14.0,1
241324,1834.0,238.0,2.0,0,7.0,65.0,run,3.0,14.0,1
241424,1892.0,172.0,3.0,0,12.0,70.0,pass,3.0,14.0,0
241568,1938.0,120.0,1.0,0,10.0,59.0,pass,14.0,3.0,0
241937,2005.0,95.0,1.0,0,10.0,48.0,pass,14.0,3.0,0
242243,2036.0,89.0,2.0,0,21.0,59.0,pass,14.0,3.0,0
242753,2093.0,53.0,1.0,0,10.0,29.0,run,14.0,3.0,1
243009,2115.0,34.0,2.0,0,6.0,25.0,pass,14.0,3.0,0
243298,2140.0,28.0,1.0,0,10.0,13.0,pass,14.0,3.0,0
243570,2170.0,23.0,2.0,0,10.0,13.0,run,14.0,3.0,1
244158,2308.0,1768.0,1.0,0,10.0,69.0,run,3.0,14.0,1
244340,2330.0,1734.0,2.0,0,4.0,63.0,run,3.0,14.0,1
244609,2399.0,1644.0,1.0,0,10.0,80.0,pass,14.0,3.0,0
244778,2435.0,1614.0,2.0,0,1.0,71.0,run,14.0,3.0,1
244827,2457.0,1575.0,1.0,0,10.0,59.0,run,14.0,3.0,1
244983,2520.0,1509.0,2.0,0,19.0,68.0,pass,14.0,3.0,0
245047,2545.0,1473.0,3.0,0,11.0,60.0,pass,14.0,3.0,0
245147,2644.0,1458.0,1.0,0,10.0,71.0,run,3.0,14.0,1
245343,2673.0,1426.0,2.0,0,10.0,71.0,pass,3.0,14.0,0
245539,2696.0,1422.0,3.0,0,10.0,71.0,pass,3.0,14.0,0
245639,2751.0,1410.0,1.0,0,10.0,75.0,pass,14.0,3.0,0
245749,2792.0,1375.0,1.0,0,10.0,61.0,run,14.0,3.0,1
245920,2837.0,1338.0,3.0,0,5.0,56.0,pass,14.0,3.0,0
246064,2930.0,1324.0,1.0,0,10.0,80.0,pass,3.0,14.0,0
246504,3000.0,1243.0,4.0,0,1.0,71.0,run,3.0,14.0,1
246673,3022.0,1196.0,1.0,0,10.0,69.0,run,3.0,14.0,1
246794,3044.0,1166.0,2.0,0,4.0,63.0,run,3.0,14.0,1
246956,3097.0,1137.0,2.0,0,10.0,59.0,pass,3.0,14.0,0
247100,3192.0,1065.0,1.0,0,20.0,43.0,pass,3.0,14.0,0
247356,3218.0,1058.0,2.0,0,20.0,43.0,pass,3.0,14.0,0
247466,3243.0,1012.0,3.0,0,14.0,37.0,pass,3.0,14.0,0
247566,3318.0,996.0,1.0,0,10.0,61.0,run,14.0,6.0,1
247666,3374.0,957.0,1.0,0,10.0,60.0,pass,14.0,6.0,0
247925,3441.0,900.0,3.0,0,1.0,51.0,pass,14.0,6.0,0
248470,3538.0,825.0,1.0,0,10.0,72.0,run,6.0,14.0,1
248570,3560.0,787.0,1.0,0,10.0,57.0,pass,6.0,14.0,0
248619,3595.0,780.0,2.0,0,10.0,57.0,pass,6.0,14.0,0
248875,3620.0,738.0,3.0,0,4.0,51.0,pass,6.0,14.0,0
248939,3689.0,726.0,1.0,0,10.0,80.0,run,14.0,6.0,1
249687,3826.0,575.0,2.0,0,17.0,60.0,run,14.0,6.0,1
249787,3853.0,535.0,3.0,0,5.0,48.0,pass,14.0,6.0,0
250076,3878.0,490.0,1.0,0,10.0,29.0,pass,14.0,6.0,0
250157,3953.0,486.0,2.0,0,15.0,34.0,pass,14.0,6.0,0
250193,3978.0,436.0,1.0,0,10.0,19.0,run,14.0,6.0,1
250474,4062.0,398.0,2.0,0,3.0,58.0,run,6.0,21.0,1
250564,4118.0,356.0,3.0,0,6.0,61.0,pass,6.0,21.0,0
250628,4148.0,332.0,1.0,0,10.0,41.0,run,6.0,21.0,1
250637,4175.0,292.0,2.0,0,7.0,38.0,pass,6.0,21.0,0
250737,4198.0,286.0,3.0,0,7.0,38.0,pass,6.0,21.0,0
250773,4261.0,226.0,1.0,0,10.0,18.0,run,6.0,21.0,1
250798,4283.0,202.0,2.0,0,9.0,17.0,pass,6.0,21.0,0
250903,4331.0,172.0,2.0,1,3.0,3.0,pass,6.0,21.0,0
250984,4354.0,169.0,3.0,1,3.0,3.0,pass,6.0,21.0,0
251020,4377.0,163.0,4.0,1,3.0,3.0,pass,6.0,21.0,0
251040,4428.0,155.0,2.0,0,8.0,95.0,run,21.0,6.0,1
251076,4456.0,146.0,1.0,0,10.0,53.0,run,21.0,6.0,1
251101,4478.0,139.0,1.0,0,10.0,40.0,run,21.0,6.0,1
251110,4507.0,135.0,2.0,0,8.0,38.0,run,21.0,6.0,1
260449,107.0,1719.0,2.0,0,3.0,40.0,run,0.0,0.0,1
261233,129.0,1683.0,3.0,0,1.0,38.0,run,0.0,0.0,1
261402,151.0,1643.0,1.0,0,10.0,33.0,pass,0.0,0.0,0
261466,176.0,1610.0,2.0,0,2.0,25.0,run,0.0,0.0,1
261706,198.0,1568.0,1.0,0,10.0,19.0,run,0.0,0.0,1
261850,220.0,1535.0,2.0,0,9.0,18.0,run,0.0,0.0,1
261875,242.0,1497.0,3.0,0,11.0,20.0,run,0.0,0.0,1
262181,334.0,1406.0,2.0,0,14.0,75.0,run,0.0,3.0,1
262281,356.0,1361.0,3.0,0,10.0,71.0,pass,0.0,3.0,0
262402,381.0,1327.0,1.0,0,10.0,60.0,run,0.0,3.0,1
262598,403.0,1287.0,2.0,0,10.0,60.0,pass,0.0,3.0,0
262998,451.0,1240.0,1.0,0,10.0,37.0,pass,0.0,3.0,0
263448,498.0,1161.0,1.0,0,10.0,25.0,run,0.0,3.0,1
263813,596.0,1112.0,1.0,0,10.0,55.0,run,3.0,7.0,1
263982,675.0,996.0,2.0,0,7.0,42.0,pass,3.0,7.0,0
264063,700.0,970.0,3.0,0,2.0,37.0,run,3.0,7.0,1
264207,722.0,931.0,1.0,0,10.0,33.0,pass,3.0,7.0,0
264307,833.0,917.0,1.0,0,10.0,72.0,pass,7.0,9.0,0
264371,883.0,900.0,1.0,0,10.0,41.0,pass,7.0,9.0,0
264884,1013.0,801.0,1.0,0,10.0,68.0,run,9.0,10.0,1
265455,1088.0,721.0,1.0,0,10.0,58.0,pass,9.0,10.0,0
265599,1113.0,687.0,1.0,0,10.0,25.0,run,9.0,10.0,1
265624,1135.0,650.0,2.0,0,8.0,23.0,run,9.0,10.0,1
265688,1162.0,609.0,1.0,1,8.0,8.0,run,9.0,10.0,1
265901,1252.0,554.0,2.0,0,8.0,70.0,pass,10.0,16.0,0
265965,1277.0,512.0,3.0,0,4.0,66.0,pass,10.0,16.0,0
266046,1322.0,467.0,1.0,0,10.0,74.0,pass,16.0,10.0,0
266215,1354.0,431.0,1.0,0,10.0,63.0,run,16.0,10.0,1
266296,1381.0,387.0,2.0,0,7.0,60.0,run,16.0,10.0,1
266440,1406.0,359.0,3.0,0,9.0,62.0,pass,16.0,10.0,0
266596,1455.0,297.0,1.0,0,15.0,43.0,run,16.0,10.0,1
266821,1477.0,254.0,2.0,0,9.0,37.0,run,16.0,10.0,1
266977,1499.0,214.0,3.0,0,1.0,29.0,run,16.0,10.0,1
267146,1572.0,174.0,1.0,0,10.0,65.0,pass,10.0,19.0,0
267267,1600.0,170.0,2.0,0,10.0,65.0,pass,10.0,19.0,0
267788,1706.0,72.0,1.0,0,10.0,24.0,run,10.0,19.0,1
267869,1751.0,67.0,2.0,0,10.0,24.0,pass,10.0,19.0,0
267990,1783.0,42.0,1.0,1,3.0,3.0,run,10.0,19.0,1
268159,1805.0,37.0,2.0,1,3.0,3.0,pass,10.0,19.0,0
268652,1918.0,19.0,2.0,0,2.0,59.0,pass,19.0,17.0,0
268716,1952.0,9.0,3.0,0,17.0,74.0,run,19.0,17.0,1
268772,2017.0,1795.0,1.0,0,10.0,70.0,run,17.0,19.0,1
268904,2039.0,1758.0,2.0,0,1.0,61.0,run,17.0,19.0,1
269036,2085.0,1699.0,3.0,0,6.0,66.0,pass,17.0,19.0,0
269117,2133.0,1687.0,1.0,0,10.0,84.0,pass,19.0,17.0,0
269261,2168.0,1682.0,2.0,0,10.0,84.0,run,19.0,17.0,1
269361,2195.0,1638.0,3.0,0,9.0,83.0,pass,19.0,17.0,0
269461,2251.0,1587.0,1.0,0,10.0,77.0,pass,17.0,19.0,0
269822,2281.0,1583.0,2.0,0,10.0,77.0,run,17.0,19.0,1
270099,2357.0,1521.0,2.0,0,19.0,75.0,pass,17.0,19.0,0
270180,2382.0,1483.0,3.0,0,12.0,68.0,pass,17.0,19.0,0
270336,2443.0,1437.0,1.0,0,10.0,68.0,run,19.0,17.0,1
270576,2472.0,1393.0,2.0,0,10.0,68.0,run,19.0,17.0,1
270697,2494.0,1347.0,3.0,0,5.0,63.0,pass,19.0,17.0,0
271164,2614.0,1159.0,2.0,0,10.0,23.0,pass,19.0,17.0,0
271285,2639.0,1129.0,1.0,1,2.0,2.0,run,19.0,17.0,1
271406,2707.0,1121.0,1.0,0,10.0,68.0,run,17.0,26.0,1
271631,2745.0,1102.0,1.0,0,10.0,55.0,pass,17.0,26.0,0
271712,2768.0,1099.0,2.0,0,10.0,55.0,pass,17.0,26.0,0
272314,2850.0,989.0,1.0,0,10.0,17.0,run,17.0,26.0,1
272435,2872.0,952.0,2.0,0,7.0,14.0,run,17.0,26.0,1
272660,2894.0,918.0,3.0,0,1.0,8.0,run,17.0,26.0,1
272804,2936.0,900.0,1.0,1,5.0,5.0,pass,17.0,26.0,0
272904,3016.0,890.0,1.0,0,10.0,22.0,run,24.0,26.0,1
272953,3038.0,852.0,2.0,0,6.0,18.0,pass,24.0,26.0,0
273287,3153.0,754.0,2.0,0,14.0,59.0,pass,26.0,31.0,0
273408,3178.0,729.0,3.0,0,1.0,46.0,run,26.0,31.0,1
273590,3200.0,689.0,1.0,0,10.0,43.0,pass,26.0,31.0,0
273759,3225.0,646.0,1.0,0,10.0,23.0,run,26.0,31.0,1
274266,3336.0,497.0,2.0,1,4.0,4.0,pass,26.0,31.0,0
274366,3356.0,452.0,3.0,1,10.0,10.0,run,26.0,31.0,1
274447,3386.0,426.0,4.0,1,1.0,1.0,run,26.0,31.0,1
274707,3506.0,372.0,2.0,0,15.0,68.0,pass,31.0,32.0,0
274723,3529.0,367.0,3.0,0,15.0,68.0,pass,31.0,32.0,0
274867,3596.0,321.0,1.0,0,10.0,79.0,pass,32.0,31.0,0
274973,3648.0,244.0,3.0,0,3.0,72.0,run,32.0,31.0,1
275117,3690.0,193.0,1.0,0,10.0,81.0,pass,31.0,32.0,0
275217,3749.0,162.0,1.0,0,10.0,52.0,pass,31.0,32.0,0
275803,3799.0,120.0,2.0,0,9.0,40.0,pass,31.0,32.0,0
276124,3904.0,56.0,1.0,0,10.0,69.0,pass,32.0,34.0,0
276770,3975.0,25.0,4.0,0,3.0,62.0,pass,32.0,34.0,0
277510,224.0,1625.0,1.0,0,10.0,95.0,pass,0.0,0.0,0
277766,256.0,1587.0,2.0,0,7.0,92.0,run,0.0,0.0,1
278022,278.0,1542.0,3.0,0,4.0,89.0,pass,0.0,0.0,0
278262,303.0,1500.0,1.0,0,10.0,81.0,run,0.0,0.0,1
278383,325.0,1461.0,2.0,0,6.0,77.0,run,0.0,0.0,1
278493,347.0,1423.0,3.0,0,8.0,79.0,pass,0.0,0.0,0
278819,412.0,1352.0,1.0,0,10.0,40.0,pass,0.0,0.0,0
279425,513.0,1264.0,2.0,0,7.0,21.0,pass,0.0,0.0,0
279489,562.0,1204.0,1.0,1,15.0,15.0,run,0.0,0.0,1
279633,584.0,1166.0,2.0,1,14.0,14.0,run,0.0,0.0,1
279858,611.0,1127.0,3.0,1,5.0,5.0,pass,0.0,0.0,0
280175,709.0,1080.0,2.0,0,4.0,63.0,run,0.0,7.0,1
280677,777.0,1026.0,1.0,0,10.0,22.0,run,0.0,7.0,1
280798,807.0,1003.0,2.0,0,5.0,17.0,run,0.0,7.0,1
280847,836.0,969.0,3.0,0,1.0,13.0,run,0.0,7.0,1
281208,860.0,922.0,1.0,0,10.0,11.0,run,0.0,7.0,1
281390,902.0,900.0,2.0,0,6.0,7.0,run,0.0,7.0,1
281454,924.0,866.0,3.0,0,2.0,3.0,run,0.0,7.0,1
281479,980.0,821.0,1.0,1,1.0,1.0,run,0.0,7.0,1
281543,1047.0,818.0,1.0,0,10.0,65.0,pass,7.0,7.0,0
281568,1074.0,781.0,2.0,0,6.0,61.0,pass,7.0,7.0,0
281668,1099.0,742.0,3.0,0,5.0,60.0,pass,7.0,7.0,0
282078,1204.0,683.0,2.0,0,11.0,66.0,pass,7.0,7.0,0
282247,1227.0,680.0,3.0,0,11.0,66.0,pass,7.0,7.0,0
282368,1276.0,664.0,1.0,0,10.0,86.0,run,7.0,7.0,1
282468,1305.0,628.0,2.0,0,4.0,80.0,run,7.0,7.0,1
282532,1338.0,606.0,1.0,0,10.0,71.0,pass,7.0,7.0,0
282965,1380.0,522.0,3.0,0,16.0,77.0,run,7.0,7.0,1
282990,1429.0,484.0,1.0,0,10.0,86.0,pass,7.0,7.0,0
283171,1484.0,415.0,3.0,0,8.0,84.0,pass,7.0,7.0,0
283477,1553.0,366.0,1.0,0,10.0,66.0,pass,7.0,7.0,0
283558,1590.0,329.0,1.0,0,10.0,55.0,pass,7.0,7.0,0
284132,1670.0,220.0,1.0,0,10.0,41.0,pass,7.0,7.0,0
284301,1708.0,176.0,1.0,0,10.0,16.0,run,7.0,7.0,1
284422,1730.0,138.0,2.0,0,8.0,14.0,run,7.0,7.0,1
284554,1752.0,120.0,3.0,0,1.0,7.0,run,7.0,7.0,1
284653,1781.0,75.0,1.0,1,6.0,6.0,run,7.0,7.0,1
285009,1833.0,68.0,3.0,1,8.0,8.0,pass,7.0,7.0,0
285240,1900.0,41.0,2.0,0,4.0,74.0,pass,7.0,7.0,0
285340,1925.0,35.0,1.0,0,10.0,52.0,pass,7.0,7.0,0
285854,2032.0,12.0,2.0,0,10.0,39.0,run,7.0,7.0,1
286010,2207.0,1795.0,1.0,0,10.0,75.0,pass,7.0,10.0,0
286635,2254.0,1720.0,2.0,0,6.0,46.0,pass,7.0,10.0,0
286804,2279.0,1677.0,3.0,0,1.0,41.0,run,7.0,10.0,1
287000,2301.0,1637.0,1.0,0,10.0,39.0,pass,7.0,10.0,0
287244,2360.0,1586.0,2.0,0,3.0,64.0,run,10.0,7.0,1
287580,2431.0,1535.0,1.0,0,10.0,75.0,run,7.0,10.0,1
287749,2460.0,1498.0,2.0,0,1.0,66.0,run,7.0,10.0,1
287785,2482.0,1458.0,1.0,0,10.0,62.0,run,7.0,10.0,1
287929,2509.0,1419.0,2.0,0,4.0,56.0,run,7.0,10.0,1
287959,2531.0,1379.0,1.0,0,10.0,49.0,pass,7.0,10.0,0
288008,2556.0,1340.0,2.0,0,2.0,41.0,run,7.0,10.0,1
288129,2578.0,1297.0,1.0,0,10.0,38.0,run,7.0,10.0,1
288273,2600.0,1257.0,2.0,0,1.0,29.0,run,7.0,10.0,1
288469,2622.0,1215.0,3.0,0,2.0,30.0,run,7.0,10.0,1
288937,2669.0,1132.0,1.0,0,10.0,26.0,run,7.0,10.0,1
289081,2725.0,1087.0,2.0,0,9.0,25.0,pass,7.0,10.0,0
289213,2750.0,1045.0,3.0,0,2.0,18.0,pass,7.0,10.0,0
289722,2905.0,934.0,1.0,0,10.0,47.0,pass,10.0,7.0,0
290147,3030.0,884.0,1.0,0,10.0,61.0,run,7.0,10.0,1
290228,3057.0,850.0,1.0,0,10.0,48.0,run,7.0,10.0,1
290292,3079.0,815.0,2.0,0,8.0,46.0,pass,7.0,10.0,0
290616,3120.0,795.0,1.0,0,10.0,22.0,run,7.0,10.0,1
290716,3142.0,757.0,2.0,0,1.0,13.0,run,7.0,10.0,1
290816,3164.0,716.0,3.0,0,2.0,14.0,run,7.0,10.0,1
290897,3186.0,678.0,4.0,0,2.0,14.0,pass,7.0,10.0,0
291118,3236.0,596.0,2.0,1,9.0,9.0,pass,7.0,10.0,0
291250,3298.0,592.0,3.0,1,14.0,14.0,pass,7.0,10.0,0
291446,3376.0,576.0,1.0,0,10.0,63.0,pass,10.0,10.0,0
291711,3436.0,530.0,3.0,0,18.0,71.0,pass,10.0,10.0,0
291967,3508.0,490.0,1.0,0,10.0,70.0,pass,10.0,10.0,0
292136,3573.0,433.0,2.0,0,13.0,73.0,pass,10.0,10.0,0
292690,3688.0,344.0,1.0,0,10.0,40.0,run,10.0,10.0,1
292859,3710.0,306.0,2.0,0,5.0,35.0,run,10.0,10.0,1
292959,3732.0,262.0,1.0,0,10.0,28.0,run,10.0,10.0,1
293059,3759.0,255.0,2.0,0,6.0,24.0,run,10.0,10.0,1
293299,3781.0,213.0,3.0,0,7.0,25.0,pass,10.0,10.0,0
293627,3879.0,158.0,2.0,0,9.0,67.0,pass,10.0,13.0,0
293950,3909.0,150.0,1.0,0,10.0,22.0,pass,10.0,13.0,0
294014,3934.0,120.0,2.0,0,8.0,20.0,pass,10.0,13.0,0
294247,4004.0,110.0,2.0,0,9.0,10.0,pass,10.0,13.0,0
294391,4036.0,104.0,3.0,0,3.0,4.0,pass,10.0,13.0,0
294754,4235.0,42.0,2.0,0,5.0,9.0,pass,13.0,17.0,0
303374,233.0,1645.0,3.0,0,8.0,58.0,pass,0.0,7.0,0
303455,316.0,1612.0,1.0,0,5.0,77.0,pass,7.0,0.0,0
303576,339.0,1606.0,2.0,0,5.0,77.0,run,7.0,0.0,1
303772,377.0,1559.0,3.0,0,9.0,81.0,pass,7.0,0.0,0
303954,402.0,1510.0,1.0,0,10.0,68.0,pass,7.0,0.0,0
304231,457.0,1428.0,1.0,0,10.0,43.0,run,7.0,0.0,1
304503,479.0,1384.0,2.0,0,5.0,38.0,run,7.0,0.0,1
305047,546.0,1288.0,1.0,0,10.0,92.0,run,0.0,7.0,1
305191,581.0,1247.0,2.0,0,10.0,92.0,pass,0.0,7.0,0
305516,652.0,1186.0,1.0,0,10.0,62.0,run,7.0,0.0,1
305580,681.0,1143.0,2.0,0,8.0,60.0,run,7.0,0.0,1
305680,703.0,1117.0,3.0,0,5.0,57.0,pass,7.0,0.0,0
305780,745.0,1104.0,1.0,0,10.0,91.0,pass,0.0,7.0,0
305965,790.0,1053.0,3.0,0,2.0,83.0,pass,0.0,7.0,0
306102,837.0,971.0,2.0,0,1.0,64.0,pass,0.0,7.0,0
306509,882.0,922.0,4.0,0,1.0,64.0,pass,0.0,7.0,0
306903,998.0,846.0,1.0,0,13.0,61.0,pass,0.0,7.0,0
307099,1023.0,804.0,2.0,0,4.0,52.0,run,0.0,7.0,1
307355,1045.0,762.0,3.0,0,2.0,50.0,run,0.0,7.0,1
307371,1072.0,736.0,1.0,0,10.0,45.0,run,0.0,7.0,1
307420,1094.0,714.0,1.0,0,10.0,34.0,run,0.0,7.0,1
307484,1116.0,670.0,2.0,0,7.0,31.0,run,0.0,7.0,1
307565,1138.0,625.0,3.0,0,6.0,30.0,pass,0.0,7.0,0
307761,1242.0,578.0,1.0,0,10.0,56.0,pass,7.0,3.0,0
307842,1265.0,574.0,2.0,0,10.0,56.0,pass,7.0,3.0,0
308094,1313.0,543.0,4.0,0,1.0,47.0,run,7.0,3.0,1
308844,1431.0,426.0,2.0,0,2.0,30.0,pass,3.0,7.0,0
308944,1454.0,420.0,3.0,0,2.0,30.0,pass,3.0,7.0,0
309164,1557.0,362.0,1.0,0,10.0,58.0,pass,7.0,10.0,0
309346,1598.0,339.0,1.0,0,10.0,46.0,run,7.0,10.0,1
310698,1734.0,120.0,4.0,0,1.0,27.0,run,7.0,10.0,1
310954,1763.0,77.0,1.0,0,10.0,25.0,pass,7.0,10.0,0
311150,1788.0,70.0,2.0,0,6.0,21.0,pass,7.0,10.0,0
311294,1820.0,62.0,3.0,0,7.0,22.0,pass,7.0,10.0,0
311438,1893.0,48.0,1.0,0,10.0,78.0,pass,10.0,10.0,0
311602,1941.0,27.0,3.0,0,7.0,75.0,pass,10.0,10.0,0
311968,2076.0,1800.0,1.0,0,10.0,65.0,run,10.0,10.0,1
312017,2098.0,1759.0,2.0,0,8.0,63.0,pass,10.0,10.0,0
312238,2146.0,1737.0,2.0,0,10.0,44.0,pass,10.0,10.0,0
312407,2171.0,1697.0,1.0,0,10.0,30.0,run,10.0,10.0,1
312563,2193.0,1652.0,2.0,0,8.0,28.0,pass,10.0,10.0,0
312869,2218.0,1649.0,3.0,0,8.0,28.0,pass,10.0,10.0,0
312990,2322.0,1602.0,1.0,0,10.0,66.0,run,10.0,10.0,1
313255,2428.0,1507.0,2.0,0,17.0,73.0,pass,10.0,10.0,0
313450,2451.0,1504.0,3.0,0,17.0,73.0,pass,10.0,10.0,0
313499,2500.0,1479.0,1.0,0,10.0,32.0,run,10.0,10.0,1
314033,2589.0,1353.0,2.0,1,9.0,9.0,pass,10.0,10.0,0
314143,2660.0,1339.0,1.0,0,10.0,71.0,pass,10.0,17.0,0
314432,2737.0,1289.0,3.0,0,3.0,64.0,pass,10.0,17.0,0
314594,2811.0,1169.0,1.0,0,15.0,43.0,run,10.0,17.0,1
314675,2833.0,1132.0,2.0,0,11.0,39.0,pass,10.0,17.0,0
314711,2858.0,1097.0,3.0,0,10.0,38.0,pass,10.0,17.0,0
314855,2883.0,1049.0,1.0,0,10.0,15.0,run,10.0,17.0,1
315193,2927.0,966.0,3.0,0,4.0,9.0,pass,10.0,17.0,0
315558,3039.0,900.0,2.0,0,9.0,72.0,pass,17.0,13.0,0
315679,3062.0,895.0,3.0,0,9.0,72.0,run,17.0,13.0,1
315875,3084.0,850.0,1.0,0,10.0,62.0,run,17.0,13.0,1
316704,3201.0,675.0,3.0,0,12.0,51.0,pass,17.0,13.0,0
317004,3273.0,616.0,2.0,0,11.0,92.0,pass,13.0,17.0,0
317525,3429.0,497.0,2.0,0,5.0,57.0,run,13.0,17.0,1
317931,3535.0,367.0,1.0,0,10.0,24.0,run,13.0,17.0,1
317995,3557.0,339.0,2.0,0,10.0,24.0,pass,13.0,17.0,0
318095,3582.0,301.0,1.0,0,10.0,11.0,run,13.0,17.0,1
318291,3604.0,257.0,2.0,0,4.0,5.0,run,13.0,17.0,1
318412,3629.0,222.0,3.0,0,1.0,2.0,run,13.0,17.0,1
319066,3800.0,152.0,3.0,1,4.0,4.0,pass,13.0,17.0,0
319115,3899.0,143.0,4.0,1,4.0,4.0,run,13.0,17.0,1
319225,3960.0,130.0,1.0,0,10.0,63.0,pass,17.0,20.0,0
319289,3985.0,120.0,1.0,0,10.0,51.0,pass,17.0,20.0,0
319410,4017.0,98.0,2.0,0,9.0,50.0,pass,17.0,20.0,0
320125,4196.0,43.0,1.0,0,10.0,74.0,pass,20.0,23.0,0
320190,4258.0,27.0,1.0,0,10.0,36.0,pass,20.0,23.0,0
320215,4313.0,21.0,2.0,0,4.0,30.0,pass,20.0,23.0,0
320240,4348.0,16.0,1.0,0,10.0,26.0,pass,20.0,23.0,0
320244,4371.0,11.0,2.0,0,10.0,26.0,pass,20.0,23.0,0
320269,56.0,1800.0,1.0,0,10.0,65.0,run,0.0,0.0,1
320669,78.0,1758.0,2.0,0,11.0,66.0,run,0.0,0.0,1
320958,105.0,1716.0,3.0,0,10.0,65.0,pass,0.0,0.0,0
321163,158.0,1669.0,2.0,0,10.0,36.0,pass,0.0,0.0,0
321524,240.0,1663.0,3.0,0,10.0,36.0,run,0.0,0.0,1
321780,306.0,1618.0,1.0,0,10.0,65.0,pass,0.0,3.0,0
321949,331.0,1581.0,2.0,0,4.0,59.0,pass,0.0,3.0,0
322093,361.0,1545.0,1.0,0,10.0,41.0,run,0.0,3.0,1
322214,383.0,1500.0,2.0,0,7.0,38.0,pass,0.0,3.0,0
322383,433.0,1436.0,2.0,0,5.0,21.0,pass,0.0,3.0,0
322473,504.0,1433.0,1.0,0,15.0,21.0,pass,0.0,3.0,0
322642,527.0,1427.0,2.0,0,15.0,21.0,pass,0.0,3.0,0
323080,630.0,1410.0,1.0,0,10.0,70.0,pass,3.0,3.0,0
323180,655.0,1369.0,2.0,0,6.0,66.0,pass,3.0,3.0,0
323244,718.0,1316.0,1.0,0,20.0,60.0,run,3.0,3.0,1
323308,740.0,1271.0,2.0,0,19.0,59.0,pass,3.0,3.0,0
323364,770.0,1229.0,3.0,0,18.0,58.0,pass,3.0,3.0,0
323572,853.0,1172.0,2.0,0,2.0,84.0,pass,3.0,3.0,0
323993,901.0,1133.0,1.0,0,10.0,78.0,pass,3.0,3.0,0
324282,926.0,1091.0,2.0,0,11.0,79.0,pass,3.0,3.0,0
324392,951.0,1058.0,3.0,0,6.0,74.0,pass,3.0,3.0,0
324492,1022.0,1007.0,1.0,0,10.0,68.0,run,3.0,3.0,1
324517,1081.0,949.0,2.0,0,18.0,76.0,pass,3.0,3.0,0
324649,1108.0,941.0,1.0,0,10.0,54.0,run,3.0,3.0,1
325619,1268.0,795.0,1.0,0,10.0,68.0,pass,3.0,3.0,0
325740,1300.0,754.0,2.0,0,5.0,63.0,run,3.0,3.0,1
325840,1324.0,712.0,3.0,0,3.0,61.0,pass,3.0,3.0,0
325961,1367.0,700.0,1.0,0,10.0,92.0,run,3.0,3.0,1
326720,1516.0,569.0,1.0,0,10.0,64.0,pass,3.0,3.0,0
326820,1541.0,533.0,2.0,0,4.0,58.0,run,3.0,3.0,1
326941,1563.0,508.0,3.0,0,1.0,55.0,run,3.0,3.0,1
327682,1644.0,423.0,1.0,0,10.0,38.0,pass,3.0,3.0,0
327746,1669.0,380.0,2.0,0,9.0,37.0,pass,3.0,3.0,0
327890,1694.0,344.0,1.0,0,10.0,27.0,run,3.0,3.0,1
328011,1716.0,309.0,2.0,0,2.0,19.0,run,3.0,3.0,1
328111,1738.0,267.0,1.0,1,10.0,10.0,run,3.0,3.0,1
328432,1845.0,131.0,1.0,0,10.0,73.0,run,3.0,6.0,1
328639,1979.0,90.0,1.0,0,15.0,65.0,pass,3.0,6.0,0
328783,2002.0,86.0,2.0,0,15.0,65.0,pass,3.0,6.0,0
329393,2070.0,47.0,1.0,0,10.0,93.0,pass,6.0,3.0,0
329925,2203.0,22.0,1.0,0,10.0,22.0,pass,3.0,6.0,0
330006,2374.0,1794.0,1.0,0,10.0,77.0,run,10.0,9.0,1
331158,2559.0,1610.0,1.0,0,10.0,63.0,run,10.0,12.0,1
331482,2581.0,1574.0,2.0,0,8.0,61.0,pass,10.0,12.0,0
331707,2604.0,1572.0,3.0,0,8.0,61.0,pass,10.0,12.0,0
331756,2681.0,1535.0,1.0,0,20.0,49.0,pass,10.0,12.0,0
332080,2706.0,1488.0,2.0,0,18.0,47.0,run,10.0,12.0,1
332201,2728.0,1442.0,3.0,0,7.0,36.0,pass,10.0,12.0,0
332815,2826.0,1283.0,1.0,0,10.0,18.0,pass,10.0,12.0,0
333176,2855.0,1246.0,2.0,0,7.0,15.0,pass,10.0,12.0,0
333320,2880.0,1205.0,3.0,0,2.0,10.0,run,10.0,12.0,1
333570,2998.0,1108.0,2.0,0,13.0,73.0,pass,12.0,13.0,0
333691,3026.0,1104.0,3.0,0,13.0,73.0,pass,12.0,13.0,0
333772,3127.0,1072.0,1.0,0,20.0,69.0,pass,12.0,13.0,0
333893,3150.0,1066.0,2.0,0,20.0,69.0,pass,12.0,13.0,0
334962,3321.0,962.0,1.0,0,10.0,57.0,run,13.0,12.0,1
335207,3366.0,917.0,3.0,0,10.0,57.0,pass,13.0,12.0,0
335417,3448.0,890.0,1.0,0,10.0,90.0,run,12.0,13.0,1
335673,3470.0,850.0,2.0,0,8.0,88.0,pass,12.0,13.0,0
335869,3495.0,806.0,1.0,0,10.0,75.0,run,12.0,13.0,1
335969,3517.0,765.0,2.0,0,9.0,74.0,pass,12.0,13.0,0
336194,3540.0,760.0,3.0,0,9.0,74.0,pass,12.0,13.0,0
336540,3617.0,661.0,2.0,0,8.0,22.0,pass,12.0,13.0,0
336640,3637.0,616.0,3.0,0,24.0,38.0,pass,12.0,13.0,0
336882,3716.0,540.0,1.0,0,10.0,30.0,run,13.0,12.0,1
336963,3748.0,504.0,2.0,0,5.0,25.0,pass,13.0,12.0,0
337159,3773.0,463.0,1.0,0,10.0,19.0,run,13.0,12.0,1
337303,3851.0,451.0,1.0,0,10.0,70.0,pass,12.0,20.0,0
337472,3876.0,432.0,2.0,0,2.0,62.0,pass,12.0,20.0,0
337760,3993.0,395.0,1.0,0,10.0,63.0,pass,20.0,12.0,0
337780,4016.0,390.0,2.0,0,10.0,63.0,run,20.0,12.0,1
337861,4038.0,348.0,3.0,0,9.0,62.0,pass,20.0,12.0,0
337961,4105.0,311.0,4.0,0,1.0,54.0,run,20.0,12.0,1
337986,4133.0,307.0,1.0,0,10.0,46.0,run,12.0,20.0,1
338107,4155.0,263.0,2.0,0,10.0,46.0,pass,12.0,20.0,0
338276,4178.0,260.0,3.0,0,10.0,46.0,pass,12.0,20.0,0
338412,4245.0,206.0,1.0,0,10.0,82.0,pass,20.0,12.0,0
338493,4290.0,199.0,1.0,0,10.0,52.0,run,20.0,12.0,1
338565,4314.0,193.0,2.0,0,7.0,49.0,pass,20.0,12.0,0
338665,4362.0,187.0,2.0,0,14.0,56.0,run,20.0,12.0,1
338701,4386.0,178.0,3.0,0,10.0,52.0,pass,20.0,12.0,0
338726,4429.0,171.0,1.0,0,10.0,38.0,run,20.0,12.0,1
338730,4453.0,127.0,2.0,0,6.0,34.0,run,20.0,12.0,1
338734,4482.0,120.0,3.0,0,5.0,33.0,run,20.0,12.0,1
338799,4546.0,59.0,1.0,0,10.0,64.0,pass,12.0,20.0,0
338808,4569.0,55.0,2.0,0,10.0,64.0,pass,12.0,20.0,0
338812,4592.0,51.0,3.0,0,10.0,64.0,pass,12.0,20.0,0
338828,4615.0,47.0,4.0,0,10.0,64.0,pass,12.0,20.0,0
338853,57.0,1800.0,1.0,0,10.0,65.0,run,0.0,0.0,1
339555,277.0,1566.0,1.0,0,10.0,73.0,pass,0.0,3.0,0
339604,307.0,1532.0,2.0,0,8.0,71.0,run,0.0,3.0,1
339653,329.0,1491.0,3.0,0,7.0,70.0,run,0.0,3.0,1
340091,373.0,1458.0,1.0,0,10.0,36.0,run,3.0,0.0,1
340212,395.0,1417.0,2.0,0,3.0,29.0,pass,3.0,0.0,0
340333,430.0,1414.0,3.0,0,3.0,29.0,pass,3.0,0.0,0
340382,455.0,1368.0,1.0,0,10.0,15.0,pass,3.0,0.0,0
340578,485.0,1327.0,2.0,0,5.0,10.0,pass,3.0,0.0,0
340678,508.0,1318.0,3.0,0,5.0,10.0,pass,3.0,0.0,0
340967,612.0,1303.0,1.0,0,10.0,86.0,run,0.0,6.0,1
341291,634.0,1265.0,2.0,0,3.0,79.0,run,0.0,6.0,1
341637,739.0,1148.0,1.0,0,10.0,67.0,run,6.0,0.0,1
341893,761.0,1105.0,2.0,0,5.0,62.0,run,6.0,0.0,1
341974,783.0,1064.0,1.0,0,10.0,56.0,pass,6.0,0.0,0
342155,873.0,988.0,1.0,0,10.0,68.0,pass,0.0,6.0,0
342291,932.0,907.0,3.0,0,2.0,60.0,run,0.0,6.0,1
342493,999.0,863.0,2.0,0,8.0,55.0,run,0.0,6.0,1
342614,1026.0,825.0,3.0,0,6.0,53.0,pass,0.0,6.0,0
342639,1051.0,783.0,1.0,0,10.0,41.0,run,0.0,6.0,1
342935,1119.0,684.0,3.0,0,1.0,32.0,run,0.0,6.0,1
343056,1141.0,644.0,1.0,0,10.0,30.0,pass,0.0,6.0,0
343072,1161.0,604.0,2.0,0,18.0,38.0,pass,0.0,6.0,0
343297,1184.0,600.0,3.0,0,18.0,38.0,pass,0.0,6.0,0
343466,1209.0,558.0,1.0,0,10.0,19.0,pass,0.0,6.0,0
343611,1302.0,512.0,2.0,1,7.0,7.0,pass,0.0,6.0,0
344449,1514.0,250.0,3.0,0,20.0,74.0,pass,6.0,3.0,0
344858,1604.0,170.0,2.0,0,4.0,81.0,pass,3.0,6.0,0
345079,1656.0,123.0,1.0,0,10.0,38.0,run,6.0,3.0,1
345525,1773.0,41.0,1.0,0,10.0,19.0,pass,6.0,3.0,0
345581,1803.0,36.0,2.0,0,6.0,15.0,pass,6.0,3.0,0
345923,1829.0,33.0,3.0,0,6.0,15.0,pass,6.0,3.0,0
346079,1898.0,18.0,1.0,0,10.0,80.0,pass,3.0,9.0,0
346248,1921.0,12.0,2.0,0,13.0,83.0,pass,3.0,9.0,0
346444,2031.0,1795.0,1.0,0,10.0,78.0,run,6.0,9.0,1
346750,2058.0,1760.0,2.0,0,2.0,70.0,pass,6.0,9.0,0
346850,2081.0,1754.0,3.0,0,2.0,70.0,pass,6.0,9.0,0
346914,2200.0,1744.0,1.0,0,10.0,79.0,run,9.0,6.0,1
346963,2222.0,1703.0,2.0,0,1.0,70.0,run,9.0,6.0,1
347073,2268.0,1640.0,1.0,0,15.0,73.0,pass,9.0,6.0,0
347122,2291.0,1638.0,2.0,0,15.0,73.0,run,9.0,6.0,1
347194,2315.0,1602.0,3.0,0,4.0,62.0,pass,9.0,6.0,0
347338,2340.0,1564.0,1.0,0,10.0,51.0,run,9.0,6.0,1
347782,2409.0,1440.0,1.0,0,10.0,40.0,run,9.0,6.0,1
348147,2453.0,1367.0,2.0,0,7.0,19.0,pass,9.0,6.0,0
348660,2577.0,1232.0,2.0,0,7.0,66.0,pass,6.0,12.0,0
348984,2602.0,1190.0,3.0,0,1.0,60.0,run,6.0,12.0,1
349048,2624.0,1145.0,4.0,0,1.0,60.0,run,6.0,12.0,1
349269,2702.0,1072.0,2.0,0,20.0,69.0,run,6.0,12.0,1
349534,2791.0,988.0,1.0,0,10.0,83.0,run,12.0,6.0,1
349934,2840.0,915.0,3.0,0,14.0,87.0,pass,12.0,6.0,0
350130,2909.0,900.0,1.0,0,10.0,52.0,pass,6.0,12.0,0
350230,2944.0,895.0,1.0,0,10.0,38.0,run,12.0,6.0,1
350330,2966.0,857.0,2.0,0,2.0,30.0,run,12.0,6.0,1
350430,2988.0,814.0,1.0,0,10.0,28.0,run,12.0,6.0,1
350479,3010.0,773.0,2.0,0,12.0,30.0,pass,12.0,6.0,0
350596,3117.0,671.0,1.0,0,10.0,81.0,run,6.0,15.0,1
350765,3146.0,635.0,2.0,0,3.0,74.0,run,6.0,15.0,1
351066,3211.0,579.0,1.0,0,10.0,83.0,run,15.0,6.0,1
351187,3240.0,535.0,2.0,0,8.0,81.0,run,15.0,6.0,1
351308,3262.0,492.0,3.0,0,2.0,75.0,pass,15.0,6.0,0
351333,3325.0,422.0,1.0,0,20.0,75.0,pass,15.0,6.0,0
351397,3350.0,381.0,1.0,0,10.0,54.0,run,15.0,6.0,1
351593,3375.0,342.0,2.0,0,6.0,50.0,run,15.0,6.0,1
351714,3414.0,306.0,1.0,0,10.0,37.0,run,15.0,6.0,1
352051,3458.0,258.0,2.0,0,9.0,19.0,run,15.0,6.0,1
352151,3492.0,255.0,3.0,0,7.0,17.0,run,15.0,6.0,1
352423,3552.0,248.0,1.0,1,6.0,6.0,run,15.0,6.0,1
352980,3636.0,202.0,1.0,0,10.0,70.0,pass,6.0,22.0,0
353789,3726.0,161.0,1.0,0,10.0,36.0,pass,6.0,22.0,0
353945,3769.0,155.0,1.0,0,10.0,97.0,run,22.0,6.0,1
354089,3791.0,120.0,2.0,0,3.0,90.0,run,22.0,6.0,1
354258,3820.0,74.0,3.0,0,1.0,88.0,run,22.0,6.0,1
354575,96.0,1764.0,2.0,0,8.0,62.0,run,0.0,0.0,1
354600,118.0,1722.0,3.0,0,11.0,65.0,pass,0.0,0.0,0
354636,172.0,1707.0,1.0,0,10.0,81.0,run,0.0,0.0,1
354780,194.0,1670.0,2.0,0,8.0,79.0,pass,0.0,0.0,0
354924,217.0,1664.0,3.0,0,8.0,79.0,run,0.0,0.0,1
355045,255.0,1644.0,1.0,0,10.0,34.0,pass,0.0,0.0,0
355496,348.0,1486.0,1.0,0,10.0,21.0,run,0.0,0.0,1
355560,370.0,1445.0,2.0,0,7.0,18.0,pass,0.0,0.0,0
355660,439.0,1434.0,1.0,0,10.0,15.0,run,0.0,0.0,1
355760,461.0,1393.0,2.0,0,2.0,7.0,run,0.0,0.0,1
355985,483.0,1353.0,1.0,1,1.0,1.0,run,0.0,0.0,1
356350,589.0,1334.0,1.0,0,10.0,24.0,run,7.0,0.0,1
357004,659.0,1248.0,2.0,0,10.0,12.0,run,7.0,0.0,1
357273,769.0,1195.0,1.0,0,10.0,75.0,run,0.0,10.0,1
357383,793.0,1150.0,1.0,0,10.0,63.0,pass,0.0,10.0,0
357447,818.0,1112.0,1.0,0,10.0,45.0,run,0.0,10.0,1
357451,840.0,1069.0,2.0,0,20.0,55.0,pass,0.0,10.0,0
357551,891.0,1064.0,3.0,0,20.0,55.0,pass,0.0,10.0,0
357657,964.0,1012.0,2.0,0,7.0,77.0,run,10.0,0.0,1
357738,986.0,968.0,3.0,0,7.0,77.0,pass,10.0,0.0,0
357907,1064.0,900.0,2.0,0,7.0,42.0,pass,10.0,0.0,0
358028,1127.0,893.0,1.0,0,10.0,37.0,run,10.0,0.0,1
358092,1149.0,855.0,2.0,0,7.0,34.0,pass,10.0,0.0,0
358661,1248.0,835.0,1.0,0,10.0,68.0,run,0.0,13.0,1
358782,1270.0,793.0,2.0,0,15.0,73.0,pass,0.0,13.0,0
359134,1372.0,663.0,2.0,0,7.0,70.0,pass,13.0,0.0,0
359183,1397.0,618.0,1.0,0,10.0,63.0,pass,13.0,0.0,0
359304,1422.0,578.0,1.0,0,10.0,51.0,run,13.0,0.0,1
359353,1444.0,540.0,2.0,0,3.0,44.0,run,13.0,0.0,1
359402,1517.0,525.0,1.0,0,10.0,63.0,run,0.0,20.0,1
359835,1561.0,438.0,1.0,0,10.0,50.0,run,0.0,20.0,1
360181,1610.0,357.0,2.0,0,10.0,39.0,run,0.0,20.0,1
360197,1632.0,316.0,3.0,0,6.0,35.0,run,0.0,20.0,1
360393,1720.0,255.0,1.0,0,10.0,75.0,pass,20.0,3.0,0
360537,1757.0,214.0,1.0,0,10.0,63.0,run,20.0,3.0,1
360573,1815.0,143.0,2.0,0,16.0,69.0,run,20.0,3.0,1
360645,1837.0,120.0,3.0,0,9.0,62.0,pass,20.0,3.0,0
360969,1874.0,114.0,1.0,0,10.0,44.0,pass,20.0,3.0,0
361440,1967.0,59.0,3.0,0,14.0,48.0,pass,20.0,3.0,0
361561,2010.0,48.0,1.0,0,10.0,87.0,pass,3.0,20.0,0
361761,2074.0,31.0,1.0,0,10.0,53.0,pass,3.0,20.0,0
361986,2104.0,26.0,2.0,0,10.0,53.0,pass,3.0,20.0,0
362168,2240.0,1793.0,1.0,0,10.0,79.0,run,20.0,3.0,1
362364,2262.0,1760.0,2.0,0,3.0,72.0,run,20.0,3.0,1
362485,2284.0,1723.0,1.0,0,10.0,64.0,run,20.0,3.0,1
362629,2306.0,1681.0,2.0,0,5.0,59.0,run,20.0,3.0,1
363033,2381.0,1604.0,2.0,0,10.0,33.0,pass,20.0,3.0,0
363597,2525.0,1434.0,1.0,0,10.0,81.0,run,3.0,23.0,1
363837,2547.0,1397.0,2.0,0,4.0,75.0,run,3.0,23.0,1
364037,2625.0,1316.0,1.0,0,10.0,79.0,pass,23.0,3.0,0
364489,2684.0,1235.0,1.0,0,10.0,67.0,pass,23.0,3.0,0
364525,2714.0,1187.0,1.0,0,10.0,52.0,run,23.0,3.0,1
364625,2736.0,1144.0,2.0,0,4.0,46.0,run,23.0,3.0,1
364857,2790.0,1094.0,4.0,0,1.0,43.0,run,23.0,3.0,1
365001,2823.0,1069.0,1.0,0,10.0,31.0,run,23.0,3.0,1
365484,2957.0,900.0,1.0,1,4.0,4.0,run,23.0,3.0,1
365565,3033.0,892.0,1.0,0,10.0,67.0,pass,3.0,30.0,0
365665,3056.0,887.0,2.0,0,10.0,67.0,pass,3.0,30.0,0
366354,3167.0,786.0,2.0,0,11.0,62.0,pass,30.0,3.0,0
366518,3297.0,723.0,1.0,0,15.0,90.0,pass,3.0,30.0,0
366662,3333.0,696.0,1.0,0,10.0,61.0,pass,3.0,30.0,0
366806,3365.0,662.0,2.0,0,10.0,61.0,run,3.0,30.0,1
366975,3387.0,634.0,3.0,0,6.0,57.0,pass,3.0,30.0,0
367313,3453.0,561.0,1.0,0,10.0,45.0,pass,3.0,30.0,0
367434,3473.0,540.0,2.0,0,20.0,55.0,run,3.0,30.0,1
367555,3513.0,513.0,3.0,0,18.0,53.0,pass,3.0,30.0,0
367811,3556.0,503.0,1.0,0,10.0,85.0,run,30.0,3.0,1
367955,3585.0,456.0,2.0,0,6.0,81.0,run,30.0,3.0,1
368036,3614.0,413.0,3.0,0,8.0,83.0,pass,30.0,3.0,0
368521,3693.0,376.0,2.0,0,4.0,48.0,pass,3.0,30.0,0
368638,3739.0,363.0,4.0,0,4.0,48.0,pass,3.0,30.0,0
368674,3764.0,338.0,1.0,0,10.0,42.0,pass,3.0,30.0,0
368755,3794.0,320.0,1.0,0,10.0,28.0,run,3.0,30.0,1
368899,3821.0,280.0,1.0,0,10.0,13.0,pass,3.0,30.0,0
369428,3875.0,214.0,3.0,0,2.0,5.0,pass,3.0,30.0,0
369610,3898.0,210.0,4.0,0,2.0,5.0,pass,3.0,30.0,0
369844,3991.0,164.0,2.0,0,8.0,42.0,run,30.0,10.0,1
369925,62.0,1795.0,1.0,0,10.0,73.0,pass,0.0,0.0,0
378575,190.0,1700.0,1.0,0,10.0,77.0,run,0.0,7.0,1
378656,219.0,1665.0,2.0,0,7.0,74.0,pass,0.0,7.0,0
379826,484.0,1372.0,2.0,0,8.0,46.0,run,7.0,0.0,1
379970,541.0,1324.0,1.0,1,5.0,5.0,pass,7.0,0.0,0
380139,576.0,1319.0,2.0,1,5.0,5.0,run,7.0,0.0,1
380164,640.0,1264.0,3.0,1,17.0,17.0,pass,7.0,0.0,0
380228,715.0,1212.0,1.0,0,10.0,64.0,run,0.0,10.0,1
380673,798.0,1091.0,2.0,0,7.0,19.0,pass,0.0,10.0,0
381231,900.0,959.0,3.0,1,9.0,9.0,pass,0.0,10.0,0
381487,985.0,945.0,1.0,0,10.0,78.0,run,10.0,3.0,1
381708,1060.0,897.0,3.0,0,8.0,76.0,pass,10.0,3.0,0
381789,1095.0,861.0,1.0,0,10.0,67.0,run,10.0,3.0,1
382143,1190.0,721.0,1.0,0,10.0,76.0,pass,3.0,10.0,0
382481,1244.0,647.0,2.0,0,8.0,52.0,pass,3.0,10.0,0
382933,1291.0,571.0,1.0,0,10.0,42.0,pass,3.0,10.0,0
383129,1314.0,566.0,2.0,0,10.0,42.0,pass,3.0,10.0,0
383354,1442.0,439.0,1.0,0,10.0,90.0,run,10.0,3.0,1
383396,1473.0,399.0,2.0,0,6.0,86.0,run,10.0,3.0,1
383685,1495.0,352.0,1.0,0,10.0,78.0,pass,10.0,3.0,0
384167,1571.0,307.0,2.0,0,10.0,60.0,pass,10.0,3.0,0
384392,1641.0,241.0,1.0,0,25.0,44.0,run,10.0,3.0,1
384417,1697.0,189.0,2.0,0,30.0,49.0,pass,10.0,3.0,0
385292,1827.0,71.0,2.0,0,7.0,86.0,pass,3.0,13.0,0
385616,1850.0,67.0,3.0,0,7.0,86.0,pass,3.0,13.0,0
385841,1953.0,51.0,1.0,0,10.0,45.0,pass,13.0,3.0,0
386066,1983.0,45.0,2.0,0,4.0,39.0,pass,13.0,3.0,0
387045,2056.0,16.0,3.0,0,4.0,23.0,pass,13.0,3.0,0
387201,2095.0,9.0,1.0,0,10.0,11.0,pass,13.0,3.0,0
388062,2350.0,1643.0,1.0,0,15.0,47.0,pass,20.0,3.0,0
388143,2375.0,1597.0,1.0,0,10.0,20.0,run,20.0,3.0,1
388287,2397.0,1559.0,2.0,0,6.0,16.0,pass,20.0,3.0,0
388648,2422.0,1512.0,1.0,1,4.0,4.0,pass,20.0,3.0,0
389521,2539.0,1456.0,1.0,0,10.0,76.0,run,3.0,27.0,1
389866,2611.0,1373.0,2.0,0,5.0,60.0,run,3.0,27.0,1
389966,2633.0,1334.0,3.0,0,3.0,58.0,run,3.0,27.0,1
390534,2794.0,1114.0,2.0,0,3.0,11.0,pass,3.0,27.0,0
390615,2817.0,1111.0,3.0,0,3.0,11.0,pass,3.0,27.0,0
391002,2982.0,981.0,1.0,0,10.0,60.0,run,27.0,9.0,1
391291,3004.0,937.0,2.0,0,9.0,59.0,run,27.0,9.0,1
391701,3071.0,855.0,4.0,0,1.0,51.0,run,27.0,9.0,1
391801,3093.0,811.0,1.0,0,10.0,49.0,run,27.0,9.0,1
392043,3175.0,687.0,2.0,0,18.0,27.0,pass,27.0,9.0,0
392397,3259.0,604.0,2.0,0,3.0,81.0,pass,9.0,27.0,0
392593,3282.0,599.0,3.0,0,3.0,81.0,pass,9.0,27.0,0
392883,3345.0,548.0,2.0,0,1.0,67.0,run,9.0,27.0,1
393079,3367.0,523.0,1.0,0,10.0,61.0,pass,9.0,27.0,0
393356,3426.0,491.0,1.0,0,10.0,45.0,pass,9.0,27.0,0
393645,3479.0,436.0,2.0,0,3.0,23.0,pass,9.0,27.0,0
393726,3509.0,398.0,1.0,0,10.0,14.0,pass,9.0,27.0,0
393751,3568.0,393.0,2.0,0,15.0,19.0,pass,9.0,27.0,0
393993,3618.0,312.0,4.0,0,1.0,5.0,pass,9.0,27.0,0
395267,3836.0,244.0,1.0,0,10.0,64.0,pass,15.0,27.0,0
395910,3902.0,201.0,4.0,0,16.0,70.0,pass,15.0,27.0,0
395974,3927.0,177.0,1.0,0,10.0,44.0,pass,15.0,27.0,0
396106,3957.0,174.0,2.0,0,4.0,38.0,pass,15.0,27.0,0
396760,4063.0,126.0,3.0,0,10.0,11.0,pass,15.0,27.0,0
396904,4093.0,120.0,1.0,1,1.0,1.0,pass,15.0,27.0,0
396924,4186.0,115.0,1.0,0,10.0,51.0,pass,22.0,27.0,0
396988,4209.0,112.0,2.0,0,10.0,51.0,pass,22.0,27.0,0
397013,4268.0,108.0,3.0,0,5.0,46.0,pass,22.0,27.0,0
397113,4332.0,92.0,1.0,0,10.0,41.0,run,22.0,27.0,1
397207,4463.0,49.0,2.0,0,20.0,43.0,pass,22.0,27.0,0
397216,4536.0,38.0,3.0,0,15.0,38.0,pass,22.0,27.0,0
397232,4559.0,33.0,4.0,0,15.0,38.0,pass,22.0,27.0,0
397642,117.0,1718.0,2.0,0,1.0,17.0,run,0.0,0.0,1
397763,139.0,1678.0,1.0,0,10.0,11.0,run,0.0,0.0,1
398184,254.0,1603.0,2.0,0,5.0,69.0,pass,0.0,7.0,0
398294,279.0,1558.0,3.0,0,4.0,68.0,pass,0.0,7.0,0
398515,350.0,1487.0,1.0,0,10.0,47.0,pass,0.0,7.0,0
398615,400.0,1423.0,2.0,0,9.0,28.0,pass,0.0,7.0,0
398921,423.0,1418.0,3.0,0,9.0,28.0,pass,0.0,7.0,0
399090,496.0,1405.0,1.0,0,10.0,70.0,pass,7.0,7.0,0
399330,521.0,1368.0,1.0,0,10.0,54.0,pass,7.0,7.0,0
399499,544.0,1362.0,2.0,0,10.0,54.0,run,7.0,7.0,1
399563,566.0,1326.0,3.0,0,6.0,50.0,pass,7.0,7.0,0
399635,609.0,1312.0,1.0,0,10.0,90.0,run,7.0,7.0,1
399779,645.0,1280.0,2.0,0,9.0,89.0,run,7.0,7.0,1
400084,736.0,1203.0,1.0,0,10.0,50.0,run,7.0,7.0,1
400253,812.0,1141.0,2.0,0,7.0,47.0,pass,7.0,7.0,0
400559,862.0,1065.0,1.0,1,1.0,1.0,run,7.0,7.0,1
400608,935.0,1053.0,1.0,0,10.0,64.0,pass,7.0,14.0,0
400867,987.0,1004.0,1.0,0,10.0,48.0,pass,7.0,14.0,0
401728,1070.0,938.0,2.0,0,7.0,33.0,run,7.0,14.0,1
402490,1173.0,894.0,3.0,0,9.0,67.0,pass,14.0,7.0,0
402580,1246.0,880.0,1.0,0,10.0,72.0,run,7.0,14.0,1
403307,1335.0,794.0,1.0,0,10.0,37.0,pass,14.0,7.0,0
403599,1388.0,726.0,3.0,0,10.0,37.0,pass,14.0,7.0,0
403680,1448.0,717.0,1.0,0,10.0,55.0,run,7.0,14.0,1
403969,1476.0,688.0,2.0,0,3.0,48.0,pass,7.0,14.0,0
404033,1535.0,641.0,1.0,0,20.0,51.0,run,7.0,14.0,1
404202,1625.0,596.0,2.0,0,32.0,63.0,pass,7.0,14.0,0
404371,1658.0,585.0,1.0,0,10.0,67.0,pass,14.0,7.0,0
404452,1696.0,555.0,2.0,0,6.0,63.0,run,14.0,7.0,1
404692,1723.0,509.0,3.0,0,4.0,61.0,run,14.0,7.0,1
404813,1745.0,466.0,1.0,0,10.0,55.0,run,14.0,7.0,1
405137,1767.0,418.0,2.0,0,1.0,46.0,run,14.0,7.0,1
405258,1799.0,374.0,1.0,0,10.0,37.0,run,14.0,7.0,1
405339,1826.0,334.0,1.0,0,10.0,19.0,run,14.0,7.0,1
405508,1853.0,293.0,1.0,1,8.0,8.0,pass,14.0,7.0,0
405598,1935.0,282.0,1.0,0,10.0,57.0,pass,7.0,21.0,0
406457,2044.0,187.0,2.0,0,2.0,13.0,run,7.0,21.0,1
406578,2066.0,142.0,3.0,0,3.0,14.0,run,7.0,21.0,1
406710,2088.0,120.0,1.0,1,6.0,6.0,pass,7.0,21.0,0
407441,2239.0,47.0,1.0,0,10.0,46.0,pass,21.0,14.0,0
407585,2271.0,32.0,2.0,0,3.0,39.0,pass,21.0,14.0,0
407729,2296.0,25.0,3.0,0,1.0,37.0,pass,21.0,14.0,0
407898,2333.0,21.0,1.0,0,10.0,33.0,pass,21.0,14.0,0
408140,2594.0,1795.0,1.0,0,15.0,81.0,run,14.0,28.0,1
408221,2619.0,1773.0,2.0,0,11.0,77.0,run,14.0,28.0,1
408417,2650.0,1735.0,3.0,0,9.0,75.0,pass,14.0,28.0,0
408613,2699.0,1722.0,1.0,0,10.0,76.0,pass,28.0,14.0,0
409089,2852.0,1533.0,1.0,0,10.0,69.0,run,14.0,31.0,1
409153,2874.0,1504.0,1.0,0,10.0,59.0,run,14.0,31.0,1
409445,2924.0,1439.0,3.0,0,14.0,63.0,run,14.0,31.0,1
409806,2951.0,1365.0,4.0,0,5.0,54.0,pass,14.0,31.0,0
409855,2974.0,1361.0,1.0,0,10.0,46.0,run,31.0,14.0,1
410121,3101.0,1277.0,1.0,0,10.0,69.0,pass,14.0,38.0,0
410242,3124.0,1272.0,2.0,0,10.0,69.0,pass,14.0,38.0,0
410267,3187.0,1216.0,1.0,0,25.0,69.0,pass,14.0,38.0,0
410573,3230.0,1177.0,3.0,0,34.0,78.0,pass,14.0,38.0,0
410654,3272.0,1159.0,1.0,0,10.0,84.0,pass,38.0,14.0,0
410994,3331.0,1068.0,1.0,0,10.0,59.0,run,38.0,14.0,1
411115,3353.0,1024.0,2.0,0,6.0,55.0,run,38.0,14.0,1
411205,3380.0,981.0,1.0,0,10.0,13.0,run,38.0,14.0,1
411350,3452.0,900.0,3.0,0,5.0,8.0,pass,38.0,14.0,0
411494,3525.0,896.0,1.0,0,10.0,60.0,pass,14.0,45.0,0
412188,3684.0,735.0,1.0,0,10.0,12.0,pass,14.0,45.0,0
412477,3719.0,730.0,2.0,0,10.0,12.0,pass,14.0,45.0,0
412533,3744.0,707.0,3.0,0,1.0,3.0,run,14.0,45.0,1
412669,3855.0,660.0,2.0,0,2.0,35.0,run,45.0,21.0,1
412951,3905.0,567.0,2.0,1,4.0,4.0,run,45.0,21.0,1
413147,3949.0,483.0,4.0,1,4.0,4.0,pass,45.0,21.0,0
413228,4020.0,473.0,1.0,0,10.0,83.0,run,21.0,52.0,1
413524,4067.0,406.0,3.0,0,9.0,82.0,pass,21.0,52.0,0
413624,4140.0,322.0,2.0,0,9.0,70.0,run,52.0,21.0,1
413673,4173.0,293.0,3.0,0,9.0,70.0,run,52.0,21.0,1
413698,4226.0,241.0,1.0,0,10.0,85.0,run,21.0,52.0,1
413804,4280.0,192.0,1.0,0,10.0,68.0,pass,21.0,52.0,0
413868,4303.0,186.0,2.0,0,10.0,68.0,run,21.0,52.0,1
413877,4325.0,143.0,3.0,0,7.0,65.0,pass,21.0,52.0,0
413902,4350.0,120.0,1.0,0,10.0,43.0,run,21.0,52.0,1
413938,4379.0,80.0,2.0,0,7.0,40.0,run,21.0,52.0,1
413963,4401.0,40.0,3.0,0,4.0,37.0,run,21.0,52.0,1
421417,113.0,1729.0,1.0,0,10.0,60.0,run,0.0,0.0,1
421713,184.0,1634.0,3.0,0,20.0,70.0,pass,0.0,0.0,0
421923,229.0,1588.0,1.0,0,10.0,89.0,run,0.0,0.0,1
422179,263.0,1548.0,2.0,0,9.0,88.0,run,0.0,0.0,1
422260,285.0,1503.0,3.0,0,7.0,86.0,pass,0.0,0.0,0
422516,310.0,1462.0,1.0,0,10.0,76.0,pass,0.0,0.0,0
422772,335.0,1420.0,2.0,0,3.0,69.0,run,0.0,0.0,1
422997,357.0,1376.0,3.0,0,7.0,73.0,pass,0.0,0.0,0
423237,399.0,1363.0,1.0,0,10.0,85.0,run,0.0,0.0,1
423301,428.0,1326.0,2.0,0,6.0,81.0,pass,0.0,0.0,0
423607,505.0,1305.0,1.0,0,10.0,49.0,pass,0.0,0.0,0
423688,537.0,1261.0,1.0,0,10.0,39.0,pass,0.0,0.0,0
423769,560.0,1255.0,2.0,0,10.0,39.0,pass,0.0,0.0,0
423938,585.0,1216.0,3.0,0,1.0,30.0,run,0.0,0.0,1
424544,731.0,1086.0,1.0,0,10.0,60.0,pass,0.0,3.0,0
424580,762.0,1046.0,2.0,0,14.0,64.0,pass,0.0,3.0,0
424690,785.0,1042.0,3.0,0,14.0,64.0,pass,0.0,3.0,0
424886,827.0,1030.0,1.0,0,10.0,78.0,pass,3.0,0.0,0
425419,981.0,892.0,1.0,0,10.0,72.0,run,0.0,3.0,1
425540,1003.0,860.0,2.0,0,3.0,65.0,run,0.0,3.0,1
425765,1025.0,818.0,3.0,0,1.0,63.0,run,0.0,3.0,1
426186,1073.0,741.0,2.0,0,8.0,55.0,pass,0.0,3.0,0
426330,1096.0,737.0,3.0,0,8.0,55.0,pass,0.0,3.0,0
426451,1147.0,726.0,1.0,0,10.0,24.0,run,3.0,0.0,1
426707,1185.0,677.0,2.0,0,1.0,15.0,pass,3.0,0.0,0
427141,1362.0,536.0,2.0,0,11.0,43.0,pass,0.0,10.0,0
427354,1430.0,483.0,1.0,0,10.0,91.0,run,10.0,0.0,1
427475,1459.0,440.0,2.0,0,8.0,89.0,pass,10.0,0.0,0
427685,1482.0,436.0,3.0,0,8.0,89.0,pass,10.0,0.0,0
427935,1577.0,363.0,2.0,0,1.0,63.0,run,0.0,10.0,1
428314,1654.0,240.0,3.0,0,4.0,54.0,pass,0.0,10.0,0
428654,1719.0,222.0,2.0,0,10.0,96.0,pass,10.0,0.0,0
428836,1744.0,178.0,3.0,0,3.0,89.0,pass,10.0,0.0,0
429176,1842.0,75.0,2.0,0,6.0,44.0,pass,0.0,10.0,0
429319,1862.0,69.0,3.0,0,13.0,51.0,pass,0.0,10.0,0
429880,1917.0,43.0,2.0,0,10.0,28.0,pass,0.0,10.0,0
430556,1940.0,40.0,3.0,0,10.0,28.0,pass,0.0,10.0,0
431179,2050.0,18.0,2.0,0,10.0,74.0,pass,10.0,3.0,0
431435,2073.0,13.0,3.0,0,10.0,74.0,run,10.0,3.0,1
431567,2159.0,1800.0,1.0,0,10.0,65.0,pass,10.0,3.0,0
431921,2237.0,1701.0,1.0,1,1.0,1.0,pass,10.0,3.0,0
432021,2318.0,1696.0,2.0,1,5.0,5.0,pass,10.0,3.0,0
432190,2341.0,1693.0,3.0,1,5.0,5.0,pass,10.0,3.0,0
433036,2565.0,1518.0,3.0,1,2.0,2.0,pass,13.0,3.0,0
433117,2597.0,1513.0,4.0,1,2.0,2.0,pass,13.0,3.0,0
433731,2731.0,1425.0,2.0,0,7.0,48.0,run,3.0,20.0,1
433962,2775.0,1342.0,1.0,0,10.0,39.0,pass,3.0,20.0,0
434573,2940.0,1233.0,3.0,0,7.0,22.0,pass,3.0,20.0,0
435214,3197.0,1113.0,2.0,0,5.0,55.0,run,20.0,10.0,1
435483,3239.0,1023.0,2.0,0,19.0,56.0,pass,20.0,10.0,0
435519,3264.0,981.0,3.0,0,13.0,50.0,pass,20.0,10.0,0
435744,3289.0,930.0,1.0,0,10.0,34.0,run,20.0,10.0,1
435965,3362.0,859.0,1.0,0,10.0,20.0,run,20.0,10.0,1
436648,3572.0,700.0,1.0,0,20.0,69.0,pass,10.0,27.0,0
436817,3597.0,668.0,2.0,0,9.0,58.0,pass,10.0,27.0,0
436853,3622.0,632.0,3.0,0,1.0,50.0,run,10.0,27.0,1
436974,3644.0,598.0,1.0,0,10.0,48.0,pass,10.0,27.0,0
437038,3667.0,593.0,2.0,0,10.0,48.0,pass,10.0,27.0,0
437182,3697.0,561.0,1.0,0,10.0,37.0,pass,10.0,27.0,0
437246,3720.0,555.0,2.0,0,10.0,37.0,pass,10.0,27.0,0
437310,3750.0,518.0,3.0,0,6.0,33.0,pass,10.0,27.0,0
437479,3886.0,493.0,1.0,0,10.0,75.0,pass,10.0,34.0,0
437543,3911.0,470.0,2.0,0,2.0,67.0,run,10.0,34.0,1
437643,3933.0,447.0,1.0,0,10.0,64.0,pass,10.0,34.0,0
437679,3958.0,419.0,2.0,0,4.0,58.0,pass,10.0,34.0,0
437848,3988.0,389.0,3.0,0,5.0,59.0,pass,10.0,34.0,0
437938,4035.0,382.0,4.0,0,10.0,64.0,pass,10.0,34.0,0
438002,4058.0,377.0,1.0,0,10.0,36.0,run,34.0,10.0,1
438195,4136.0,288.0,2.0,0,10.0,23.0,pass,34.0,10.0,0
438220,4194.0,283.0,1.0,0,10.0,65.0,run,10.0,41.0,1
438320,4216.0,244.0,1.0,0,10.0,34.0,run,10.0,41.0,1
438356,4238.0,206.0,2.0,0,10.0,34.0,run,10.0,41.0,1
438437,4260.0,172.0,3.0,0,3.0,27.0,pass,10.0,41.0,0
438479,4285.0,131.0,1.0,0,10.0,22.0,run,10.0,41.0,1
438480,4307.0,120.0,2.0,0,2.0,14.0,pass,10.0,41.0,0
446861,84.0,1769.0,2.0,0,6.0,68.0,pass,0.0,0.0,0
449144,208.0,1671.0,1.0,0,10.0,14.0,pass,0.0,0.0,0
449265,231.0,1666.0,2.0,0,10.0,14.0,run,0.0,0.0,1
449521,253.0,1622.0,3.0,0,7.0,11.0,pass,0.0,0.0,0
449717,326.0,1607.0,1.0,0,10.0,64.0,run,0.0,3.0,1
449962,392.0,1493.0,1.0,0,10.0,36.0,pass,0.0,3.0,0
449987,417.0,1453.0,2.0,0,9.0,35.0,pass,0.0,3.0,0
450036,442.0,1410.0,1.0,0,10.0,23.0,pass,0.0,3.0,0
450200,535.0,1360.0,2.0,0,5.0,65.0,run,3.0,7.0,1
450290,557.0,1318.0,3.0,0,1.0,61.0,run,3.0,7.0,1
451062,733.0,1159.0,1.0,0,10.0,65.0,run,7.0,6.0,1
451318,755.0,1118.0,2.0,0,6.0,61.0,run,7.0,6.0,1
451763,867.0,1057.0,1.0,0,10.0,62.0,pass,6.0,7.0,0
451812,890.0,1051.0,2.0,0,10.0,62.0,pass,6.0,7.0,0
451876,915.0,1010.0,3.0,0,2.0,54.0,pass,6.0,7.0,0
451901,945.0,983.0,1.0,0,10.0,11.0,run,6.0,7.0,1
452001,967.0,942.0,2.0,0,6.0,7.0,run,6.0,7.0,1
452101,1009.0,900.0,1.0,1,1.0,1.0,run,6.0,7.0,1
452343,1132.0,845.0,1.0,0,10.0,67.0,pass,7.0,13.0,0
453089,1281.0,646.0,2.0,1,3.0,3.0,pass,7.0,13.0,0
453189,1352.0,638.0,1.0,0,10.0,72.0,run,13.0,14.0,1
453253,1374.0,599.0,2.0,0,8.0,70.0,pass,13.0,14.0,0
453422,1435.0,530.0,1.0,0,15.0,64.0,pass,13.0,14.0,0
453682,1488.0,484.0,3.0,0,3.0,52.0,run,13.0,14.0,1
453763,1510.0,452.0,4.0,0,1.0,50.0,run,13.0,14.0,1
453799,1542.0,448.0,1.0,0,10.0,50.0,run,14.0,13.0,1
453929,1589.0,393.0,2.0,0,7.0,36.0,run,14.0,13.0,1
454029,1611.0,349.0,3.0,0,6.0,35.0,pass,14.0,13.0,0
454129,1678.0,319.0,1.0,0,10.0,29.0,pass,14.0,13.0,0
454250,1703.0,285.0,2.0,0,7.0,26.0,pass,14.0,13.0,0
454845,2011.0,178.0,1.0,0,10.0,81.0,run,13.0,21.0,1
455027,2033.0,142.0,2.0,0,4.0,75.0,run,13.0,21.0,1
455196,2055.0,120.0,3.0,0,3.0,74.0,pass,13.0,21.0,0
455277,2106.0,114.0,1.0,0,10.0,65.0,pass,13.0,21.0,0
455846,2241.0,85.0,1.0,0,10.0,68.0,pass,21.0,20.0,0
456381,2351.0,18.0,1.0,0,10.0,93.0,run,20.0,21.0,1
456445,2442.0,1800.0,1.0,0,10.0,60.0,run,21.0,20.0,1
456589,2464.0,1758.0,2.0,0,5.0,55.0,pass,21.0,20.0,0
456670,2489.0,1719.0,3.0,0,4.0,54.0,run,21.0,20.0,1
456814,2511.0,1693.0,1.0,0,10.0,36.0,pass,21.0,20.0,0
456895,2536.0,1655.0,2.0,0,4.0,30.0,pass,21.0,20.0,0
457281,2654.0,1566.0,1.0,0,10.0,60.0,pass,20.0,28.0,0
457481,2717.0,1483.0,1.0,0,10.0,38.0,pass,20.0,28.0,0
457706,2742.0,1441.0,1.0,0,10.0,26.0,pass,20.0,28.0,0
457850,2767.0,1401.0,2.0,0,4.0,20.0,pass,20.0,28.0,0
457971,2795.0,1397.0,3.0,0,4.0,20.0,pass,20.0,28.0,0
458477,2911.0,1283.0,3.0,0,21.0,26.0,run,20.0,28.0,1
458577,2983.0,1236.0,1.0,0,10.0,65.0,pass,28.0,23.0,0
458875,3082.0,1146.0,1.0,0,10.0,51.0,run,28.0,23.0,1
459100,3104.0,1107.0,2.0,0,7.0,48.0,run,28.0,23.0,1
459415,3174.0,1063.0,1.0,0,10.0,92.0,run,23.0,28.0,1
459496,3208.0,1027.0,2.0,0,8.0,90.0,pass,23.0,28.0,0
459752,3233.0,989.0,3.0,0,2.0,84.0,pass,23.0,28.0,0
460065,3324.0,900.0,2.0,0,5.0,70.0,pass,23.0,28.0,0
460309,3372.0,851.0,2.0,0,10.0,58.0,pass,23.0,28.0,0
460390,3397.0,809.0,3.0,0,5.0,53.0,pass,23.0,28.0,0
460426,3433.0,786.0,4.0,0,2.0,50.0,pass,23.0,28.0,0
460570,3497.0,775.0,1.0,0,10.0,35.0,pass,28.0,23.0,0
460752,3522.0,734.0,2.0,0,1.0,26.0,run,28.0,23.0,1
461179,3576.0,685.0,1.0,0,10.0,91.0,run,23.0,28.0,1
461279,3605.0,651.0,2.0,0,1.0,82.0,run,23.0,28.0,1
461640,3627.0,613.0,1.0,0,10.0,80.0,run,23.0,28.0,1
461850,3654.0,567.0,1.0,0,10.0,12.0,run,23.0,28.0,1
462013,3704.0,520.0,3.0,0,8.0,10.0,pass,23.0,28.0,0
462169,3777.0,509.0,1.0,0,10.0,65.0,run,28.0,26.0,1
462580,3843.0,386.0,1.0,0,10.0,54.0,run,28.0,26.0,1
462712,3863.0,339.0,2.0,0,11.0,55.0,pass,28.0,26.0,0
463058,4027.0,239.0,2.0,0,24.0,39.0,pass,28.0,26.0,0
463148,4050.0,235.0,3.0,0,24.0,39.0,pass,28.0,26.0,0
463184,4096.0,195.0,1.0,0,10.0,68.0,run,26.0,28.0,1
463233,4128.0,158.0,2.0,0,6.0,64.0,run,26.0,28.0,1
463258,4150.0,120.0,1.0,0,10.0,54.0,run,26.0,28.0,1
463267,4179.0,115.0,2.0,0,6.0,50.0,run,26.0,28.0,1
463292,4208.0,110.0,3.0,0,6.0,50.0,pass,26.0,28.0,0
463373,4240.0,104.0,1.0,0,10.0,43.0,run,26.0,28.0,1
463422,4269.0,62.0,2.0,0,8.0,41.0,run,26.0,28.0,1
463522,4291.0,17.0,3.0,0,7.0,40.0,run,26.0,28.0,1
472090,265.0,1557.0,2.0,0,6.0,9.0,pass,0.0,0.0,0
472568,470.0,1456.0,1.0,0,10.0,72.0,run,7.0,0.0,1
472604,492.0,1414.0,2.0,0,4.0,66.0,pass,7.0,0.0,0
473663,663.0,1192.0,1.0,0,10.0,80.0,pass,0.0,7.0,0
473919,710.0,1187.0,2.0,0,10.0,80.0,run,0.0,7.0,1
474040,737.0,1153.0,1.0,0,10.0,69.0,pass,0.0,7.0,0
474373,826.0,1081.0,2.0,0,10.0,31.0,pass,0.0,7.0,0
474802,906.0,958.0,1.0,1,5.0,5.0,run,0.0,7.0,1
475201,954.0,910.0,3.0,1,4.0,4.0,pass,0.0,7.0,0
475766,1100.0,861.0,1.0,0,10.0,62.0,run,7.0,7.0,1
476143,1174.0,745.0,2.0,0,1.0,41.0,run,7.0,7.0,1
476731,1346.0,599.0,2.0,0,7.0,58.0,pass,7.0,14.0,0
477547,1478.0,511.0,3.0,0,25.0,65.0,run,7.0,14.0,1
477992,1578.0,472.0,2.0,0,10.0,87.0,run,14.0,7.0,1
478376,1638.0,424.0,1.0,0,10.0,30.0,pass,7.0,14.0,0
478901,1735.0,298.0,2.0,0,10.0,20.0,pass,7.0,14.0,0
479022,1755.0,255.0,3.0,0,17.0,27.0,pass,7.0,14.0,0
479387,1859.0,205.0,2.0,0,10.0,65.0,run,14.0,10.0,1
479487,1881.0,160.0,3.0,0,7.0,62.0,pass,14.0,10.0,0
479608,1911.0,121.0,1.0,0,10.0,22.0,pass,14.0,10.0,0
479896,2021.0,107.0,3.0,0,10.0,22.0,run,14.0,10.0,1
480285,2145.0,82.0,1.0,0,10.0,35.0,pass,10.0,17.0,0
480835,2220.0,26.0,1.0,0,10.0,73.0,pass,17.0,10.0,0
481389,2344.0,1756.0,2.0,0,5.0,71.0,run,10.0,17.0,1
482403,2478.0,1569.0,1.0,0,10.0,13.0,pass,10.0,17.0,0
482628,2560.0,1559.0,1.0,0,10.0,81.0,run,17.0,17.0,1
482677,2582.0,1517.0,2.0,0,5.0,76.0,run,17.0,17.0,1
482911,2685.0,1420.0,1.0,0,10.0,65.0,run,17.0,17.0,1
483528,2759.0,1330.0,1.0,0,10.0,30.0,run,17.0,17.0,1
483628,2805.0,1274.0,2.0,0,9.0,29.0,pass,17.0,17.0,0
483709,2830.0,1234.0,3.0,0,4.0,24.0,run,17.0,17.0,1
483973,2962.0,1140.0,1.0,0,10.0,47.0,run,17.0,24.0,1
484340,3077.0,1051.0,1.0,0,10.0,75.0,run,24.0,24.0,1
484484,3099.0,1014.0,2.0,0,1.0,66.0,run,24.0,24.0,1
484965,3223.0,862.0,2.0,0,9.0,53.0,pass,24.0,24.0,0
485121,3248.0,820.0,1.0,0,10.0,36.0,pass,24.0,24.0,0
485302,3314.0,755.0,2.0,0,3.0,12.0,run,24.0,24.0,1
486202,3472.0,697.0,1.0,0,10.0,63.0,run,24.0,27.0,1
486266,3494.0,662.0,2.0,0,12.0,65.0,pass,24.0,27.0,0
486932,3611.0,597.0,3.0,0,5.0,83.0,pass,27.0,24.0,0
487042,3641.0,563.0,1.0,0,10.0,68.0,run,27.0,24.0,1
487098,3663.0,521.0,2.0,0,9.0,67.0,pass,27.0,24.0,0
487331,3718.0,441.0,1.0,0,10.0,55.0,run,27.0,24.0,1
487512,3762.0,374.0,3.0,0,2.0,47.0,pass,27.0,24.0,0
487996,3837.0,325.0,1.0,0,10.0,77.0,pass,24.0,27.0,0
488117,3860.0,322.0,2.0,0,10.0,77.0,pass,24.0,27.0,0
488431,3932.0,267.0,3.0,0,14.0,16.0,run,27.0,24.0,1
488480,3954.0,227.0,4.0,0,5.0,7.0,pass,27.0,24.0,0
488662,3977.0,222.0,1.0,0,10.0,92.0,pass,24.0,27.0,0
488671,4000.0,218.0,2.0,0,10.0,92.0,pass,24.0,27.0,0
488707,4023.0,213.0,3.0,0,10.0,92.0,pass,24.0,27.0,0
488788,4048.0,165.0,4.0,0,3.0,85.0,pass,24.0,27.0,0
489067,4192.0,109.0,1.0,0,10.0,42.0,pass,24.0,27.0,0
489092,4217.0,86.0,2.0,0,5.0,37.0,pass,24.0,27.0,0
489156,4247.0,80.0,1.0,0,10.0,21.0,pass,24.0,27.0,0
489220,4272.0,69.0,1.0,0,10.0,11.0,pass,24.0,27.0,0
489269,4304.0,64.0,2.0,0,3.0,4.0,run,24.0,27.0,1
489278,4373.0,51.0,1.0,1,5.0,5.0,run,24.0,27.0,1
489294,4395.0,25.0,2.0,1,3.0,3.0,pass,24.0,27.0,0
489319,4427.0,19.0,3.0,1,1.0,1.0,run,24.0,27.0,1
489344,65.0,1793.0,1.0,0,10.0,76.0,pass,0.0,0.0,0
489425,102.0,1785.0,1.0,0,10.0,25.0,pass,0.0,0.0,0
489553,150.0,1733.0,3.0,0,5.0,20.0,pass,0.0,0.0,0
489797,245.0,1678.0,1.0,0,10.0,65.0,pass,0.0,3.0,0
490187,317.0,1572.0,1.0,0,10.0,40.0,run,0.0,3.0,1
490750,444.0,1493.0,3.0,0,7.0,26.0,pass,0.0,3.0,0
490919,514.0,1437.0,1.0,0,10.0,65.0,pass,3.0,3.0,0
490955,561.0,1431.0,2.0,0,15.0,70.0,pass,3.0,3.0,0
491657,682.0,1289.0,3.0,0,12.0,86.0,pass,3.0,3.0,0
492057,765.0,1192.0,1.0,0,10.0,53.0,run,3.0,3.0,1
492226,787.0,1149.0,2.0,0,4.0,47.0,run,3.0,3.0,1
492290,820.0,1128.0,1.0,0,10.0,35.0,pass,3.0,3.0,0
492800,972.0,965.0,1.0,0,5.0,7.0,run,3.0,3.0,1
493124,994.0,928.0,2.0,0,8.0,10.0,pass,3.0,3.0,0
493173,1054.0,920.0,1.0,0,10.0,65.0,run,3.0,10.0,1
493294,1133.0,893.0,1.0,0,10.0,53.0,run,3.0,10.0,1
493463,1155.0,850.0,2.0,0,10.0,53.0,pass,3.0,10.0,0
493607,1178.0,842.0,3.0,0,10.0,53.0,pass,3.0,10.0,0
493832,1264.0,771.0,2.0,0,17.0,35.0,run,3.0,10.0,1
493896,1286.0,725.0,3.0,0,2.0,20.0,run,3.0,10.0,1
494133,1333.0,645.0,2.0,0,6.0,13.0,pass,3.0,10.0,0
494635,1493.0,544.0,2.0,0,12.0,70.0,pass,10.0,6.0,0
495070,1615.0,412.0,1.0,0,10.0,77.0,run,6.0,10.0,1
495202,1640.0,372.0,1.0,0,10.0,67.0,pass,6.0,10.0,0
495609,1688.0,321.0,3.0,0,1.0,58.0,run,6.0,10.0,1
496079,1818.0,154.0,1.0,0,10.0,67.0,pass,10.0,6.0,0
496200,1843.0,120.0,2.0,0,3.0,60.0,pass,10.0,6.0,0
496431,1950.0,97.0,1.0,0,10.0,59.0,pass,6.0,17.0,0
496495,1975.0,80.0,2.0,0,6.0,55.0,pass,6.0,17.0,0
496677,1998.0,74.0,3.0,0,6.0,55.0,pass,6.0,17.0,0
496821,2025.0,64.0,1.0,0,10.0,99.0,run,17.0,6.0,1
497181,2110.0,12.0,1.0,0,10.0,88.0,run,17.0,6.0,1
497350,2175.0,1793.0,1.0,0,10.0,74.0,run,17.0,6.0,1
497450,2197.0,1753.0,2.0,0,11.0,75.0,pass,17.0,6.0,0
497624,2247.0,1698.0,2.0,0,6.0,47.0,pass,17.0,6.0,0
497806,2272.0,1654.0,1.0,0,10.0,38.0,pass,17.0,6.0,0
498005,2321.0,1563.0,3.0,0,12.0,40.0,pass,17.0,6.0,0
498174,2346.0,1524.0,4.0,0,2.0,30.0,pass,17.0,6.0,0
498274,2378.0,1477.0,1.0,1,5.0,5.0,run,17.0,6.0,1
498299,2407.0,1441.0,2.0,1,2.0,2.0,run,17.0,6.0,1
498389,2429.0,1398.0,3.0,1,1.0,1.0,run,17.0,6.0,1
498405,2514.0,1342.0,1.0,0,10.0,80.0,pass,6.0,20.0,0
498469,2537.0,1339.0,2.0,0,10.0,80.0,run,6.0,20.0,1
499168,2636.0,1193.0,3.0,0,1.0,57.0,run,6.0,20.0,1
499193,2658.0,1151.0,1.0,0,10.0,55.0,run,6.0,20.0,1
499533,2710.0,1074.0,3.0,0,6.0,51.0,pass,6.0,20.0,0
499871,2760.0,989.0,2.0,0,1.0,33.0,pass,6.0,20.0,0
500173,2847.0,900.0,2.0,0,10.0,32.0,run,6.0,20.0,1
500329,2903.0,849.0,3.0,0,1.0,23.0,pass,6.0,20.0,0
500393,2928.0,808.0,1.0,0,10.0,18.0,pass,6.0,20.0,0
500857,3110.0,636.0,2.0,0,1.0,71.0,run,20.0,9.0,1
500957,3132.0,594.0,1.0,0,10.0,70.0,pass,20.0,9.0,0
501245,3182.0,547.0,2.0,0,10.0,59.0,pass,20.0,9.0,0
501583,3242.0,494.0,4.0,0,1.0,50.0,run,20.0,9.0,1
501632,3276.0,490.0,1.0,0,10.0,43.0,pass,9.0,20.0,0
502199,3379.0,405.0,2.0,0,10.0,15.0,pass,9.0,20.0,0
502355,3404.0,365.0,3.0,0,15.0,20.0,pass,9.0,20.0,0
502580,3427.0,358.0,1.0,0,10.0,80.0,run,20.0,9.0,1
502724,3456.0,321.0,2.0,0,3.0,73.0,run,20.0,9.0,1
502868,3478.0,280.0,3.0,0,4.0,74.0,pass,20.0,9.0,0
502989,3527.0,263.0,1.0,0,10.0,67.0,pass,9.0,20.0,0
504123,3713.0,202.0,3.0,0,6.0,66.0,pass,9.0,20.0,0
504412,3736.0,196.0,4.0,0,6.0,66.0,pass,9.0,20.0,0
504884,3813.0,134.0,1.0,0,10.0,23.0,run,20.0,9.0,1
505080,3883.0,122.0,2.0,0,11.0,24.0,run,20.0,9.0,1
505096,3907.0,117.0,3.0,0,6.0,19.0,run,20.0,9.0,1
505160,69.0,1794.0,1.0,0,10.0,72.0,pass,0.0,0.0,0
505434,174.0,1676.0,3.0,0,23.0,85.0,pass,0.0,0.0,0
505534,225.0,1622.0,1.0,0,10.0,72.0,run,0.0,0.0,1
505744,281.0,1581.0,2.0,0,3.0,65.0,pass,0.0,0.0,0
506838,488.0,1377.0,2.0,0,5.0,60.0,run,0.0,7.0,1
506938,510.0,1343.0,3.0,0,5.0,60.0,run,0.0,7.0,1
507019,552.0,1299.0,1.0,0,10.0,90.0,run,7.0,0.0,1
507296,606.0,1226.0,3.0,0,3.0,83.0,pass,7.0,0.0,0
507832,764.0,1042.0,1.0,0,10.0,59.0,run,0.0,7.0,1
507913,786.0,1002.0,2.0,0,7.0,56.0,pass,0.0,7.0,0
508443,963.0,774.0,1.0,0,10.0,35.0,pass,0.0,7.0,0
508468,983.0,734.0,2.0,0,16.0,41.0,run,0.0,7.0,1
508664,1005.0,689.0,3.0,0,12.0,37.0,pass,0.0,7.0,0
508860,1078.0,676.0,1.0,0,10.0,75.0,pass,7.0,3.0,0
508924,1103.0,628.0,1.0,0,10.0,42.0,pass,7.0,3.0,0
509024,1126.0,622.0,2.0,0,10.0,42.0,pass,7.0,3.0,0
509280,1158.0,588.0,3.0,0,1.0,33.0,pass,7.0,3.0,0
509412,1183.0,544.0,1.0,0,10.0,13.0,pass,7.0,3.0,0
509555,1213.0,502.0,2.0,0,4.0,7.0,run,7.0,3.0,1
509699,1235.0,460.0,1.0,1,3.0,3.0,pass,7.0,3.0,0
509924,1258.0,457.0,2.0,1,3.0,3.0,pass,7.0,3.0,0
510014,1295.0,454.0,3.0,1,3.0,3.0,pass,7.0,3.0,0
511225,1633.0,267.0,1.0,0,10.0,95.0,pass,10.0,3.0,0
511603,1687.0,208.0,3.0,0,5.0,90.0,pass,10.0,3.0,0
511747,1756.0,188.0,1.0,0,10.0,56.0,run,3.0,10.0,1
511943,1778.0,150.0,1.0,0,10.0,46.0,run,3.0,10.0,1
512371,1856.0,88.0,1.0,0,10.0,36.0,run,3.0,10.0,1
512581,1905.0,69.0,2.0,0,6.0,32.0,pass,3.0,10.0,0
513191,1981.0,57.0,2.0,1,9.0,9.0,pass,3.0,10.0,0
513291,2004.0,49.0,3.0,1,9.0,9.0,pass,3.0,10.0,0
513724,2152.0,23.0,1.0,0,10.0,32.0,run,10.0,10.0,1
513934,2174.0,16.0,2.0,0,7.0,29.0,run,10.0,10.0,1
514251,2316.0,1747.0,1.0,0,10.0,46.0,run,10.0,13.0,1
514332,2338.0,1706.0,2.0,0,9.0,45.0,pass,10.0,13.0,0
514557,2363.0,1672.0,3.0,0,9.0,45.0,pass,10.0,13.0,0
514847,2421.0,1605.0,2.0,0,3.0,12.0,run,10.0,13.0,1
515231,2468.0,1519.0,2.0,1,8.0,8.0,pass,10.0,13.0,0
515321,2493.0,1476.0,3.0,1,3.0,3.0,pass,10.0,13.0,0
515385,2571.0,1463.0,1.0,0,10.0,74.0,run,13.0,13.0,1
515506,2593.0,1426.0,2.0,0,6.0,70.0,pass,13.0,13.0,0
515835,2662.0,1325.0,1.0,0,10.0,50.0,run,13.0,13.0,1
515907,2689.0,1288.0,2.0,0,5.0,45.0,pass,13.0,13.0,0
516063,2746.0,1226.0,1.0,0,10.0,38.0,run,13.0,13.0,1
516248,2799.0,1160.0,3.0,0,13.0,41.0,run,13.0,13.0,1
516537,2871.0,1107.0,1.0,0,10.0,69.0,pass,13.0,16.0,0
516989,2926.0,1026.0,1.0,0,10.0,23.0,run,13.0,16.0,1
517089,2948.0,981.0,1.0,1,8.0,8.0,pass,13.0,16.0,0
517583,3128.0,915.0,3.0,0,5.0,81.0,pass,16.0,20.0,0
517903,3222.0,900.0,2.0,0,8.0,72.0,pass,20.0,16.0,0
518072,3247.0,858.0,3.0,0,2.0,66.0,pass,20.0,16.0,0
518412,3294.0,786.0,2.0,0,11.0,54.0,pass,20.0,16.0,0
519199,3405.0,675.0,2.0,0,8.0,71.0,pass,16.0,20.0,0
519343,3435.0,669.0,1.0,0,10.0,21.0,run,20.0,16.0,1
519539,3482.0,584.0,3.0,0,5.0,16.0,pass,20.0,16.0,0
519620,3577.0,574.0,1.0,0,15.0,81.0,pass,16.0,27.0,0
519841,3623.0,564.0,3.0,0,15.0,81.0,pass,16.0,27.0,0
519905,3672.0,548.0,1.0,0,10.0,66.0,pass,27.0,16.0,0
520074,3702.0,542.0,2.0,0,10.0,66.0,run,27.0,16.0,1
520640,3892.0,405.0,1.0,0,10.0,65.0,pass,16.0,33.0,0
521076,3947.0,360.0,2.0,0,4.0,49.0,run,16.0,33.0,1
521364,3994.0,312.0,2.0,0,2.0,32.0,pass,16.0,33.0,0
521527,4053.0,247.0,1.0,0,10.0,29.0,pass,16.0,33.0,0
521748,4156.0,195.0,2.0,0,10.0,17.0,pass,16.0,33.0,0
521868,4250.0,159.0,1.0,0,10.0,41.0,run,33.0,19.0,1
522002,4346.0,137.0,1.0,1,7.0,7.0,run,33.0,19.0,1
532261,149.0,1639.0,2.0,0,13.0,53.0,pass,0.0,0.0,0
532461,197.0,1590.0,4.0,0,3.0,43.0,pass,0.0,0.0,0
532582,222.0,1546.0,1.0,0,10.0,33.0,pass,0.0,0.0,0
532928,269.0,1474.0,2.0,0,7.0,8.0,pass,0.0,0.0,0
533575,471.0,1374.0,1.0,0,10.0,70.0,run,6.0,0.0,1
533656,524.0,1327.0,2.0,0,12.0,72.0,pass,6.0,0.0,0
533756,549.0,1282.0,3.0,0,4.0,64.0,pass,6.0,0.0,0
533877,574.0,1243.0,1.0,0,10.0,49.0,run,6.0,0.0,1
534031,618.0,1160.0,3.0,0,6.0,45.0,run,6.0,0.0,1
534336,672.0,1086.0,2.0,0,4.0,26.0,run,6.0,0.0,1
534561,694.0,1042.0,1.0,0,10.0,20.0,run,6.0,0.0,1
534705,716.0,998.0,2.0,0,8.0,18.0,run,6.0,0.0,1
534930,738.0,955.0,3.0,0,6.0,16.0,pass,6.0,0.0,0
535220,856.0,917.0,2.0,0,1.0,74.0,pass,0.0,12.0,0
535775,953.0,816.0,1.0,0,10.0,48.0,run,0.0,12.0,1
535944,975.0,774.0,2.0,0,6.0,44.0,run,0.0,12.0,1
536008,997.0,730.0,1.0,0,10.0,26.0,run,0.0,12.0,1
536038,1019.0,685.0,2.0,0,2.0,18.0,pass,0.0,12.0,0
536062,1090.0,674.0,1.0,0,10.0,75.0,pass,12.0,7.0,0
536162,1115.0,636.0,2.0,0,1.0,66.0,pass,12.0,7.0,0
536331,1140.0,594.0,1.0,0,10.0,59.0,run,12.0,7.0,1
537220,1337.0,370.0,1.0,0,10.0,33.0,pass,12.0,7.0,0
537401,1389.0,290.0,1.0,0,10.0,21.0,pass,12.0,7.0,0
537596,1414.0,254.0,2.0,0,10.0,21.0,run,12.0,7.0,1
537696,1436.0,214.0,3.0,0,1.0,12.0,run,12.0,7.0,1
537992,1480.0,164.0,2.0,1,8.0,8.0,run,12.0,7.0,1
538509,1635.0,104.0,1.0,0,10.0,55.0,run,7.0,15.0,1
538753,1693.0,66.0,3.0,0,1.0,46.0,pass,7.0,15.0,0
538909,1718.0,60.0,1.0,0,10.0,34.0,pass,7.0,15.0,0
539318,1912.0,1794.0,1.0,0,10.0,71.0,run,14.0,15.0,1
539558,1968.0,1750.0,2.0,0,13.0,74.0,pass,14.0,15.0,0
539791,2034.0,1698.0,1.0,0,10.0,27.0,run,14.0,15.0,1
539996,2122.0,1587.0,3.0,0,12.0,29.0,pass,14.0,15.0,0
540165,2208.0,1534.0,1.0,0,10.0,83.0,run,15.0,17.0,1
540286,2230.0,1499.0,2.0,0,7.0,80.0,pass,15.0,17.0,0
540335,2253.0,1494.0,3.0,0,7.0,80.0,pass,15.0,17.0,0
540960,2474.0,1370.0,1.0,0,10.0,33.0,run,17.0,15.0,1
541060,2496.0,1343.0,2.0,0,10.0,33.0,run,17.0,15.0,1
541181,2518.0,1302.0,3.0,0,5.0,28.0,pass,17.0,15.0,0
541607,2683.0,1147.0,3.0,0,11.0,20.0,pass,17.0,15.0,0
542099,2865.0,1009.0,3.0,0,3.0,76.0,pass,15.0,20.0,0
542220,2890.0,957.0,1.0,0,10.0,21.0,run,15.0,20.0,1
542301,2912.0,912.0,1.0,1,6.0,6.0,run,15.0,20.0,1
542411,3018.0,900.0,1.0,0,10.0,69.0,run,20.0,23.0,1
542532,3043.0,859.0,2.0,0,10.0,69.0,pass,20.0,23.0,0
542838,3068.0,815.0,1.0,0,10.0,54.0,pass,20.0,23.0,0
543220,3212.0,686.0,2.0,0,7.0,84.0,run,23.0,20.0,1
543597,3292.0,578.0,1.0,0,15.0,81.0,run,23.0,20.0,1
544585,3519.0,377.0,1.0,0,10.0,76.0,pass,27.0,30.0,0
544781,3544.0,334.0,1.0,0,10.0,63.0,run,27.0,30.0,1
545071,3591.0,243.0,3.0,0,7.0,60.0,pass,27.0,30.0,0
545327,3640.0,198.0,1.0,0,15.0,58.0,pass,27.0,30.0,0
545571,3712.0,187.0,3.0,0,7.0,50.0,pass,27.0,30.0,0
545692,3737.0,141.0,4.0,0,9.0,52.0,pass,27.0,30.0,0
545873,3786.0,120.0,2.0,0,8.0,36.0,pass,30.0,27.0,0
546017,3816.0,116.0,3.0,0,8.0,36.0,pass,30.0,27.0,0
546098,3926.0,107.0,1.0,0,10.0,60.0,pass,27.0,33.0,0
546179,3956.0,102.0,2.0,0,3.0,53.0,pass,27.0,33.0,0
546374,3981.0,75.0,1.0,0,10.0,44.0,pass,27.0,33.0,0
546474,4064.0,69.0,1.0,0,20.0,36.0,pass,27.0,33.0,0
546538,4087.0,64.0,2.0,0,20.0,36.0,pass,27.0,33.0,0
546602,4122.0,58.0,3.0,0,12.0,28.0,pass,27.0,33.0,0
546772,75.0,1788.0,1.0,0,10.0,80.0,run,0.0,0.0,1
546773,97.0,1760.0,2.0,0,6.0,76.0,pass,0.0,0.0,0
546782,122.0,1723.0,3.0,0,1.0,71.0,run,0.0,0.0,1
546798,144.0,1684.0,1.0,0,10.0,68.0,pass,0.0,0.0,0
546879,169.0,1644.0,2.0,0,1.0,59.0,run,0.0,0.0,1
546960,207.0,1628.0,2.0,0,2.0,60.0,run,0.0,0.0,1
547337,251.0,1541.0,2.0,0,10.0,58.0,pass,0.0,0.0,0
547458,276.0,1496.0,3.0,0,4.0,52.0,pass,0.0,0.0,0
547579,301.0,1456.0,1.0,0,10.0,38.0,pass,0.0,0.0,0
548413,531.0,1281.0,3.0,0,13.0,20.0,pass,0.0,0.0,0
549153,760.0,1187.0,1.0,0,15.0,74.0,pass,3.0,0.0,0
549551,852.0,1088.0,1.0,0,10.0,32.0,pass,3.0,0.0,0
549857,904.0,1018.0,2.0,0,8.0,15.0,pass,3.0,0.0,0
549906,929.0,973.0,3.0,0,7.0,14.0,pass,3.0,0.0,0
549996,1002.0,960.0,1.0,0,10.0,69.0,run,0.0,6.0,1
550096,1024.0,929.0,2.0,0,7.0,66.0,pass,0.0,6.0,0
550206,1069.0,900.0,3.0,0,7.0,66.0,pass,0.0,6.0,0
550242,1109.0,849.0,1.0,0,10.0,81.0,run,6.0,0.0,1
550323,1131.0,826.0,2.0,0,9.0,80.0,pass,6.0,0.0,0
550533,1156.0,783.0,3.0,0,7.0,78.0,pass,6.0,0.0,0
551159,1280.0,630.0,2.0,0,3.0,31.0,run,0.0,6.0,1
551393,1347.0,550.0,3.0,0,10.0,25.0,pass,0.0,6.0,0
551728,1486.0,387.0,1.0,0,10.0,54.0,pass,6.0,3.0,0
551818,1511.0,343.0,1.0,0,10.0,29.0,pass,6.0,3.0,0
551899,1582.0,330.0,1.0,0,10.0,64.0,pass,3.0,13.0,0
552744,1724.0,204.0,2.0,0,10.0,19.0,pass,3.0,13.0,0
553055,1879.0,136.0,3.0,0,9.0,10.0,pass,3.0,13.0,0
553237,1978.0,127.0,1.0,0,10.0,77.0,run,13.0,10.0,1
553381,2000.0,120.0,2.0,0,10.0,77.0,pass,13.0,10.0,0
553886,2103.0,96.0,1.0,0,10.0,80.0,pass,10.0,13.0,0
554142,2128.0,78.0,2.0,0,4.0,74.0,pass,10.0,13.0,0
554347,2224.0,49.0,2.0,0,12.0,66.0,pass,10.0,13.0,0
554411,2258.0,45.0,3.0,0,12.0,66.0,pass,10.0,13.0,0
554792,2329.0,15.0,3.0,0,10.0,50.0,pass,10.0,13.0,0
555479,2526.0,1743.0,2.0,0,10.0,29.0,pass,13.0,10.0,0
555560,2551.0,1699.0,3.0,0,5.0,24.0,pass,13.0,10.0,0
555681,2576.0,1655.0,1.0,0,10.0,17.0,run,13.0,10.0,1
555745,2598.0,1616.0,2.0,0,9.0,16.0,run,13.0,10.0,1
555866,2620.0,1573.0,3.0,0,3.0,10.0,run,13.0,10.0,1
556010,2642.0,1525.0,4.0,0,3.0,10.0,pass,13.0,10.0,0
556212,2694.0,1482.0,2.0,0,6.0,86.0,run,10.0,13.0,1
556500,2721.0,1451.0,1.0,0,10.0,79.0,run,10.0,13.0,1
556564,2743.0,1403.0,2.0,0,11.0,80.0,pass,10.0,13.0,0
557676,3122.0,1199.0,2.0,0,4.0,76.0,run,17.0,16.0,1
557965,3144.0,1155.0,1.0,0,10.0,70.0,pass,17.0,16.0,0
558190,3199.0,1075.0,3.0,0,8.0,68.0,pass,17.0,16.0,0
558443,3261.0,1010.0,2.0,0,7.0,48.0,run,17.0,16.0,1
558543,3317.0,961.0,1.0,0,10.0,23.0,run,17.0,16.0,1
558687,3339.0,921.0,2.0,0,10.0,23.0,pass,17.0,16.0,0
558831,3413.0,900.0,3.0,0,16.0,29.0,run,17.0,16.0,1
559196,3516.0,816.0,2.0,0,8.0,58.0,pass,16.0,20.0,0
559594,3714.0,682.0,2.0,0,7.0,82.0,pass,20.0,23.0,0
559838,3796.0,563.0,2.0,0,11.0,64.0,pass,20.0,23.0,0
560063,3848.0,540.0,1.0,0,10.0,24.0,run,20.0,23.0,1
560332,3895.0,458.0,3.0,0,5.0,19.0,pass,20.0,23.0,0
560528,3920.0,422.0,1.0,1,10.0,10.0,run,20.0,23.0,1
560700,4010.0,370.0,1.0,0,10.0,63.0,pass,23.0,27.0,0
560844,4039.0,328.0,2.0,0,1.0,54.0,run,23.0,27.0,1
561013,4061.0,293.0,1.0,0,10.0,51.0,pass,23.0,27.0,0
561349,4111.0,219.0,2.0,0,1.0,29.0,run,23.0,27.0,1
561607,4227.0,157.0,1.0,0,10.0,71.0,pass,27.0,30.0,0
561643,4252.0,135.0,2.0,0,3.0,64.0,pass,27.0,30.0,0
561743,4275.0,131.0,3.0,0,3.0,64.0,pass,27.0,30.0,0
561768,4298.0,126.0,4.0,0,3.0,64.0,pass,27.0,30.0,0
561817,4334.0,120.0,1.0,0,10.0,53.0,pass,27.0,30.0,0
561853,4364.0,115.0,2.0,0,10.0,53.0,pass,27.0,30.0,0
561917,4389.0,94.0,3.0,0,5.0,48.0,pass,27.0,30.0,0
561933,4414.0,72.0,1.0,0,10.0,34.0,pass,27.0,30.0,0
561937,4444.0,67.0,1.0,0,10.0,22.0,run,27.0,30.0,1
561962,4466.0,59.0,1.0,1,9.0,9.0,run,27.0,30.0,1
561978,4495.0,56.0,2.0,1,6.0,6.0,pass,27.0,30.0,0
562003,4566.0,48.0,1.0,0,10.0,63.0,pass,30.0,34.0,0
562039,4589.0,41.0,2.0,0,10.0,63.0,run,30.0,34.0,1
562043,4611.0,33.0,1.0,0,10.0,48.0,pass,30.0,34.0,0
562047,4682.0,19.0,1.0,0,10.0,67.0,pass,34.0,37.0,0
562051,4722.0,14.0,2.0,0,10.0,67.0,pass,34.0,37.0,0
562052,4747.0,9.0,1.0,0,10.0,49.0,run,34.0,37.0,1
562053,4855.0,594.0,1.0,0,10.0,81.0,pass,37.0,37.0,0
562062,4885.0,570.0,2.0,0,2.0,73.0,run,37.0,37.0,1
562063,4907.0,540.0,1.0,0,10.0,69.0,pass,37.0,37.0,0
562064,4932.0,502.0,1.0,0,10.0,58.0,run,37.0,37.0,1
562065,4954.0,466.0,2.0,0,9.0,57.0,run,37.0,37.0,1
562069,4986.0,422.0,3.0,0,10.0,58.0,pass,37.0,37.0,0
562070,5040.0,406.0,1.0,0,10.0,86.0,pass,37.0,37.0,0
562071,5070.0,378.0,1.0,0,10.0,72.0,pass,37.0,37.0,0
562072,5095.0,339.0,2.0,0,3.0,65.0,pass,37.0,37.0,0
562076,5117.0,305.0,3.0,0,17.0,79.0,pass,37.0,37.0,0
562077,5160.0,292.0,1.0,0,10.0,62.0,pass,37.0,37.0,0
562078,5216.0,239.0,2.0,0,29.0,81.0,run,37.0,37.0,1
562079,5243.0,232.0,3.0,0,10.0,62.0,pass,37.0,37.0,0
562080,5357.0,169.0,1.0,0,10.0,66.0,pass,37.0,37.0,0
562081,5382.0,129.0,2.0,0,14.0,70.0,pass,37.0,37.0,0
562082,5409.0,120.0,1.0,0,10.0,70.0,pass,37.0,37.0,0
562083,5441.0,77.0,1.0,0,10.0,43.0,run,37.0,37.0,1
562084,5463.0,36.0,2.0,0,9.0,42.0,run,37.0,37.0,1
570366,106.0,1750.0,2.0,0,13.0,72.0,pass,0.0,0.0,0
570766,155.0,1682.0,3.0,0,8.0,67.0,pass,0.0,0.0,0
570887,213.0,1620.0,1.0,0,10.0,55.0,run,0.0,0.0,1
570987,235.0,1574.0,2.0,0,11.0,56.0,pass,0.0,0.0,0
571108,258.0,1569.0,3.0,0,11.0,56.0,pass,0.0,0.0,0
571607,390.0,1475.0,1.0,0,10.0,78.0,pass,0.0,0.0,0
572052,438.0,1422.0,3.0,0,10.0,78.0,pass,0.0,0.0,0
572116,487.0,1403.0,1.0,0,10.0,65.0,run,0.0,0.0,1
572285,509.0,1366.0,1.0,0,10.0,54.0,run,0.0,0.0,1
572790,610.0,1242.0,2.0,0,11.0,38.0,pass,0.0,0.0,0
572854,657.0,1238.0,3.0,0,16.0,43.0,run,0.0,0.0,1
573344,752.0,1124.0,3.0,0,1.0,43.0,run,0.0,0.0,1
573858,843.0,990.0,2.0,0,5.0,19.0,run,0.0,0.0,1
574132,950.0,941.0,1.0,0,10.0,69.0,run,0.0,7.0,1
574357,992.0,900.0,2.0,0,8.0,67.0,pass,0.0,7.0,0
575147,1106.0,750.0,3.0,0,8.0,27.0,pass,0.0,7.0,0
575508,1176.0,697.0,1.0,0,10.0,76.0,pass,7.0,3.0,0
575608,1225.0,632.0,2.0,0,11.0,77.0,pass,7.0,3.0,0
575933,1341.0,501.0,1.0,0,10.0,69.0,pass,3.0,7.0,0
576543,1403.0,449.0,1.0,0,10.0,48.0,run,3.0,7.0,1
577293,1498.0,315.0,1.0,0,10.0,24.0,run,3.0,7.0,1
577393,1520.0,276.0,2.0,0,6.0,20.0,pass,3.0,7.0,0
578465,1768.0,112.0,2.0,0,10.0,55.0,pass,7.0,10.0,0
578575,1793.0,82.0,3.0,0,3.0,48.0,pass,7.0,10.0,0
578777,1877.0,50.0,2.0,0,10.0,44.0,pass,7.0,10.0,0
578898,1902.0,39.0,3.0,0,9.0,43.0,pass,7.0,10.0,0
578998,2043.0,1795.0,1.0,0,10.0,73.0,pass,10.0,10.0,0
579119,2068.0,1762.0,2.0,0,5.0,68.0,pass,10.0,10.0,0
579519,2118.0,1680.0,4.0,0,1.0,64.0,run,10.0,10.0,1
579715,2154.0,1676.0,1.0,0,10.0,35.0,run,10.0,10.0,1
579979,2307.0,1584.0,1.0,0,10.0,71.0,run,10.0,13.0,1
580512,2436.0,1492.0,2.0,0,1.0,81.0,run,13.0,10.0,1
580708,2466.0,1453.0,1.0,0,10.0,76.0,run,13.0,10.0,1
581169,2534.0,1358.0,2.0,0,12.0,67.0,pass,13.0,10.0,0
581596,2648.0,1192.0,1.0,0,10.0,70.0,run,10.0,13.0,1
581740,2670.0,1156.0,2.0,0,7.0,67.0,pass,10.0,13.0,0
581840,2700.0,1116.0,1.0,0,10.0,44.0,run,10.0,13.0,1
581940,2727.0,1075.0,2.0,0,7.0,41.0,pass,10.0,13.0,0
582180,2752.0,1034.0,3.0,0,1.0,35.0,run,10.0,13.0,1
582376,2774.0,994.0,1.0,0,10.0,33.0,pass,10.0,13.0,0
582690,2821.0,907.0,2.0,0,12.0,24.0,pass,10.0,13.0,0
583721,2979.0,776.0,1.0,0,10.0,59.0,run,13.0,10.0,1
583842,3019.0,750.0,1.0,0,10.0,43.0,run,13.0,10.0,1
583963,3041.0,717.0,2.0,0,3.0,36.0,pass,13.0,10.0,0
584232,3088.0,646.0,2.0,0,10.0,31.0,pass,13.0,10.0,0
584970,3202.0,473.0,4.0,1,1.0,1.0,run,13.0,10.0,1
585195,3301.0,463.0,1.0,0,10.0,74.0,run,10.0,20.0,1
585244,3328.0,436.0,2.0,0,7.0,71.0,pass,10.0,20.0,0
585426,3354.0,432.0,3.0,0,7.0,71.0,pass,10.0,20.0,0
585570,3408.0,417.0,1.0,0,10.0,84.0,run,20.0,10.0,1
585714,3437.0,372.0,2.0,0,6.0,80.0,run,20.0,10.0,1
585835,3459.0,329.0,3.0,0,1.0,75.0,run,20.0,10.0,1
586567,3607.0,264.0,1.0,0,10.0,72.0,pass,10.0,20.0,0
587541,3792.0,187.0,1.0,0,20.0,49.0,pass,10.0,20.0,0
597983,206.0,1576.0,3.0,0,10.0,33.0,pass,0.0,0.0,0
599033,349.0,1442.0,2.0,0,6.0,60.0,run,0.0,7.0,1
599154,410.0,1391.0,1.0,0,10.0,55.0,pass,0.0,7.0,0
600379,526.0,1196.0,3.0,0,2.0,30.0,pass,0.0,7.0,0
601104,677.0,1089.0,1.0,0,10.0,31.0,pass,3.0,7.0,0
602882,1048.0,777.0,2.0,0,10.0,19.0,run,7.0,6.0,1
603402,1114.0,725.0,1.0,0,10.0,74.0,pass,6.0,7.0,0
603502,1146.0,721.0,2.0,0,10.0,74.0,run,6.0,7.0,1
603602,1168.0,683.0,3.0,0,7.0,71.0,pass,6.0,7.0,0
603638,1214.0,635.0,1.0,0,10.0,70.0,run,7.0,6.0,1
603863,1243.0,599.0,2.0,0,1.0,61.0,run,7.0,6.0,1
604255,1285.0,519.0,2.0,0,18.0,66.0,pass,7.0,6.0,0
604335,1355.0,423.0,1.0,0,10.0,87.0,run,6.0,7.0,1
604836,1412.0,392.0,3.0,0,9.0,86.0,pass,6.0,7.0,0
605224,1513.0,300.0,2.0,0,5.0,33.0,run,7.0,6.0,1
605656,1587.0,209.0,1.0,0,10.0,21.0,pass,6.0,7.0,0
605932,1651.0,183.0,3.0,0,1.0,12.0,run,6.0,7.0,1
606101,1673.0,143.0,1.0,1,9.0,9.0,run,6.0,7.0,1
606439,1729.0,74.0,3.0,1,2.0,2.0,pass,6.0,7.0,0
606800,1798.0,64.0,1.0,0,10.0,73.0,pass,7.0,14.0,0
606864,1823.0,40.0,1.0,0,10.0,56.0,pass,7.0,14.0,0
607133,1887.0,32.0,3.0,0,6.0,52.0,pass,7.0,14.0,0
607890,2067.0,1669.0,1.0,0,10.0,72.0,run,14.0,7.0,1
608034,2089.0,1625.0,2.0,0,5.0,67.0,pass,14.0,7.0,0
608203,2119.0,1586.0,3.0,0,2.0,64.0,pass,14.0,7.0,0
608885,2269.0,1426.0,3.0,0,4.0,50.0,pass,7.0,14.0,0
608894,2294.0,1385.0,1.0,0,10.0,33.0,pass,7.0,14.0,0
608966,2319.0,1350.0,1.0,0,10.0,17.0,run,7.0,14.0,1
609337,2434.0,1265.0,1.0,0,10.0,70.0,pass,14.0,14.0,0
610072,2568.0,1109.0,2.0,0,10.0,80.0,pass,14.0,14.0,0
610193,2591.0,1102.0,3.0,0,10.0,80.0,pass,14.0,14.0,0
610601,2709.0,1042.0,3.0,0,10.0,61.0,pass,14.0,14.0,0
611290,2801.0,921.0,1.0,0,10.0,81.0,pass,14.0,14.0,0
611562,2824.0,917.0,2.0,0,10.0,81.0,pass,14.0,14.0,0
611662,2869.0,900.0,3.0,0,1.0,72.0,pass,14.0,14.0,0
611927,2916.0,824.0,1.0,0,10.0,39.0,run,14.0,14.0,1
612052,2961.0,772.0,3.0,0,7.0,36.0,pass,14.0,14.0,0
612456,3134.0,693.0,3.0,0,2.0,64.0,pass,14.0,24.0,0
612700,3184.0,609.0,2.0,0,1.0,35.0,run,14.0,24.0,1
612821,3206.0,567.0,1.0,0,10.0,34.0,pass,14.0,24.0,0
612921,3229.0,564.0,2.0,0,10.0,34.0,pass,14.0,24.0,0
613233,3326.0,464.0,1.0,0,10.0,73.0,run,24.0,17.0,1
613314,3351.0,437.0,2.0,0,10.0,73.0,run,24.0,17.0,1
613350,3373.0,393.0,3.0,0,9.0,72.0,pass,24.0,17.0,0
613431,3403.0,354.0,1.0,0,10.0,53.0,pass,24.0,17.0,0
614659,3631.0,121.0,4.0,0,13.0,68.0,pass,17.0,31.0,0
614715,3656.0,114.0,1.0,0,10.0,46.0,pass,17.0,31.0,0
614871,3686.0,110.0,2.0,0,10.0,46.0,pass,17.0,31.0,0
615007,3756.0,79.0,4.0,0,10.0,46.0,pass,17.0,31.0,0
615462,3834.0,58.0,3.0,0,16.0,60.0,run,31.0,17.0,1
615583,3889.0,46.0,1.0,0,10.0,91.0,run,17.0,31.0,1
615783,3941.0,21.0,2.0,0,4.0,72.0,pass,17.0,31.0,0
615864,58.0,1800.0,1.0,0,10.0,65.0,run,0.0,0.0,1
615968,152.0,1735.0,1.0,0,10.0,26.0,run,0.0,0.0,1
616089,179.0,1701.0,2.0,0,6.0,22.0,pass,0.0,0.0,0
616138,202.0,1697.0,3.0,0,6.0,22.0,pass,0.0,0.0,0
616599,311.0,1681.0,3.0,0,10.0,70.0,pass,0.0,0.0,0
617292,467.0,1595.0,3.0,0,10.0,41.0,pass,0.0,0.0,0
617806,602.0,1507.0,1.0,0,10.0,67.0,pass,0.0,0.0,0
618366,670.0,1422.0,1.0,0,10.0,56.0,run,0.0,0.0,1
618447,706.0,1409.0,1.0,0,10.0,48.0,pass,0.0,0.0,0
618881,782.0,1281.0,2.0,0,14.0,41.0,run,0.0,0.0,1
619025,804.0,1233.0,3.0,0,1.0,28.0,run,0.0,0.0,1
619886,1004.0,1044.0,2.0,0,18.0,76.0,pass,0.0,6.0,0
620117,1071.0,985.0,1.0,0,10.0,65.0,run,6.0,0.0,1
620382,1148.0,900.0,2.0,0,3.0,48.0,pass,6.0,0.0,0
620463,1182.0,863.0,1.0,0,10.0,37.0,run,6.0,0.0,1
620857,1229.0,772.0,1.0,0,10.0,22.0,pass,6.0,0.0,0
621113,1254.0,727.0,2.0,0,9.0,21.0,run,6.0,0.0,1
621665,1489.0,549.0,1.0,0,10.0,81.0,pass,9.0,0.0,0
622101,1536.0,467.0,2.0,0,10.0,67.0,pass,9.0,0.0,0
622222,1556.0,422.0,3.0,0,13.0,70.0,pass,9.0,0.0,0
622478,1616.0,408.0,1.0,0,10.0,84.0,run,0.0,9.0,1
623196,1717.0,286.0,1.0,0,10.0,57.0,run,0.0,9.0,1
623245,1739.0,262.0,2.0,0,3.0,50.0,run,0.0,9.0,1
623317,1766.0,236.0,1.0,0,10.0,35.0,run,0.0,9.0,1
623730,1835.0,120.0,1.0,0,10.0,22.0,run,0.0,9.0,1
623899,1864.0,85.0,2.0,0,8.0,20.0,pass,0.0,9.0,0
624237,1993.0,70.0,1.0,0,10.0,77.0,pass,9.0,7.0,0
624389,2083.0,52.0,3.0,0,6.0,60.0,pass,9.0,7.0,0
624754,2143.0,32.0,2.0,0,2.0,23.0,pass,9.0,7.0,0
625124,2216.0,11.0,3.0,0,5.0,7.0,pass,9.0,7.0,0
625342,2386.0,1800.0,1.0,0,10.0,60.0,run,16.0,7.0,1
625463,2408.0,1764.0,2.0,0,8.0,58.0,pass,16.0,7.0,0
625962,2557.0,1691.0,3.0,0,1.0,49.0,run,16.0,7.0,1
626286,2579.0,1649.0,1.0,0,10.0,48.0,pass,16.0,7.0,0
626747,2668.0,1567.0,1.0,0,10.0,30.0,run,7.0,16.0,1
627072,2724.0,1491.0,3.0,0,6.0,26.0,pass,7.0,16.0,0
627121,2749.0,1450.0,4.0,0,1.0,21.0,run,7.0,16.0,1
627285,2793.0,1390.0,2.0,0,1.0,9.0,run,7.0,16.0,1
627310,2815.0,1370.0,1.0,1,6.0,6.0,run,7.0,16.0,1
627503,2908.0,1326.0,1.0,0,10.0,77.0,pass,16.0,14.0,0
627528,2933.0,1297.0,1.0,0,10.0,63.0,run,16.0,14.0,1
628028,3002.0,1190.0,1.0,0,10.0,36.0,run,16.0,14.0,1
628287,3047.0,1146.0,3.0,0,6.0,32.0,pass,16.0,14.0,0
628408,3116.0,1100.0,1.0,0,10.0,65.0,run,14.0,19.0,1
628577,3154.0,1075.0,1.0,0,10.0,48.0,pass,14.0,19.0,0
628677,3179.0,1039.0,1.0,0,10.0,36.0,run,14.0,19.0,1
628921,3284.0,998.0,1.0,0,10.0,68.0,pass,19.0,14.0,0
629177,3309.0,956.0,1.0,0,10.0,54.0,run,19.0,14.0,1
629298,3384.0,900.0,2.0,0,15.0,59.0,pass,19.0,14.0,0
629819,3465.0,783.0,2.0,0,10.0,41.0,pass,19.0,14.0,0
629919,3490.0,746.0,3.0,0,11.0,42.0,pass,19.0,14.0,0
630509,3678.0,661.0,2.0,0,5.0,63.0,pass,14.0,26.0,0
630609,3708.0,628.0,1.0,0,10.0,52.0,pass,14.0,26.0,0
630922,3787.0,577.0,1.0,0,10.0,42.0,run,14.0,26.0,1
631066,3809.0,542.0,2.0,0,6.0,38.0,run,14.0,26.0,1
631858,3897.0,411.0,3.0,0,3.0,17.0,pass,14.0,26.0,0
632083,3922.0,381.0,1.0,1,3.0,3.0,pass,14.0,26.0,0
632279,3990.0,378.0,1.0,0,10.0,65.0,pass,26.0,21.0,0
632504,4015.0,336.0,1.0,0,10.0,52.0,pass,26.0,21.0,0
632937,4106.0,275.0,1.0,0,10.0,89.0,pass,21.0,26.0,0
632966,4158.0,230.0,3.0,0,6.0,85.0,pass,21.0,26.0,0
633112,4220.0,176.0,2.0,0,15.0,54.0,pass,26.0,21.0,0
633221,4302.0,160.0,1.0,0,10.0,94.0,pass,21.0,26.0,0
633360,4357.0,134.0,1.0,0,10.0,82.0,pass,21.0,26.0,0
633409,4382.0,120.0,2.0,0,2.0,74.0,pass,21.0,26.0,0
633439,4419.0,116.0,1.0,0,10.0,67.0,pass,21.0,26.0,0
633455,4447.0,94.0,2.0,0,7.0,64.0,pass,21.0,26.0,0
633699,90.0,1789.0,2.0,0,10.0,64.0,pass,0.0,0.0,0
634064,137.0,1700.0,1.0,0,10.0,54.0,run,0.0,0.0,1
634464,159.0,1665.0,2.0,0,12.0,56.0,pass,0.0,0.0,0
634899,272.0,1613.0,1.0,0,10.0,65.0,pass,0.0,7.0,0
634980,295.0,1605.0,2.0,0,10.0,65.0,run,0.0,7.0,1
635166,342.0,1528.0,1.0,0,10.0,53.0,pass,0.0,7.0,0
637209,809.0,1099.0,1.0,0,10.0,77.0,pass,7.0,10.0,0
637341,839.0,1058.0,2.0,0,4.0,71.0,run,7.0,10.0,1
637597,861.0,1015.0,3.0,0,2.0,69.0,pass,7.0,10.0,0
637878,959.0,915.0,1.0,0,10.0,56.0,pass,7.0,10.0,0
638348,1086.0,777.0,3.0,0,1.0,31.0,run,7.0,10.0,1
638556,1200.0,678.0,2.0,0,4.0,23.0,pass,7.0,10.0,0
639756,1399.0,517.0,1.0,0,10.0,60.0,pass,10.0,14.0,0
640061,1447.0,465.0,3.0,0,8.0,58.0,pass,10.0,14.0,0
640374,1529.0,411.0,2.0,0,3.0,80.0,run,14.0,10.0,1
640592,1631.0,288.0,1.0,0,10.0,75.0,run,14.0,10.0,1
640641,1653.0,248.0,2.0,0,8.0,73.0,pass,14.0,10.0,0
641141,1758.0,120.0,2.0,0,3.0,63.0,run,10.0,14.0,1
641262,1787.0,79.0,1.0,0,10.0,44.0,pass,10.0,14.0,0
641608,1832.0,46.0,3.0,0,14.0,48.0,pass,10.0,14.0,0
641777,1880.0,30.0,1.0,0,10.0,80.0,pass,14.0,10.0,0
642420,2069.0,1795.0,1.0,0,10.0,72.0,run,14.0,10.0,1
642786,2138.0,1698.0,1.0,0,10.0,58.0,pass,14.0,10.0,0
643163,2226.0,1583.0,1.0,0,10.0,80.0,run,10.0,14.0,1
643244,2255.0,1549.0,2.0,0,6.0,76.0,pass,10.0,14.0,0
643316,2280.0,1514.0,1.0,0,10.0,60.0,run,10.0,14.0,1
643460,2302.0,1474.0,2.0,0,8.0,58.0,run,10.0,14.0,1
643616,2324.0,1431.0,3.0,0,2.0,52.0,pass,10.0,14.0,0
643933,2392.0,1344.0,2.0,0,8.0,90.0,run,14.0,10.0,1
644158,2414.0,1299.0,1.0,0,10.0,82.0,run,14.0,10.0,1
644403,2459.0,1253.0,3.0,0,7.0,79.0,pass,14.0,10.0,0
644524,2508.0,1240.0,1.0,0,10.0,67.0,run,10.0,14.0,1
644942,2606.0,1145.0,1.0,0,10.0,79.0,pass,14.0,10.0,0
645903,2899.0,917.0,1.0,0,10.0,60.0,pass,10.0,14.0,0
646235,2991.0,819.0,2.0,0,11.0,24.0,pass,10.0,14.0,0
646696,3064.0,728.0,2.0,1,1.0,1.0,run,10.0,14.0,1
647671,3346.0,466.0,2.0,0,10.0,59.0,pass,14.0,10.0,0
648132,3469.0,372.0,2.0,0,10.0,35.0,run,10.0,14.0,1
648196,3491.0,332.0,3.0,0,10.0,35.0,pass,10.0,14.0,0
648377,3580.0,283.0,2.0,0,10.0,65.0,pass,14.0,13.0,0
648882,3670.0,180.0,1.0,0,10.0,26.0,run,13.0,14.0,1
649654,3819.0,97.0,2.0,0,10.0,68.0,pass,14.0,19.0,0
649823,3842.0,92.0,3.0,0,10.0,68.0,pass,14.0,19.0,0
650444,3996.0,34.0,2.0,0,5.0,18.0,pass,14.0,19.0,0
650576,4021.0,13.0,1.0,1,7.0,7.0,pass,14.0,19.0,0
650632,4051.0,9.0,2.0,1,2.0,2.0,run,14.0,19.0,1
661331,167.0,1648.0,1.0,0,10.0,46.0,run,0.0,0.0,1
661821,337.0,1569.0,3.0,0,19.0,49.0,pass,0.0,0.0,0
661921,372.0,1530.0,4.0,0,3.0,33.0,pass,0.0,0.0,0
662518,555.0,1344.0,1.0,0,10.0,81.0,run,0.0,0.0,1
662945,647.0,1210.0,3.0,0,9.0,19.0,run,0.0,0.0,1
663476,771.0,1137.0,2.0,0,11.0,66.0,run,0.0,7.0,1
663540,829.0,1070.0,3.0,0,17.0,72.0,pass,0.0,7.0,0
663661,880.0,1020.0,1.0,0,10.0,76.0,run,7.0,0.0,1
663771,909.0,980.0,2.0,0,4.0,70.0,pass,7.0,0.0,0
663971,1014.0,889.0,1.0,0,10.0,55.0,pass,0.0,7.0,0
664743,1212.0,738.0,2.0,0,10.0,92.0,run,7.0,0.0,1
665031,1256.0,665.0,1.0,0,10.0,80.0,pass,7.0,0.0,0
665131,1279.0,641.0,1.0,0,10.0,43.0,run,7.0,0.0,1
665928,1393.0,523.0,2.0,0,11.0,24.0,pass,7.0,0.0,0
666878,1538.0,430.0,2.0,0,5.0,65.0,pass,0.0,14.0,0
667906,1686.0,277.0,3.0,0,5.0,33.0,pass,0.0,14.0,0
668267,1759.0,262.0,1.0,0,10.0,73.0,run,14.0,3.0,1
668735,1852.0,145.0,3.0,0,11.0,74.0,pass,14.0,3.0,0
669059,1901.0,122.0,1.0,0,10.0,57.0,run,3.0,14.0,1
669517,2013.0,56.0,2.0,0,10.0,46.0,pass,3.0,14.0,0
670062,2117.0,8.0,1.0,0,10.0,38.0,run,14.0,3.0,1
670134,2225.0,1791.0,1.0,0,10.0,44.0,run,3.0,14.0,1
670198,2252.0,1760.0,2.0,0,6.0,40.0,pass,3.0,14.0,0
670591,2356.0,1634.0,3.0,0,3.0,24.0,pass,3.0,14.0,0
670745,2440.0,1568.0,1.0,0,10.0,35.0,pass,14.0,3.0,0
671058,2485.0,1526.0,3.0,0,1.0,26.0,pass,14.0,3.0,0
671737,2637.0,1354.0,2.0,1,7.0,7.0,run,14.0,3.0,1
671906,2659.0,1306.0,3.0,1,4.0,4.0,pass,14.0,3.0,0
672996,2839.0,1204.0,1.0,0,10.0,91.0,run,17.0,3.0,1
673140,2868.0,1169.0,2.0,0,9.0,90.0,run,17.0,3.0,1
674012,3083.0,928.0,3.0,0,7.0,37.0,pass,3.0,17.0,0
674776,3330.0,825.0,1.0,0,10.0,65.0,pass,17.0,10.0,0
674840,3394.0,783.0,1.0,0,10.0,49.0,pass,17.0,10.0,0
674961,3417.0,778.0,2.0,0,10.0,49.0,run,17.0,10.0,1
675117,3439.0,733.0,3.0,0,6.0,45.0,pass,17.0,10.0,0
675708,3526.0,622.0,1.0,0,10.0,19.0,run,17.0,10.0,1
676313,3662.0,503.0,2.0,0,9.0,64.0,run,10.0,24.0,1
676957,3760.0,455.0,2.0,0,10.0,40.0,run,24.0,10.0,1
677038,3782.0,411.0,3.0,0,8.0,38.0,pass,24.0,10.0,0
677220,3856.0,402.0,1.0,0,10.0,65.0,pass,10.0,27.0,0
677425,3906.0,360.0,1.0,0,10.0,45.0,pass,10.0,27.0,0
677891,3980.0,328.0,1.0,0,10.0,33.0,pass,10.0,27.0,0
678287,4117.0,223.0,1.0,1,8.0,8.0,pass,10.0,27.0,0
678368,4142.0,178.0,2.0,1,10.0,10.0,pass,10.0,27.0,0
678393,4218.0,172.0,1.0,0,10.0,52.0,run,27.0,18.0,1
678446,4267.0,122.0,3.0,0,21.0,63.0,run,27.0,18.0,1
678627,4339.0,85.0,2.0,0,4.0,74.0,pass,18.0,27.0,0
678652,4387.0,68.0,2.0,0,10.0,67.0,pass,18.0,27.0,0
678752,4410.0,64.0,3.0,0,10.0,67.0,pass,18.0,27.0,0
678788,4433.0,57.0,4.0,0,10.0,67.0,pass,18.0,27.0,0
686503,195.0,1621.0,1.0,0,10.0,51.0,pass,0.0,0.0,0
686672,244.0,1559.0,2.0,0,10.0,51.0,pass,0.0,0.0,0
686841,293.0,1486.0,1.0,0,15.0,46.0,run,0.0,0.0,1
687037,320.0,1447.0,2.0,0,9.0,40.0,run,0.0,0.0,1
687559,418.0,1363.0,2.0,0,2.0,45.0,run,0.0,0.0,1
687659,440.0,1324.0,3.0,0,4.0,47.0,pass,0.0,0.0,0
688385,572.0,1185.0,1.0,0,10.0,82.0,pass,0.0,0.0,0
688427,597.0,1142.0,2.0,0,6.0,78.0,pass,0.0,0.0,0
688998,697.0,1012.0,1.0,0,10.0,60.0,run,0.0,0.0,1
689194,719.0,970.0,2.0,0,9.0,59.0,pass,0.0,0.0,0
689644,791.0,951.0,1.0,0,10.0,77.0,run,0.0,0.0,1
689863,903.0,894.0,1.0,0,10.0,65.0,pass,0.0,0.0,0
691331,1057.0,661.0,1.0,0,10.0,31.0,run,0.0,0.0,1
691484,1111.0,578.0,1.0,0,10.0,21.0,pass,0.0,0.0,0
691640,1134.0,575.0,2.0,0,10.0,21.0,pass,0.0,0.0,0
691721,1164.0,566.0,3.0,0,10.0,21.0,pass,0.0,0.0,0
691866,1267.0,490.0,2.0,0,1.0,59.0,pass,0.0,3.0,0
692062,1292.0,453.0,1.0,0,10.0,41.0,run,0.0,3.0,1
692399,1344.0,379.0,1.0,0,10.0,29.0,pass,0.0,3.0,0
692879,1391.0,309.0,2.0,0,15.0,24.0,pass,0.0,3.0,0
693995,1622.0,120.0,2.0,0,3.0,79.0,run,3.0,3.0,1
694525,1704.0,68.0,3.0,0,10.0,69.0,pass,3.0,3.0,0
695302,1854.0,28.0,2.0,0,9.0,38.0,pass,3.0,3.0,0
695681,1962.0,11.0,1.0,0,10.0,63.0,pass,3.0,6.0,0
696171,2060.0,1774.0,1.0,0,16.0,71.0,pass,6.0,3.0,0
696367,2090.0,1748.0,1.0,0,10.0,54.0,run,6.0,3.0,1
696511,2112.0,1715.0,2.0,0,10.0,54.0,pass,6.0,3.0,0
696592,2135.0,1707.0,3.0,0,10.0,54.0,pass,6.0,3.0,0
696813,2213.0,1661.0,2.0,0,1.0,77.0,run,3.0,6.0,1
696982,2238.0,1627.0,1.0,0,10.0,76.0,pass,3.0,6.0,0
697063,2275.0,1620.0,2.0,0,10.0,76.0,pass,3.0,6.0,0
697135,2300.0,1573.0,3.0,0,7.0,73.0,pass,3.0,6.0,0
697305,2380.0,1543.0,2.0,0,15.0,60.0,pass,3.0,6.0,0
697395,2405.0,1498.0,3.0,0,3.0,48.0,run,3.0,6.0,1
697856,2481.0,1392.0,2.0,0,9.0,43.0,run,3.0,6.0,1
698162,2530.0,1307.0,2.0,0,5.0,9.0,pass,3.0,6.0,0
698621,2661.0,1255.0,1.0,0,10.0,46.0,pass,6.0,6.0,0
698685,2692.0,1216.0,2.0,0,2.0,38.0,run,6.0,6.0,1
699018,2809.0,1086.0,3.0,0,3.0,16.0,pass,6.0,6.0,0
699318,2861.0,1009.0,2.0,1,3.0,3.0,run,6.0,6.0,1
699946,2980.0,900.0,2.0,0,4.0,92.0,run,6.0,6.0,1
701169,3260.0,650.0,1.0,0,10.0,65.0,pass,6.0,13.0,0
701233,3285.0,606.0,1.0,0,10.0,33.0,run,6.0,13.0,1
701742,3466.0,475.0,2.0,0,1.0,63.0,run,13.0,13.0,1
702247,3510.0,395.0,1.0,0,10.0,41.0,run,13.0,13.0,1
702391,3532.0,358.0,2.0,0,5.0,36.0,run,13.0,13.0,1
702560,3554.0,319.0,3.0,0,5.0,36.0,pass,13.0,13.0,0
704347,3918.0,106.0,1.0,0,10.0,80.0,pass,13.0,15.0,0
704509,3966.0,87.0,1.0,0,10.0,69.0,pass,13.0,15.0,0
704747,4075.0,31.0,1.0,0,10.0,36.0,pass,13.0,15.0,0
704837,4098.0,25.0,2.0,0,10.0,36.0,pass,13.0,15.0,0
711922,99.0,1790.0,2.0,0,10.0,73.0,pass,0.0,0.0,0
711931,128.0,1743.0,1.0,0,10.0,63.0,run,0.0,0.0,1
712147,185.0,1696.0,3.0,0,7.0,60.0,pass,0.0,0.0,0
713091,333.0,1550.0,1.0,0,10.0,61.0,pass,0.0,0.0,0
713608,415.0,1437.0,2.0,0,9.0,45.0,run,0.0,0.0,1
713672,437.0,1402.0,3.0,0,3.0,39.0,pass,0.0,0.0,0
713697,460.0,1398.0,4.0,0,3.0,39.0,pass,0.0,0.0,0
713778,490.0,1357.0,1.0,0,10.0,16.0,pass,0.0,0.0,0
714341,644.0,1257.0,2.0,0,4.0,68.0,run,0.0,7.0,1
714618,759.0,1205.0,1.0,0,10.0,33.0,run,0.0,7.0,1
714718,781.0,1163.0,2.0,0,8.0,31.0,pass,0.0,7.0,0
715007,806.0,1117.0,3.0,0,13.0,36.0,pass,0.0,7.0,0
715295,879.0,1070.0,2.0,0,4.0,49.0,run,7.0,0.0,1
716435,1136.0,874.0,1.0,0,10.0,77.0,pass,0.0,7.0,0
717238,1316.0,645.0,1.0,0,10.0,87.0,pass,7.0,0.0,0
717463,1348.0,613.0,1.0,0,10.0,66.0,run,7.0,0.0,1
717648,1395.0,523.0,1.0,0,10.0,53.0,run,7.0,0.0,1
717827,1464.0,404.0,1.0,0,10.0,42.0,pass,7.0,0.0,0
719130,1828.0,75.0,3.0,0,15.0,74.0,run,10.0,0.0,1
719376,1915.0,37.0,1.0,0,10.0,62.0,pass,0.0,10.0,0
719664,1963.0,10.0,3.0,0,1.0,53.0,pass,0.0,10.0,0
719808,2040.0,1795.0,1.0,0,10.0,71.0,pass,10.0,0.0,0
719977,2065.0,1761.0,2.0,0,1.0,62.0,run,10.0,0.0,1
720146,2087.0,1734.0,1.0,0,10.0,58.0,run,10.0,0.0,1
720210,2109.0,1692.0,2.0,0,11.0,59.0,run,10.0,0.0,1
720406,2131.0,1656.0,3.0,0,10.0,58.0,pass,10.0,0.0,0
720550,2180.0,1644.0,1.0,0,10.0,86.0,run,0.0,10.0,1
720846,2297.0,1595.0,1.0,0,10.0,90.0,pass,0.0,17.0,0
721328,2354.0,1510.0,1.0,0,10.0,61.0,pass,0.0,17.0,0
721377,2377.0,1505.0,2.0,0,10.0,61.0,pass,0.0,17.0,0
722589,2563.0,1346.0,2.0,0,10.0,31.0,pass,17.0,0.0,0
723196,2691.0,1233.0,3.0,0,2.0,10.0,pass,17.0,0.0,0
723296,2755.0,1183.0,1.0,0,10.0,80.0,pass,0.0,20.0,0
723396,2785.0,1156.0,2.0,0,3.0,73.0,pass,0.0,20.0,0
723752,2843.0,1131.0,2.0,0,10.0,68.0,pass,0.0,20.0,0
724112,2913.0,1075.0,2.0,0,10.0,51.0,pass,0.0,20.0,0
725236,3135.0,860.0,2.0,0,9.0,18.0,pass,20.0,0.0,0
725317,3160.0,819.0,3.0,0,4.0,13.0,pass,20.0,0.0,0
725398,3190.0,775.0,1.0,1,9.0,9.0,run,20.0,0.0,1
725737,3267.0,651.0,4.0,1,1.0,1.0,run,20.0,0.0,1
726757,3421.0,574.0,2.0,0,7.0,73.0,pass,0.0,27.0,0
727002,3471.0,516.0,2.0,0,12.0,64.0,pass,0.0,27.0,0
727342,3524.0,486.0,4.0,0,4.0,56.0,pass,0.0,27.0,0
727486,3547.0,482.0,1.0,0,10.0,44.0,run,27.0,0.0,1
727776,3603.0,390.0,1.0,0,10.0,30.0,run,27.0,0.0,1
728382,3683.0,270.0,3.0,0,7.0,27.0,pass,27.0,0.0,0
728707,3785.0,184.0,2.0,0,7.0,75.0,run,0.0,30.0,1
728788,3807.0,143.0,3.0,0,3.0,71.0,run,0.0,30.0,1
728852,3829.0,120.0,1.0,0,10.0,61.0,run,0.0,30.0,1
728877,3858.0,84.0,2.0,0,1.0,52.0,run,0.0,30.0,1
728998,3880.0,43.0,1.0,0,10.0,43.0,run,0.0,30.0,1
737011,312.0,1637.0,2.0,0,11.0,72.0,pass,0.0,7.0,0
737481,425.0,1539.0,2.0,0,7.0,71.0,run,7.0,0.0,1
737888,556.0,1398.0,2.0,0,1.0,43.0,run,0.0,7.0,1
737988,578.0,1364.0,1.0,0,10.0,40.0,pass,0.0,7.0,0
738184,603.0,1328.0,1.0,0,10.0,30.0,run,0.0,7.0,1
738328,641.0,1285.0,2.0,0,9.0,29.0,pass,0.0,7.0,0
738428,714.0,1263.0,1.0,0,10.0,75.0,run,0.0,14.0,1
738696,758.0,1179.0,3.0,0,8.0,73.0,pass,0.0,14.0,0
739101,831.0,1081.0,2.0,0,15.0,62.0,pass,14.0,0.0,0
739839,925.0,960.0,2.0,0,12.0,95.0,pass,0.0,14.0,0
740532,1118.0,879.0,3.0,0,17.0,90.0,run,0.0,14.0,1
740613,1159.0,828.0,1.0,0,10.0,43.0,run,14.0,0.0,1
741236,1289.0,658.0,3.0,0,1.0,23.0,run,14.0,0.0,1
741432,1334.0,610.0,2.0,0,10.0,21.0,run,14.0,0.0,1
742616,1551.0,412.0,2.0,0,8.0,38.0,pass,0.0,17.0,0
742841,1576.0,375.0,1.0,0,10.0,29.0,run,0.0,17.0,1
743074,1623.0,291.0,3.0,0,8.0,27.0,pass,0.0,17.0,0
743814,1882.0,135.0,2.0,0,1.0,39.0,run,3.0,17.0,1
744127,1991.0,102.0,1.0,0,10.0,73.0,pass,3.0,24.0,0
744916,2248.0,28.0,1.0,0,10.0,70.0,run,3.0,31.0,1
745060,2331.0,14.0,1.0,0,15.0,52.0,pass,31.0,3.0,0
745525,2542.0,1714.0,3.0,0,7.0,73.0,pass,3.0,34.0,0
745606,2613.0,1662.0,1.0,0,10.0,74.0,run,34.0,3.0,1
746147,2778.0,1467.0,1.0,0,20.0,50.0,pass,34.0,3.0,0
746583,2857.0,1341.0,2.0,0,9.0,24.0,pass,34.0,3.0,0
746683,2882.0,1304.0,1.0,0,10.0,15.0,pass,34.0,3.0,0
746944,3040.0,1178.0,3.0,0,2.0,62.0,pass,3.0,41.0,0
747044,3065.0,1139.0,1.0,0,10.0,46.0,pass,3.0,41.0,0
747428,3115.0,1129.0,1.0,0,10.0,68.0,run,41.0,3.0,1
747528,3149.0,1085.0,1.0,0,10.0,44.0,pass,41.0,3.0,0
747645,3196.0,1003.0,1.0,1,9.0,9.0,run,41.0,3.0,1
748347,3388.0,900.0,2.0,0,3.0,58.0,pass,3.0,48.0,0
748580,3440.0,823.0,2.0,0,9.0,29.0,pass,3.0,48.0,0
749176,3685.0,667.0,1.0,0,10.0,65.0,run,48.0,10.0,1
749394,3746.0,622.0,3.0,0,7.0,62.0,pass,48.0,10.0,0
749526,3789.0,613.0,1.0,0,10.0,80.0,pass,10.0,48.0,0
750349,3962.0,402.0,3.0,0,13.0,60.0,pass,48.0,10.0,0
750770,4029.0,322.0,2.0,0,8.0,89.0,run,10.0,48.0,1
751011,4097.0,221.0,1.0,0,10.0,56.0,run,48.0,10.0,1
751092,4119.0,180.0,2.0,0,9.0,55.0,run,48.0,10.0,1
751156,4141.0,139.0,1.0,0,10.0,41.0,run,48.0,10.0,1
751300,4163.0,120.0,2.0,0,5.0,36.0,run,48.0,10.0,1
751374,4214.0,33.0,4.0,0,6.0,37.0,pass,48.0,10.0,0
758576,108.0,1748.0,3.0,0,14.0,85.0,pass,0.0,0.0,0
758945,181.0,1660.0,2.0,0,3.0,50.0,run,0.0,0.0,1
759776,264.0,1627.0,1.0,0,10.0,68.0,pass,0.0,0.0,0
760583,407.0,1535.0,1.0,0,10.0,80.0,pass,0.0,7.0,0
760808,432.0,1497.0,2.0,0,1.0,71.0,run,0.0,7.0,1
761289,515.0,1397.0,2.0,0,9.0,63.0,pass,0.0,7.0,0
761361,540.0,1354.0,3.0,0,4.0,58.0,pass,0.0,7.0,0
761614,592.0,1282.0,2.0,0,6.0,49.0,run,0.0,7.0,1
761883,637.0,1237.0,2.0,0,10.0,42.0,run,0.0,7.0,1
762221,735.0,1161.0,1.0,0,10.0,65.0,pass,7.0,3.0,0
762642,823.0,1109.0,1.0,0,10.0,49.0,pass,3.0,14.0,0
762931,848.0,1071.0,2.0,0,4.0,43.0,run,3.0,14.0,1
763393,914.0,964.0,3.0,0,4.0,29.0,pass,3.0,14.0,0
763457,944.0,927.0,1.0,0,10.0,17.0,pass,3.0,14.0,0
763942,1180.0,791.0,2.0,0,20.0,75.0,pass,14.0,6.0,0
764023,1205.0,746.0,3.0,0,9.0,64.0,pass,14.0,6.0,0
764306,1321.0,651.0,1.0,0,10.0,46.0,run,6.0,14.0,1
764864,1441.0,520.0,1.0,1,10.0,10.0,run,6.0,14.0,1
765089,1466.0,481.0,2.0,1,2.0,2.0,pass,6.0,14.0,0
766135,1676.0,267.0,2.0,0,10.0,11.0,pass,14.0,14.0,0
766821,1817.0,200.0,3.0,0,9.0,75.0,pass,14.0,17.0,0
766953,1868.0,145.0,1.0,0,10.0,71.0,run,17.0,14.0,1
767033,1890.0,120.0,2.0,0,5.0,66.0,run,17.0,14.0,1
767089,1919.0,88.0,1.0,0,10.0,60.0,run,17.0,14.0,1
767389,1970.0,48.0,3.0,0,2.0,52.0,pass,17.0,14.0,0
767749,2101.0,18.0,1.0,0,10.0,78.0,pass,14.0,24.0,0
768089,2201.0,1761.0,2.0,0,1.0,63.0,pass,14.0,24.0,0
768567,2273.0,1638.0,1.0,0,10.0,49.0,run,14.0,24.0,1
768648,2295.0,1594.0,2.0,0,6.0,45.0,pass,14.0,24.0,0
769374,2461.0,1459.0,3.0,0,10.0,65.0,pass,24.0,14.0,0
769518,2486.0,1421.0,1.0,0,10.0,53.0,pass,24.0,14.0,0
769599,2516.0,1390.0,2.0,0,1.0,44.0,run,24.0,14.0,1
769864,2562.0,1330.0,1.0,0,10.0,42.0,run,24.0,14.0,1
769945,2584.0,1297.0,2.0,0,3.0,35.0,run,24.0,14.0,1
770145,2628.0,1211.0,2.0,0,8.0,29.0,run,24.0,14.0,1
770378,2675.0,1126.0,1.0,0,10.0,18.0,run,24.0,14.0,1
770442,2697.0,1084.0,2.0,0,5.0,13.0,run,24.0,14.0,1
770563,2719.0,1060.0,3.0,0,1.0,9.0,run,24.0,14.0,1
770678,2766.0,1000.0,2.0,1,15.0,15.0,pass,24.0,14.0,0
771298,2949.0,900.0,1.0,0,10.0,39.0,pass,14.0,31.0,0
771519,3105.0,812.0,1.0,0,10.0,73.0,pass,31.0,14.0,0
771956,3263.0,678.0,3.0,0,6.0,55.0,pass,31.0,14.0,0
772125,3288.0,634.0,1.0,0,10.0,48.0,run,31.0,14.0,1
772161,3310.0,597.0,2.0,0,8.0,46.0,run,31.0,14.0,1
772293,3334.0,552.0,3.0,0,6.0,44.0,pass,31.0,14.0,0
772535,3411.0,519.0,2.0,0,1.0,83.0,pass,14.0,31.0,0
772731,3431.0,481.0,3.0,0,8.0,90.0,pass,14.0,31.0,0
773127,3504.0,428.0,2.0,0,10.0,78.0,pass,14.0,31.0,0
774655,3755.0,296.0,3.0,1,1.0,1.0,pass,14.0,31.0,0
774679,3778.0,293.0,4.0,1,1.0,1.0,pass,14.0,31.0,0
775056,3864.0,276.0,3.0,0,9.0,79.0,pass,31.0,14.0,0
775887,4065.0,147.0,1.0,0,10.0,29.0,run,14.0,31.0,1
776271,4139.0,92.0,2.0,0,10.0,18.0,run,14.0,31.0,1
776392,4161.0,58.0,3.0,0,7.0,15.0,pass,14.0,31.0,0
784920,163.0,1709.0,3.0,0,7.0,52.0,pass,0.0,0.0,0
784969,200.0,1667.0,1.0,0,10.0,15.0,pass,0.0,0.0,0
785360,321.0,1609.0,1.0,0,10.0,67.0,pass,0.0,3.0,0
785784,416.0,1516.0,1.0,0,10.0,79.0,run,3.0,0.0,1
785916,445.0,1475.0,2.0,0,3.0,72.0,pass,3.0,0.0,0
786480,632.0,1336.0,3.0,0,14.0,61.0,pass,3.0,0.0,0
786680,766.0,1247.0,2.0,0,20.0,71.0,pass,0.0,3.0,0
786849,789.0,1240.0,3.0,0,20.0,71.0,pass,0.0,3.0,0
788134,1089.0,916.0,3.0,0,1.0,79.0,run,3.0,0.0,1
789366,1272.0,671.0,1.0,0,10.0,28.0,run,3.0,0.0,1
789456,1294.0,634.0,2.0,0,9.0,27.0,pass,3.0,0.0,0
789817,1317.0,627.0,3.0,0,9.0,27.0,pass,3.0,0.0,0
789917,1349.0,623.0,1.0,0,10.0,91.0,pass,0.0,3.0,0
790173,1386.0,585.0,1.0,0,10.0,78.0,run,0.0,3.0,1
790263,1413.0,542.0,2.0,0,6.0,74.0,run,0.0,3.0,1
790684,1460.0,458.0,1.0,0,10.0,54.0,pass,0.0,3.0,0
791036,1502.0,373.0,3.0,0,19.0,63.0,pass,0.0,3.0,0
791567,1580.0,312.0,2.0,0,4.0,48.0,pass,3.0,0.0,0
791948,1662.0,212.0,3.0,0,2.0,30.0,pass,3.0,0.0,0
792846,1909.0,82.0,3.0,0,2.0,64.0,pass,0.0,10.0,0
793028,1934.0,62.0,1.0,0,10.0,60.0,pass,0.0,10.0,0
793658,2007.0,46.0,4.0,0,2.0,52.0,pass,0.0,10.0,0
793739,2080.0,32.0,1.0,0,10.0,75.0,pass,10.0,7.0,0
794935,2438.0,1712.0,1.0,0,10.0,30.0,run,14.0,10.0,1
795250,2566.0,1617.0,1.0,0,10.0,75.0,pass,10.0,17.0,0
796584,2849.0,1340.0,1.0,0,10.0,18.0,pass,10.0,17.0,0
796930,2895.0,1333.0,3.0,0,10.0,18.0,pass,10.0,17.0,0
797140,2920.0,1289.0,1.0,1,6.0,6.0,run,10.0,17.0,1
799484,3295.0,957.0,1.0,0,10.0,41.0,run,17.0,13.0,1
799684,3359.0,900.0,3.0,0,10.0,41.0,pass,17.0,13.0,0
800465,3514.0,748.0,3.0,1,8.0,8.0,pass,17.0,13.0,0
800661,3598.0,736.0,1.0,0,10.0,78.0,run,13.0,20.0,1
801550,3808.0,521.0,3.0,0,4.0,35.0,pass,13.0,20.0,0
801746,3846.0,465.0,1.0,0,10.0,80.0,run,20.0,13.0,1
801867,3943.0,402.0,2.0,0,20.0,90.0,pass,20.0,13.0,0
801967,3968.0,365.0,3.0,0,13.0,83.0,run,20.0,13.0,1
802232,4033.0,302.0,2.0,0,10.0,76.0,run,13.0,20.0,1
802440,4094.0,251.0,1.0,0,10.0,50.0,run,13.0,20.0,1
802760,4146.0,205.0,1.0,0,10.0,24.0,pass,13.0,20.0,0
802929,4171.0,164.0,2.0,0,6.0,20.0,pass,13.0,20.0,0
803003,4279.0,145.0,2.0,0,10.0,78.0,pass,20.0,20.0,0
803054,4360.0,103.0,1.0,0,10.0,68.0,pass,20.0,20.0,0
803090,4385.0,83.0,2.0,0,1.0,59.0,pass,20.0,20.0,0
803135,4440.0,53.0,2.0,0,1.0,44.0,run,20.0,20.0,1
803160,4462.0,49.0,1.0,0,10.0,36.0,run,20.0,20.0,1
803169,4491.0,43.0,2.0,0,13.0,39.0,pass,20.0,20.0,0
803568,138.0,1689.0,2.0,0,13.0,44.0,run,0.0,0.0,1
803604,160.0,1649.0,3.0,0,6.0,37.0,pass,0.0,0.0,0
804063,237.0,1531.0,3.0,0,3.0,11.0,pass,0.0,0.0,0
804232,260.0,1527.0,4.0,0,3.0,11.0,pass,0.0,0.0,0
804706,374.0,1456.0,1.0,0,10.0,80.0,pass,0.0,7.0,0
805081,497.0,1282.0,2.0,0,2.0,29.0,run,0.0,7.0,1
805250,519.0,1247.0,3.0,0,1.0,28.0,run,0.0,7.0,1
805851,723.0,1096.0,1.0,0,10.0,73.0,pass,7.0,7.0,0
806309,877.0,966.0,2.0,0,6.0,94.0,run,7.0,7.0,1
806799,1008.0,828.0,2.0,0,5.0,67.0,run,7.0,7.0,1
806880,1030.0,787.0,3.0,0,8.0,70.0,pass,7.0,7.0,0
807042,1082.0,708.0,2.0,0,10.0,56.0,run,7.0,7.0,1
807186,1104.0,670.0,3.0,0,1.0,47.0,run,7.0,7.0,1
809171,1415.0,269.0,3.0,0,6.0,47.0,pass,7.0,14.0,0
809235,1445.0,229.0,1.0,0,10.0,37.0,pass,7.0,14.0,0
809316,1475.0,198.0,1.0,1,3.0,3.0,run,7.0,14.0,1
809416,1497.0,163.0,2.0,1,1.0,1.0,run,7.0,14.0,1
809753,1552.0,90.0,4.0,1,2.0,2.0,pass,7.0,14.0,0
810078,1663.0,72.0,2.0,0,10.0,75.0,pass,14.0,7.0,0
811362,1977.0,13.0,2.0,0,6.0,63.0,pass,14.0,14.0,0
811443,2009.0,7.0,3.0,0,3.0,60.0,pass,14.0,14.0,0
811843,2161.0,1753.0,2.0,0,3.0,66.0,run,14.0,14.0,1
813227,2404.0,1435.0,3.0,1,14.0,14.0,pass,14.0,14.0,0
813420,2505.0,1427.0,2.0,0,10.0,60.0,run,14.0,21.0,1
813676,2527.0,1385.0,3.0,0,3.0,53.0,pass,14.0,21.0,0
813776,2552.0,1346.0,1.0,0,10.0,46.0,run,14.0,21.0,1
813818,2574.0,1305.0,2.0,0,1.0,37.0,run,14.0,21.0,1
814666,2788.0,1116.0,1.0,0,10.0,96.0,run,21.0,21.0,1
815127,2862.0,1021.0,1.0,0,10.0,13.0,run,21.0,21.0,1
815541,2958.0,900.0,4.0,0,1.0,4.0,run,21.0,21.0,1
815703,3048.0,855.0,2.0,0,7.0,69.0,pass,21.0,28.0,0
815893,3096.0,806.0,1.0,0,10.0,49.0,run,21.0,28.0,1
816375,3228.0,695.0,2.0,0,9.0,19.0,pass,21.0,28.0,0
816893,3378.0,528.0,3.0,0,5.0,60.0,pass,28.0,24.0,0
816974,3445.0,511.0,1.0,0,10.0,79.0,run,24.0,28.0,1
818167,3753.0,256.0,2.0,0,3.0,63.0,run,31.0,24.0,1
818323,3775.0,212.0,1.0,0,10.0,59.0,run,31.0,24.0,1
818387,3797.0,168.0,2.0,0,8.0,57.0,run,31.0,24.0,1
818766,3849.0,116.0,4.0,0,2.0,51.0,pass,31.0,24.0,0
818887,3893.0,110.0,1.0,0,10.0,31.0,run,31.0,24.0,1
818951,3948.0,102.0,1.0,0,10.0,65.0,pass,24.0,38.0,0
819000,3971.0,97.0,2.0,0,10.0,65.0,pass,24.0,38.0,0
819418,4073.0,35.0,2.0,0,7.0,27.0,pass,24.0,38.0,0
829711,221.0,1612.0,2.0,0,10.0,49.0,run,0.0,0.0,1
830016,283.0,1526.0,1.0,0,10.0,80.0,pass,0.0,0.0,0
830097,323.0,1506.0,2.0,0,2.0,72.0,pass,0.0,0.0,0
830305,429.0,1426.0,1.0,0,20.0,89.0,pass,0.0,0.0,0
830474,459.0,1386.0,2.0,0,21.0,90.0,pass,0.0,0.0,0
830667,533.0,1336.0,1.0,0,10.0,64.0,run,0.0,0.0,1
830955,587.0,1261.0,3.0,0,3.0,57.0,pass,0.0,0.0,0
831019,617.0,1224.0,1.0,0,10.0,51.0,run,0.0,0.0,1
831119,639.0,1177.0,2.0,0,3.0,44.0,run,0.0,0.0,1
831327,704.0,1111.0,1.0,0,10.0,38.0,run,0.0,0.0,1
831847,808.0,950.0,2.0,0,8.0,20.0,run,0.0,0.0,1
832268,943.0,893.0,1.0,0,10.0,65.0,run,0.0,3.0,1
834079,1366.0,434.0,1.0,0,10.0,56.0,pass,3.0,0.0,0
834850,1530.0,242.0,2.0,0,10.0,38.0,pass,3.0,0.0,0
835014,1586.0,171.0,3.0,0,22.0,50.0,pass,3.0,0.0,0
836517,1875.0,12.0,4.0,0,8.0,43.0,pass,0.0,3.0,0
836878,1986.0,1794.0,1.0,0,10.0,74.0,run,3.0,0.0,1
837191,2059.0,1698.0,3.0,0,6.0,70.0,pass,3.0,0.0,0
837335,2099.0,1652.0,1.0,0,10.0,71.0,pass,0.0,3.0,0
837531,2137.0,1646.0,2.0,0,10.0,71.0,run,0.0,3.0,1
837800,2198.0,1564.0,1.0,0,10.0,71.0,run,3.0,0.0,1
837864,2274.0,1496.0,2.0,0,18.0,79.0,pass,3.0,0.0,0
837873,2299.0,1462.0,1.0,0,10.0,48.0,run,3.0,0.0,1
838277,2402.0,1305.0,2.0,0,7.0,35.0,pass,3.0,0.0,0
838341,2430.0,1279.0,3.0,0,3.0,31.0,run,3.0,0.0,1
838377,2452.0,1255.0,1.0,0,10.0,22.0,run,3.0,0.0,1
839184,2704.0,1025.0,1.0,0,10.0,60.0,pass,0.0,10.0,0
839757,2834.0,936.0,2.0,0,3.0,58.0,run,10.0,0.0,1
840294,3007.0,821.0,4.0,0,1.0,66.0,run,0.0,10.0,1
840358,3029.0,782.0,1.0,0,10.0,65.0,pass,0.0,10.0,0
840551,3152.0,737.0,3.0,0,15.0,70.0,pass,0.0,10.0,0
841220,3304.0,583.0,2.0,0,11.0,63.0,pass,10.0,0.0,0
841818,3474.0,413.0,1.0,0,10.0,14.0,run,0.0,10.0,1
841848,3496.0,371.0,2.0,0,9.0,13.0,pass,0.0,10.0,0
841948,3553.0,362.0,1.0,1,8.0,8.0,run,0.0,10.0,1
842256,3695.0,274.0,2.0,1,16.0,16.0,pass,0.0,10.0,0
842401,3814.0,213.0,1.0,0,10.0,82.0,run,10.0,3.0,1
842778,3865.0,198.0,3.0,0,3.0,75.0,pass,10.0,3.0,0
842947,3938.0,184.0,1.0,1,1.0,1.0,run,3.0,10.0,1
843103,4046.0,167.0,1.0,0,10.0,40.0,pass,10.0,10.0,0
843213,4071.0,120.0,1.0,0,10.0,22.0,run,10.0,10.0,1
843313,4100.0,116.0,2.0,0,9.0,21.0,run,10.0,10.0,1
843413,4205.0,72.0,3.0,0,15.0,27.0,run,10.0,10.0,1
843477,4288.0,21.0,1.0,0,5.0,48.0,pass,10.0,10.0,0
843493,4322.0,17.0,2.0,0,2.0,45.0,pass,10.0,10.0,0
843518,4345.0,12.0,3.0,0,2.0,45.0,pass,10.0,10.0,0
846116,153.0,1703.0,1.0,0,10.0,97.0,run,0.0,0.0,1
846197,175.0,1666.0,2.0,0,9.0,96.0,run,0.0,0.0,1
846510,273.0,1526.0,2.0,0,12.0,54.0,pass,0.0,0.0,0
846559,298.0,1489.0,1.0,0,10.0,42.0,run,0.0,0.0,1
847106,364.0,1376.0,2.0,0,6.0,27.0,pass,0.0,0.0,0
848407,595.0,1121.0,2.0,0,3.0,24.0,pass,0.0,0.0,0
848463,625.0,1081.0,1.0,0,10.0,13.0,pass,0.0,0.0,0
848488,650.0,1041.0,2.0,0,9.0,12.0,pass,0.0,0.0,0
848537,707.0,1029.0,1.0,1,1.0,1.0,run,0.0,0.0,1
848791,792.0,1021.0,2.0,0,10.0,80.0,pass,0.0,7.0,0
849041,871.0,929.0,1.0,0,10.0,69.0,pass,7.0,0.0,0
849515,993.0,900.0,1.0,0,10.0,58.0,pass,7.0,0.0,0
850066,1181.0,772.0,2.0,0,5.0,75.0,pass,0.0,7.0,0
850578,1288.0,746.0,1.0,0,10.0,63.0,pass,0.0,7.0,0
851658,1560.0,423.0,3.0,0,4.0,9.0,pass,0.0,7.0,0
852941,1899.0,207.0,2.0,0,13.0,72.0,pass,7.0,3.0,0
853729,2147.0,53.0,1.0,0,10.0,81.0,pass,7.0,3.0,0
853910,2212.0,36.0,1.0,0,10.0,64.0,pass,7.0,3.0,0
854120,2260.0,14.0,3.0,0,2.0,56.0,pass,7.0,3.0,0
854230,2361.0,1800.0,1.0,0,10.0,80.0,run,7.0,3.0,1
854519,2383.0,1766.0,2.0,0,3.0,73.0,run,7.0,3.0,1
855159,2548.0,1536.0,1.0,0,10.0,33.0,run,7.0,3.0,1
855361,2638.0,1425.0,3.0,0,23.0,46.0,pass,7.0,3.0,0
855505,2703.0,1375.0,1.0,0,10.0,18.0,run,7.0,3.0,1
856150,2863.0,1257.0,1.0,0,23.0,83.0,pass,3.0,10.0,0
856306,2888.0,1223.0,2.0,0,19.0,79.0,run,3.0,10.0,1
856355,2910.0,1180.0,3.0,0,13.0,73.0,pass,3.0,10.0,0
856644,2959.0,1125.0,1.0,0,10.0,54.0,pass,10.0,3.0,0
856889,3013.0,1048.0,2.0,0,6.0,34.0,run,10.0,3.0,1
857085,3035.0,1023.0,3.0,0,2.0,30.0,run,10.0,3.0,1
857817,3217.0,836.0,2.0,0,4.0,32.0,pass,3.0,10.0,0
858772,3463.0,583.0,1.0,0,10.0,67.0,pass,10.0,3.0,0
858941,3493.0,578.0,2.0,0,10.0,67.0,pass,10.0,3.0,0
859115,3543.0,565.0,1.0,0,10.0,50.0,pass,3.0,10.0,0
859639,3677.0,470.0,1.0,0,10.0,55.0,run,10.0,10.0,1
859703,3699.0,425.0,2.0,0,7.0,52.0,pass,10.0,10.0,0
859803,3722.0,420.0,3.0,0,7.0,52.0,pass,10.0,10.0,0
860379,3804.0,338.0,2.0,0,7.0,50.0,pass,10.0,10.0,0
860943,3950.0,224.0,2.0,0,10.0,83.0,run,10.0,10.0,1
861218,4019.0,141.0,2.0,0,3.0,62.0,run,10.0,10.0,1
861315,4088.0,112.0,1.0,1,10.0,10.0,run,10.0,10.0,1
861364,4152.0,102.0,1.0,0,10.0,74.0,pass,10.0,17.0,0
861506,4200.0,77.0,3.0,0,3.0,67.0,pass,10.0,17.0,0
861587,4223.0,72.0,4.0,0,3.0,67.0,pass,10.0,17.0,0
861651,4305.0,50.0,1.0,0,10.0,49.0,run,10.0,17.0,1
861757,4355.0,36.0,2.0,0,10.0,37.0,pass,10.0,17.0,0
861773,4380.0,27.0,3.0,0,1.0,28.0,pass,10.0,17.0,0
862247,205.0,1708.0,1.0,0,10.0,38.0,run,0.0,7.0,1
862328,227.0,1673.0,2.0,0,11.0,39.0,pass,0.0,7.0,0
862428,261.0,1668.0,3.0,0,11.0,39.0,pass,0.0,7.0,0
863589,538.0,1399.0,3.0,0,4.0,7.0,run,7.0,3.0,1
863938,701.0,1216.0,1.0,0,10.0,77.0,pass,10.0,3.0,0
864068,813.0,1160.0,1.0,0,10.0,45.0,run,10.0,3.0,1
864168,835.0,1118.0,2.0,0,7.0,42.0,pass,10.0,3.0,0
864184,858.0,1115.0,3.0,0,7.0,42.0,run,10.0,3.0,1
865065,984.0,971.0,1.0,1,1.0,1.0,run,10.0,3.0,1
865768,1226.0,775.0,3.0,0,5.0,52.0,run,3.0,17.0,1
865840,1253.0,735.0,1.0,0,10.0,45.0,run,3.0,17.0,1
865904,1275.0,698.0,1.0,0,10.0,35.0,pass,3.0,17.0,0
866010,1328.0,666.0,2.0,0,10.0,24.0,pass,3.0,17.0,0
866247,1446.0,644.0,1.0,0,10.0,60.0,pass,17.0,6.0,0
866670,1609.0,473.0,1.0,0,10.0,73.0,pass,6.0,17.0,0
866839,1634.0,433.0,1.0,0,10.0,60.0,pass,6.0,17.0,0
866960,1659.0,391.0,1.0,0,10.0,49.0,pass,6.0,17.0,0
867104,1682.0,388.0,2.0,0,10.0,49.0,run,6.0,17.0,1
867185,1714.0,343.0,3.0,0,8.0,47.0,pass,6.0,17.0,0
867516,1809.0,250.0,2.0,0,10.0,34.0,run,17.0,6.0,1
867565,1831.0,204.0,3.0,0,8.0,32.0,pass,17.0,6.0,0
867686,1884.0,195.0,1.0,0,10.0,59.0,run,6.0,17.0,1
867796,1906.0,158.0,2.0,0,2.0,51.0,run,6.0,17.0,1
868641,2078.0,37.0,1.0,0,10.0,48.0,pass,17.0,6.0,0
869061,2158.0,10.0,2.0,0,10.0,24.0,run,17.0,6.0,1
869573,2359.0,1687.0,1.0,0,10.0,38.0,pass,20.0,6.0,0
869645,2384.0,1646.0,2.0,0,2.0,30.0,run,20.0,6.0,1
869745,2411.0,1606.0,1.0,0,10.0,21.0,run,20.0,6.0,1
870110,2504.0,1563.0,1.0,0,10.0,73.0,pass,6.0,27.0,0
871352,2723.0,1309.0,3.0,0,2.0,31.0,run,6.0,27.0,1
872344,3087.0,1080.0,4.0,0,1.0,54.0,run,27.0,13.0,1
872913,3237.0,951.0,1.0,0,10.0,60.0,pass,13.0,34.0,0
872994,3257.0,914.0,2.0,0,19.0,69.0,pass,13.0,34.0,0
873094,3348.0,894.0,3.0,0,3.0,53.0,pass,13.0,34.0,0
873231,3398.0,837.0,2.0,0,1.0,28.0,run,13.0,34.0,1
874153,3639.0,654.0,3.0,0,2.0,7.0,run,13.0,34.0,1
874820,3729.0,527.0,3.0,1,8.0,8.0,pass,13.0,34.0,0
875301,3823.0,514.0,1.0,0,10.0,58.0,pass,34.0,20.0,0
875614,3900.0,450.0,1.0,0,10.0,44.0,run,34.0,20.0,1
876455,4089.0,290.0,3.0,0,11.0,67.0,pass,20.0,41.0,0
876491,4112.0,285.0,4.0,0,11.0,67.0,pass,20.0,41.0,0
876540,4135.0,275.0,1.0,0,10.0,32.0,run,41.0,20.0,1
876589,4157.0,232.0,2.0,0,8.0,30.0,run,41.0,20.0,1
876650,4201.0,142.0,4.0,0,1.0,23.0,run,41.0,20.0,1
876909,89.0,1754.0,2.0,0,9.0,68.0,run,0.0,0.0,1
877726,180.0,1613.0,2.0,0,9.0,46.0,run,0.0,0.0,1
878434,249.0,1485.0,3.0,0,7.0,32.0,run,0.0,0.0,1
878630,271.0,1450.0,4.0,0,3.0,28.0,pass,0.0,0.0,0
878870,294.0,1446.0,1.0,0,10.0,72.0,run,0.0,0.0,1
879047,353.0,1370.0,3.0,0,3.0,65.0,pass,0.0,0.0,0
879096,378.0,1331.0,1.0,0,10.0,58.0,run,0.0,0.0,1
879265,436.0,1269.0,2.0,0,17.0,65.0,pass,0.0,0.0,0
879791,536.0,1145.0,1.0,0,10.0,36.0,pass,0.0,0.0,0
879891,559.0,1140.0,2.0,0,10.0,36.0,pass,0.0,0.0,0
879955,582.0,1134.0,3.0,0,10.0,36.0,pass,0.0,0.0,0
880019,662.0,1118.0,1.0,0,10.0,64.0,pass,0.0,3.0,0
881010,1041.0,824.0,1.0,0,10.0,71.0,run,3.0,0.0,1
881798,1330.0,523.0,1.0,0,10.0,47.0,run,6.0,0.0,1
881847,1359.0,491.0,2.0,0,2.0,39.0,pass,6.0,0.0,0
882142,1411.0,421.0,2.0,0,4.0,26.0,pass,6.0,0.0,0
883073,1562.0,292.0,2.0,0,3.0,63.0,run,0.0,6.0,1
884373,1786.0,109.0,1.0,0,10.0,13.0,run,0.0,6.0,1
884454,1863.0,98.0,1.0,0,10.0,78.0,pass,6.0,6.0,0
884679,1916.0,84.0,3.0,0,25.0,93.0,run,6.0,6.0,1
885693,2183.0,43.0,3.0,0,1.0,71.0,run,6.0,6.0,1
886135,2373.0,7.0,1.0,0,10.0,11.0,pass,6.0,6.0,0
886355,2479.0,1764.0,2.0,0,7.0,71.0,pass,9.0,6.0,0
886817,2573.0,1612.0,1.0,0,10.0,34.0,pass,9.0,6.0,0
887172,2647.0,1491.0,1.0,0,10.0,12.0,run,9.0,6.0,1
887640,2765.0,1396.0,1.0,0,10.0,68.0,run,6.0,16.0,1
887721,2787.0,1352.0,2.0,0,10.0,68.0,run,6.0,16.0,1
888021,2835.0,1270.0,2.0,0,7.0,51.0,pass,6.0,16.0,0
888373,2932.0,1140.0,2.0,0,7.0,78.0,pass,16.0,6.0,0
889219,3114.0,931.0,1.0,0,10.0,59.0,pass,6.0,16.0,0
889484,3210.0,880.0,2.0,0,10.0,49.0,pass,6.0,16.0,0
889548,3235.0,848.0,3.0,0,6.0,45.0,pass,6.0,16.0,0
890231,3528.0,607.0,1.0,0,10.0,77.0,run,16.0,9.0,1
890965,3653.0,457.0,1.0,0,10.0,34.0,run,16.0,9.0,1
891014,3675.0,420.0,2.0,0,10.0,34.0,pass,16.0,9.0,0
891559,3845.0,356.0,1.0,0,10.0,63.0,run,9.0,22.0,1
891691,3867.0,334.0,2.0,0,1.0,54.0,pass,9.0,22.0,0
892197,4006.0,242.0,2.0,0,9.0,34.0,run,9.0,22.0,1
892550,4076.0,195.0,1.0,1,4.0,4.0,pass,9.0,22.0,0
892961,4159.0,155.0,4.0,1,10.0,10.0,pass,9.0,22.0,0
893010,4182.0,151.0,1.0,0,10.0,90.0,run,22.0,9.0,1
893173,4244.0,140.0,3.0,0,4.0,84.0,pass,22.0,9.0,0
893332,4402.0,109.0,4.0,0,6.0,57.0,run,9.0,22.0,1
904161,182.0,1666.0,2.0,0,9.0,37.0,pass,0.0,0.0,0
905547,450.0,1381.0,1.0,0,10.0,70.0,run,0.0,7.0,1
905772,472.0,1348.0,2.0,0,4.0,64.0,run,0.0,7.0,1
906260,563.0,1197.0,1.0,0,10.0,37.0,pass,0.0,7.0,0
906404,586.0,1193.0,2.0,0,10.0,37.0,pass,0.0,7.0,0
906744,690.0,1135.0,1.0,0,10.0,80.0,pass,7.0,3.0,0
907671,921.0,977.0,1.0,0,10.0,81.0,pass,7.0,10.0,0
907856,966.0,936.0,3.0,0,8.0,79.0,pass,7.0,10.0,0
908305,1160.0,779.0,1.0,0,10.0,33.0,run,10.0,7.0,1
909242,1327.0,565.0,3.0,1,10.0,10.0,pass,10.0,7.0,0
910087,1567.0,424.0,2.0,0,6.0,50.0,pass,13.0,7.0,0
910704,1649.0,312.0,1.0,0,10.0,22.0,run,13.0,7.0,1
910873,1671.0,270.0,2.0,0,4.0,16.0,run,13.0,7.0,1
912402,2126.0,1793.0,1.0,0,10.0,90.0,pass,7.0,19.0,0
912598,2151.0,1765.0,2.0,0,7.0,87.0,pass,7.0,19.0,0
912742,2181.0,1752.0,1.0,1,10.0,10.0,pass,19.0,7.0,0
913289,2398.0,1603.0,1.0,0,10.0,33.0,pass,7.0,26.0,0
913389,2469.0,1593.0,1.0,0,10.0,69.0,pass,26.0,14.0,0
913795,2583.0,1423.0,1.0,0,10.0,87.0,pass,14.0,26.0,0
913844,2627.0,1417.0,2.0,0,10.0,87.0,pass,14.0,26.0,0
914329,2734.0,1339.0,1.0,0,10.0,49.0,run,14.0,26.0,1
914473,2756.0,1305.0,2.0,0,1.0,40.0,pass,14.0,26.0,0
914537,2781.0,1271.0,1.0,0,10.0,32.0,run,14.0,26.0,1
915240,2875.0,1127.0,4.0,0,1.0,11.0,run,14.0,26.0,1
915304,2897.0,1085.0,1.0,1,10.0,10.0,run,14.0,26.0,1
915793,3032.0,991.0,2.0,0,6.0,66.0,pass,26.0,21.0,0
916334,3253.0,900.0,2.0,0,4.0,49.0,pass,26.0,21.0,0
916539,3306.0,853.0,4.0,0,1.0,46.0,run,26.0,21.0,1
916789,3357.0,809.0,2.0,0,10.0,53.0,pass,21.0,26.0,0
919264,3784.0,409.0,2.0,0,8.0,53.0,pass,21.0,26.0,0
919906,3921.0,280.0,1.0,0,10.0,15.0,run,21.0,26.0,1
920042,3965.0,200.0,3.0,0,3.0,8.0,run,21.0,26.0,1
920238,3987.0,158.0,1.0,1,4.0,4.0,run,21.0,26.0,1
920448,4009.0,120.0,2.0,1,9.0,9.0,pass,21.0,26.0,0
920903,4160.0,101.0,2.0,0,10.0,70.0,pass,26.0,27.0,0
921047,4185.0,83.0,3.0,0,1.0,61.0,run,26.0,27.0,1
921111,4207.0,66.0,1.0,0,10.0,56.0,pass,26.0,27.0,0
921160,4236.0,46.0,1.0,0,10.0,44.0,pass,26.0,27.0,0
921241,4259.0,41.0,2.0,0,10.0,44.0,pass,26.0,27.0,0
921305,4284.0,22.0,3.0,0,1.0,35.0,run,26.0,27.0,1
921390,4336.0,13.0,2.0,0,10.0,33.0,run,26.0,27.0,1
925627,684.0,1201.0,2.0,0,20.0,86.0,pass,7.0,3.0,0
926601,794.0,1071.0,1.0,0,10.0,37.0,pass,7.0,3.0,0
926939,846.0,1029.0,2.0,0,10.0,24.0,pass,7.0,3.0,0
927060,878.0,989.0,3.0,0,5.0,19.0,pass,7.0,3.0,0
927704,1091.0,900.0,2.0,0,6.0,68.0,pass,7.0,3.0,0
927740,1129.0,856.0,1.0,0,10.0,49.0,run,7.0,3.0,1
929529,1569.0,349.0,1.0,0,10.0,24.0,run,3.0,10.0,1
929601,1591.0,303.0,1.0,0,10.0,13.0,run,3.0,10.0,1
930022,1709.0,222.0,2.0,0,5.0,60.0,run,10.0,10.0,1
930751,1844.0,120.0,4.0,0,1.0,61.0,run,10.0,17.0,1
930851,1873.0,91.0,1.0,0,10.0,59.0,pass,10.0,17.0,0
931076,1896.0,86.0,2.0,0,10.0,59.0,pass,10.0,17.0,0
931999,2326.0,1611.0,2.0,0,21.0,90.0,pass,20.0,10.0,0
932628,2439.0,1542.0,2.0,0,10.0,64.0,run,10.0,20.0,1
933498,2676.0,1309.0,2.0,0,13.0,73.0,pass,10.0,27.0,0
934019,2806.0,1170.0,1.0,1,1.0,1.0,run,27.0,10.0,1
934408,2885.0,1087.0,3.0,1,1.0,1.0,run,27.0,10.0,1
935234,3119.0,959.0,3.0,0,2.0,44.0,run,10.0,34.0,1
935334,3141.0,921.0,4.0,0,1.0,43.0,run,10.0,34.0,1
935415,3188.0,900.0,1.0,0,10.0,40.0,pass,10.0,34.0,0
935536,3216.0,896.0,2.0,0,10.0,40.0,run,10.0,34.0,1
935636,3238.0,862.0,3.0,0,8.0,38.0,pass,10.0,34.0,0
935685,3275.0,821.0,1.0,0,10.0,26.0,pass,10.0,34.0,0
935721,3305.0,783.0,1.0,1,10.0,10.0,pass,10.0,34.0,0
937146,3559.0,504.0,1.0,0,10.0,29.0,run,34.0,16.0,1
937536,3657.0,408.0,1.0,0,10.0,93.0,pass,16.0,34.0,0
938647,3945.0,260.0,1.0,0,10.0,83.0,pass,16.0,34.0,0
939190,4108.0,132.0,3.0,0,7.0,43.0,pass,34.0,24.0,0
939345,4230.0,45.0,3.0,0,2.0,62.0,run,24.0,41.0,1
939426,68.0,1790.0,1.0,0,10.0,47.0,pass,0.0,0.0,0
939462,98.0,1750.0,2.0,0,5.0,42.0,run,0.0,0.0,1
939511,120.0,1708.0,3.0,0,4.0,41.0,pass,0.0,0.0,0
940151,288.0,1500.0,1.0,1,4.0,4.0,run,0.0,0.0,1
940416,344.0,1414.0,3.0,1,2.0,2.0,run,0.0,0.0,1
940497,463.0,1399.0,1.0,0,10.0,65.0,pass,0.0,7.0,0
940799,532.0,1283.0,1.0,0,10.0,33.0,run,0.0,7.0,1
940880,554.0,1239.0,2.0,0,7.0,30.0,pass,0.0,7.0,0
940961,579.0,1193.0,1.0,0,10.0,21.0,run,0.0,7.0,1
941082,601.0,1151.0,2.0,0,9.0,20.0,pass,0.0,7.0,0
941543,728.0,1092.0,3.0,0,5.0,80.0,run,7.0,7.0,1
942001,810.0,1004.0,2.0,0,1.0,54.0,run,7.0,7.0,1
942598,971.0,804.0,2.0,0,10.0,18.0,pass,7.0,7.0,0
943254,1151.0,659.0,3.0,0,9.0,73.0,pass,7.0,14.0,0
943798,1231.0,601.0,2.0,0,4.0,67.0,run,14.0,7.0,1
943926,1278.0,549.0,2.0,0,10.0,41.0,pass,14.0,7.0,0
944047,1303.0,510.0,3.0,0,2.0,33.0,pass,14.0,7.0,0
944413,1376.0,452.0,2.0,0,8.0,14.0,run,14.0,7.0,1
944820,1474.0,321.0,2.0,0,8.0,69.0,run,7.0,14.0,1
944965,1523.0,239.0,1.0,0,10.0,58.0,run,7.0,14.0,1
945078,1579.0,160.0,3.0,0,12.0,60.0,pass,7.0,14.0,0
945222,1612.0,120.0,1.0,0,10.0,41.0,pass,7.0,14.0,0
946204,1825.0,23.0,2.0,0,10.0,17.0,run,7.0,14.0,1
946694,1956.0,2.0,1.0,0,10.0,70.0,run,14.0,14.0,1
947165,2124.0,1684.0,1.0,0,10.0,44.0,pass,14.0,14.0,0
947376,2205.0,1594.0,2.0,0,1.0,20.0,pass,14.0,14.0,0
947816,2339.0,1516.0,1.0,0,10.0,71.0,pass,14.0,21.0,0
948283,2449.0,1424.0,1.0,0,10.0,80.0,run,21.0,14.0,1
948319,2471.0,1383.0,2.0,0,9.0,79.0,pass,21.0,14.0,0
948368,2501.0,1342.0,3.0,0,9.0,79.0,pass,21.0,14.0,0
949801,2866.0,1078.0,1.0,0,10.0,67.0,pass,14.0,21.0,0
949882,2896.0,1037.0,2.0,0,1.0,58.0,run,14.0,21.0,1
950439,3021.0,900.0,3.0,0,14.0,46.0,pass,14.0,21.0,0
950761,3118.0,787.0,1.0,1,7.0,7.0,run,14.0,21.0,1
950905,3140.0,742.0,2.0,1,5.0,5.0,pass,14.0,21.0,0
951279,3249.0,665.0,2.0,0,10.0,54.0,pass,21.0,21.0,0
951448,3281.0,624.0,3.0,0,7.0,51.0,pass,21.0,21.0,0
952797,3542.0,396.0,3.0,0,8.0,61.0,pass,21.0,28.0,0
953317,3624.0,280.0,3.0,0,4.0,44.0,pass,21.0,28.0,0
953527,3666.0,275.0,1.0,0,10.0,31.0,run,21.0,28.0,1
954257,3840.0,120.0,1.0,0,10.0,35.0,run,28.0,21.0,1
954413,3869.0,116.0,2.0,0,7.0,32.0,run,28.0,21.0,1
954647,3964.0,22.0,1.0,0,10.0,65.0,pass,21.0,31.0,0
954857,3999.0,16.0,1.0,0,10.0,52.0,pass,21.0,31.0,0
955001,4022.0,11.0,2.0,0,10.0,52.0,run,21.0,31.0,1
963363,87.0,1758.0,2.0,0,1.0,60.0,run,0.0,0.0,1
963847,109.0,1722.0,1.0,0,10.0,53.0,run,0.0,0.0,1
964808,131.0,1685.0,2.0,0,9.0,52.0,run,0.0,0.0,1
966228,204.0,1640.0,1.0,0,10.0,55.0,run,0.0,0.0,1
966851,341.0,1494.0,1.0,0,10.0,12.0,pass,0.0,0.0,0
968643,1083.0,1045.0,1.0,0,10.0,45.0,run,0.0,21.0,1
969256,1228.0,900.0,1.0,0,10.0,26.0,pass,0.0,21.0,0
969292,1251.0,896.0,2.0,0,10.0,26.0,pass,0.0,21.0,0
969745,1323.0,807.0,2.0,0,9.0,14.0,pass,0.0,21.0,0
969835,1353.0,774.0,3.0,0,4.0,9.0,pass,0.0,21.0,0
969999,1453.0,724.0,2.0,0,9.0,37.0,pass,21.0,3.0,0
970544,1574.0,636.0,2.0,0,10.0,72.0,pass,3.0,28.0,0
971266,1743.0,466.0,1.0,1,1.0,1.0,run,28.0,3.0,1
971315,1806.0,457.0,1.0,0,10.0,75.0,run,3.0,35.0,1
971940,1929.0,342.0,1.0,0,10.0,51.0,run,3.0,35.0,1
972282,1951.0,317.0,2.0,0,8.0,49.0,pass,3.0,35.0,0
972681,1976.0,281.0,3.0,0,3.0,44.0,pass,3.0,35.0,0
972802,2001.0,245.0,1.0,0,10.0,41.0,run,3.0,35.0,1
973314,2072.0,213.0,3.0,0,9.0,40.0,pass,3.0,35.0,0
974926,2437.0,60.0,1.0,0,10.0,48.0,pass,3.0,38.0,0
975680,2674.0,1772.0,1.0,0,10.0,55.0,pass,38.0,6.0,0
975890,2777.0,1685.0,1.0,0,20.0,35.0,run,38.0,6.0,1
976375,2822.0,1643.0,3.0,0,17.0,32.0,run,38.0,6.0,1
976555,2971.0,1546.0,2.0,0,6.0,72.0,pass,6.0,41.0,0
976911,3045.0,1491.0,1.0,0,10.0,65.0,run,41.0,6.0,1
977316,3151.0,1347.0,1.0,0,10.0,43.0,run,41.0,6.0,1
978297,3337.0,1176.0,1.0,0,10.0,80.0,run,6.0,44.0,1
978997,3480.0,1026.0,1.0,0,10.0,62.0,run,6.0,44.0,1
980875,3908.0,674.0,4.0,0,4.0,38.0,pass,13.0,44.0,0
980965,3935.0,665.0,1.0,0,10.0,75.0,pass,44.0,13.0,0
981046,3967.0,627.0,1.0,0,10.0,64.0,run,44.0,13.0,1
981146,3989.0,588.0,2.0,0,9.0,63.0,pass,44.0,13.0,0
981227,4012.0,585.0,3.0,0,9.0,63.0,run,44.0,13.0,1
981452,4054.0,532.0,1.0,0,10.0,87.0,pass,13.0,44.0,0
981552,4077.0,529.0,2.0,0,10.0,87.0,run,13.0,44.0,1
981956,4164.0,430.0,2.0,0,7.0,52.0,run,44.0,13.0,1
982084,4215.0,344.0,1.0,0,10.0,45.0,run,44.0,13.0,1
982233,4281.0,216.0,2.0,0,10.0,34.0,run,44.0,13.0,1
982297,4319.0,211.0,1.0,0,10.0,66.0,run,13.0,44.0,1
982349,4369.0,171.0,3.0,0,4.0,60.0,pass,13.0,44.0,0
982353,4415.0,157.0,1.0,0,10.0,77.0,run,44.0,13.0,1
982378,4437.0,120.0,2.0,0,6.0,73.0,run,44.0,13.0,1
982583,121.0,1727.0,1.0,0,10.0,58.0,run,0.0,0.0,1
982849,252.0,1568.0,1.0,0,10.0,31.0,pass,0.0,0.0,0
984264,874.0,1088.0,3.0,0,24.0,39.0,run,0.0,3.0,1
984289,946.0,1034.0,1.0,0,10.0,63.0,pass,3.0,3.0,0
984463,1061.0,944.0,2.0,0,19.0,38.0,pass,3.0,3.0,0
985506,1297.0,736.0,3.0,0,8.0,45.0,pass,3.0,6.0,0
986318,1443.0,629.0,2.0,0,14.0,69.0,run,6.0,10.0,1
986738,1522.0,549.0,1.0,0,10.0,43.0,run,10.0,6.0,1
987107,1606.0,473.0,3.0,0,13.0,46.0,pass,10.0,6.0,0
988067,1858.0,338.0,2.0,0,15.0,75.0,pass,10.0,6.0,0
988353,1945.0,251.0,1.0,0,10.0,62.0,run,6.0,10.0,1
988453,1992.0,218.0,2.0,0,10.0,62.0,run,6.0,10.0,1
988502,2014.0,179.0,3.0,0,7.0,59.0,pass,6.0,10.0,0
988848,2077.0,141.0,1.0,0,10.0,16.0,run,10.0,6.0,1
989244,2211.0,103.0,1.0,0,10.0,65.0,pass,6.0,13.0,0
989344,2234.0,99.0,2.0,0,10.0,65.0,pass,6.0,13.0,0
989911,2371.0,56.0,3.0,0,2.0,69.0,run,13.0,6.0,1
990562,2603.0,1795.0,1.0,0,10.0,77.0,run,20.0,6.0,1
991555,2816.0,1496.0,1.0,0,10.0,32.0,run,20.0,6.0,1
992171,2960.0,1299.0,2.0,1,9.0,9.0,run,20.0,6.0,1
992187,2990.0,1260.0,3.0,1,10.0,10.0,pass,20.0,6.0,0
993984,3406.0,858.0,3.0,0,9.0,60.0,pass,23.0,6.0,0
994116,3447.0,846.0,1.0,0,10.0,80.0,run,6.0,23.0,1
994586,3536.0,771.0,2.0,0,1.0,61.0,pass,6.0,23.0,0
994811,3561.0,729.0,1.0,0,10.0,52.0,pass,6.0,23.0,0
996332,3828.0,478.0,2.0,0,7.0,39.0,pass,23.0,13.0,0
996534,3912.0,385.0,2.0,0,16.0,37.0,pass,23.0,13.0,0
997009,4034.0,366.0,1.0,0,10.0,73.0,pass,13.0,26.0,0
997249,4059.0,347.0,1.0,0,10.0,63.0,pass,13.0,26.0,0
997841,4321.0,233.0,2.0,1,4.0,4.0,pass,13.0,26.0,0
997850,4344.0,229.0,3.0,1,4.0,4.0,pass,13.0,26.0,0
997866,4367.0,226.0,4.0,1,4.0,4.0,pass,13.0,26.0,0
997891,4460.0,220.0,1.0,0,10.0,65.0,run,26.0,20.0,1
997923,4516.0,197.0,1.0,0,10.0,29.0,run,26.0,20.0,1
997932,4545.0,153.0,2.0,0,7.0,26.0,run,26.0,20.0,1
997936,4567.0,148.0,3.0,0,5.0,24.0,run,26.0,20.0,1
997952,4703.0,101.0,1.0,0,10.0,66.0,pass,26.0,27.0,0
997961,4726.0,96.0,2.0,0,10.0,66.0,pass,26.0,27.0,0
997970,4761.0,91.0,1.0,0,10.0,38.0,pass,26.0,27.0,0
997974,4796.0,101.0,2.0,0,10.0,38.0,pass,26.0,27.0,0
997978,4828.0,52.0,1.0,0,10.0,18.0,run,26.0,27.0,1
1009152,548.0,1289.0,1.0,0,10.0,60.0,pass,0.0,7.0,0
1009416,671.0,1212.0,1.0,0,10.0,90.0,run,7.0,0.0,1
1010675,1000.0,900.0,3.0,0,1.0,21.0,run,7.0,0.0,1
1010964,1055.0,833.0,2.0,0,9.0,12.0,pass,7.0,0.0,0
1011433,1206.0,716.0,2.0,0,6.0,47.0,pass,0.0,14.0,0
1012119,1360.0,544.0,1.0,1,5.0,5.0,pass,0.0,14.0,0
1013901,1742.0,217.0,2.0,0,6.0,48.0,pass,7.0,14.0,0
1014045,1807.0,175.0,3.0,0,13.0,55.0,pass,7.0,14.0,0
1015400,2084.0,16.0,2.0,1,2.0,2.0,pass,7.0,14.0,0
1015792,2204.0,1800.0,1.0,0,10.0,65.0,pass,14.0,7.0,0
1015841,2229.0,1761.0,2.0,0,5.0,60.0,run,14.0,7.0,1
1016998,2419.0,1637.0,2.0,0,21.0,91.0,pass,14.0,7.0,0
1017496,2544.0,1513.0,1.0,0,10.0,43.0,run,7.0,14.0,1
1017773,2634.0,1462.0,3.0,0,12.0,59.0,pass,14.0,7.0,0
1019730,3001.0,936.0,3.0,0,7.0,21.0,pass,7.0,14.0,0
1020356,3215.0,805.0,1.0,0,10.0,45.0,run,14.0,14.0,1
1020645,3303.0,748.0,1.0,0,10.0,82.0,run,14.0,14.0,1
1021204,3412.0,593.0,2.0,0,4.0,43.0,run,14.0,14.0,1
1021348,3434.0,550.0,3.0,0,2.0,41.0,run,14.0,14.0,1
1021556,3483.0,468.0,1.0,0,10.0,33.0,pass,14.0,14.0,0
1022544,3616.0,288.0,2.0,0,5.0,28.0,run,14.0,14.0,1
1022665,3638.0,240.0,3.0,0,2.0,25.0,run,14.0,14.0,1
1023162,3738.0,140.0,3.0,0,6.0,17.0,pass,14.0,14.0,0
1023464,3871.0,120.0,1.0,0,10.0,60.0,pass,14.0,21.0,0
1023545,3903.0,99.0,2.0,0,2.0,52.0,run,14.0,21.0,1
1023645,3930.0,91.0,1.0,0,10.0,37.0,pass,14.0,21.0,0
1033031,134.0,1680.0,1.0,0,10.0,44.0,pass,0.0,0.0,0
1034537,228.0,1524.0,1.0,0,10.0,11.0,run,0.0,0.0,1
1035040,409.0,1382.0,3.0,0,2.0,45.0,pass,0.0,7.0,0
1035818,511.0,1253.0,2.0,0,6.0,20.0,pass,0.0,7.0,0
1036058,534.0,1249.0,3.0,0,6.0,20.0,pass,0.0,7.0,0
1036139,607.0,1235.0,1.0,0,10.0,74.0,pass,7.0,3.0,0
1037448,857.0,965.0,2.0,0,8.0,82.0,pass,3.0,7.0,0
1037737,905.0,918.0,2.0,0,10.0,45.0,pass,3.0,7.0,0
1038251,977.0,860.0,4.0,0,1.0,36.0,run,3.0,7.0,1
1038576,1028.0,783.0,1.0,0,10.0,16.0,run,3.0,7.0,1
1038745,1050.0,747.0,2.0,0,8.0,14.0,run,3.0,7.0,1
1039538,1364.0,459.0,3.0,0,26.0,90.0,pass,7.0,6.0,0
1039602,1420.0,406.0,1.0,0,10.0,56.0,run,6.0,7.0,1
1039674,1456.0,365.0,1.0,0,10.0,21.0,run,6.0,7.0,1
1040419,1601.0,233.0,1.0,0,10.0,68.0,pass,7.0,13.0,0
1041600,1821.0,115.0,3.0,0,6.0,21.0,pass,13.0,7.0,0
1042492,2051.0,80.0,1.0,0,10.0,47.0,pass,20.0,7.0,0
1042933,2185.0,42.0,2.0,0,16.0,42.0,pass,20.0,7.0,0
1043129,2215.0,36.0,3.0,0,11.0,37.0,pass,20.0,7.0,0
1043145,2259.0,26.0,1.0,0,10.0,53.0,run,7.0,20.0,1
1044278,2575.0,1658.0,1.0,0,10.0,15.0,run,20.0,10.0,1
1044547,2678.0,1606.0,1.0,0,10.0,70.0,run,10.0,27.0,1
1044747,2722.0,1522.0,1.0,0,10.0,58.0,pass,10.0,27.0,0
1045825,2906.0,1332.0,1.0,0,10.0,51.0,pass,27.0,13.0,0
1045981,2931.0,1294.0,2.0,0,3.0,44.0,pass,27.0,13.0,0
1046081,2956.0,1246.0,3.0,0,2.0,43.0,run,27.0,13.0,1
1046682,3050.0,1084.0,1.0,0,10.0,11.0,run,27.0,13.0,1
1046978,3163.0,1015.0,3.0,0,19.0,20.0,pass,27.0,13.0,0
1048493,3610.0,757.0,3.0,0,3.0,62.0,pass,13.0,37.0,0
1048574,3633.0,753.0,4.0,0,3.0,62.0,pass,13.0,37.0,0
1049718,3815.0,569.0,2.0,0,5.0,60.0,run,37.0,13.0,1
1050837,4090.0,209.0,1.0,0,10.0,86.0,run,13.0,37.0,1
1058469,156.0,1721.0,1.0,0,10.0,51.0,pass,0.0,0.0,0
1059368,203.0,1639.0,1.0,0,10.0,39.0,pass,0.0,0.0,0
1060796,522.0,1353.0,1.0,0,5.0,60.0,pass,6.0,0.0,0
1061245,593.0,1296.0,3.0,0,10.0,45.0,run,6.0,0.0,1
1061825,775.0,1138.0,1.0,0,10.0,40.0,pass,6.0,7.0,0
1062131,830.0,1090.0,3.0,0,11.0,41.0,pass,6.0,7.0,0
1062316,896.0,1033.0,1.0,0,10.0,56.0,pass,7.0,6.0,0
1062447,973.0,906.0,1.0,1,7.0,7.0,run,7.0,6.0,1
1062672,1015.0,900.0,2.0,1,5.0,5.0,run,7.0,6.0,1
1062967,1130.0,814.0,2.0,0,6.0,49.0,pass,6.0,14.0,0
1063280,1192.0,727.0,1.0,0,10.0,41.0,pass,6.0,14.0,0
1065692,1814.0,167.0,3.0,0,5.0,9.0,pass,21.0,6.0,0
1066656,1939.0,86.0,2.0,0,10.0,68.0,pass,6.0,28.0,0
1066800,1964.0,67.0,3.0,0,2.0,60.0,run,6.0,28.0,1
1067983,2132.0,17.0,3.0,0,8.0,96.0,run,28.0,6.0,1
1068542,2400.0,1689.0,3.0,0,15.0,65.0,pass,28.0,6.0,0
1069364,2588.0,1509.0,1.0,0,10.0,68.0,run,6.0,35.0,1
1069751,2667.0,1421.0,1.0,0,10.0,40.0,run,6.0,35.0,1
1069907,2729.0,1386.0,2.0,0,4.0,34.0,pass,6.0,35.0,0
1071400,2945.0,1119.0,2.0,0,5.0,94.0,pass,6.0,35.0,0
1072667,3162.0,900.0,1.0,1,4.0,4.0,run,35.0,6.0,1
1072731,3189.0,862.0,2.0,1,4.0,4.0,pass,35.0,6.0,0
1072988,3311.0,812.0,2.0,0,3.0,58.0,pass,6.0,42.0,0
1073052,3369.0,749.0,1.0,0,20.0,59.0,run,6.0,42.0,1
1073196,3391.0,710.0,2.0,0,14.0,53.0,pass,6.0,42.0,0
1074056,3531.0,577.0,3.0,0,7.0,56.0,run,42.0,6.0,1
1074539,3647.0,447.0,1.0,0,10.0,80.0,run,6.0,42.0,1
1074721,3669.0,406.0,2.0,0,8.0,78.0,run,6.0,42.0,1
1074842,3691.0,361.0,3.0,0,6.0,76.0,pass,6.0,42.0,0
1074963,3725.0,307.0,1.0,0,10.0,52.0,run,6.0,42.0,1
1076307,3919.0,120.0,4.0,1,2.0,2.0,pass,6.0,42.0,0
1088844,473.0,1423.0,2.0,0,6.0,70.0,run,0.0,3.0,1
1089669,646.0,1170.0,2.0,1,13.0,13.0,pass,3.0,0.0,0
1089801,669.0,1164.0,3.0,1,13.0,13.0,pass,3.0,0.0,0
1090171,754.0,1089.0,1.0,0,10.0,51.0,run,0.0,3.0,1
1090235,776.0,1050.0,2.0,0,3.0,44.0,run,0.0,3.0,1
1093136,1385.0,411.0,1.0,0,10.0,14.0,run,3.0,7.0,1
1093305,1437.0,369.0,2.0,0,12.0,16.0,run,3.0,7.0,1
1094005,1648.0,235.0,1.0,0,10.0,71.0,pass,6.0,14.0,0
1094738,1726.0,146.0,2.0,0,7.0,55.0,run,6.0,14.0,1
1094940,1780.0,114.0,1.0,0,10.0,35.0,run,6.0,14.0,1
1096057,2054.0,1794.0,1.0,0,10.0,73.0,pass,14.0,9.0,0
1096530,2160.0,1753.0,2.0,0,22.0,52.0,pass,9.0,14.0,0
1096790,2210.0,1672.0,1.0,0,10.0,25.0,run,9.0,14.0,1
1097258,2286.0,1604.0,3.0,0,12.0,27.0,pass,9.0,14.0,0
1097379,2368.0,1591.0,1.0,0,10.0,80.0,run,14.0,16.0,1
1097415,2390.0,1548.0,1.0,0,10.0,68.0,run,14.0,16.0,1
1097515,2415.0,1507.0,2.0,0,2.0,60.0,run,14.0,16.0,1
1097717,2462.0,1418.0,1.0,0,10.0,36.0,run,14.0,16.0,1
1097982,2506.0,1339.0,3.0,0,3.0,29.0,pass,14.0,16.0,0
1098985,2808.0,1071.0,2.0,0,8.0,97.0,run,21.0,16.0,1
1099185,2881.0,967.0,1.0,0,10.0,49.0,pass,16.0,21.0,0
1099941,3090.0,751.0,2.0,0,5.0,14.0,pass,16.0,21.0,0
1100743,3256.0,583.0,2.0,0,8.0,27.0,pass,21.0,19.0,0
1100843,3286.0,544.0,3.0,0,1.0,20.0,run,21.0,19.0,1
1101247,3352.0,413.0,3.0,1,11.0,11.0,pass,21.0,19.0,0
1101263,3430.0,399.0,1.0,0,10.0,69.0,pass,19.0,24.0,0
1101528,3477.0,329.0,1.0,0,10.0,57.0,pass,19.0,24.0,0
1101938,3551.0,248.0,2.0,0,7.0,41.0,run,19.0,24.0,1
1102303,3625.0,120.0,1.0,0,10.0,13.0,pass,19.0,24.0,0
1102592,3655.0,113.0,2.0,0,10.0,13.0,run,19.0,24.0,1
1103052,3790.0,81.0,2.0,0,3.0,51.0,pass,24.0,25.0,0
1105376,345.0,1455.0,3.0,0,2.0,8.0,pass,0.0,0.0,0
1105973,591.0,1260.0,1.0,0,10.0,63.0,run,3.0,0.0,1
1106263,638.0,1174.0,3.0,0,2.0,55.0,pass,3.0,0.0,0
1107547,855.0,965.0,1.0,0,10.0,11.0,run,0.0,3.0,1
1107917,1006.0,900.0,2.0,0,9.0,64.0,pass,3.0,7.0,0
1107998,1124.0,806.0,1.0,0,20.0,61.0,run,3.0,7.0,1
1108231,1203.0,769.0,3.0,0,20.0,61.0,pass,3.0,7.0,0
1108331,1284.0,712.0,1.0,0,10.0,80.0,pass,7.0,3.0,0
1109631,1505.0,532.0,1.0,0,10.0,16.0,run,7.0,3.0,1
1110605,1736.0,478.0,2.0,0,12.0,72.0,run,14.0,3.0,1
1110858,1796.0,416.0,2.0,0,1.0,52.0,run,14.0,3.0,1
1111043,1851.0,344.0,1.0,0,19.0,49.0,run,14.0,3.0,1
1111606,1920.0,246.0,2.0,0,3.0,17.0,pass,14.0,3.0,0
1112879,2246.0,69.0,1.0,0,10.0,80.0,pass,14.0,3.0,0
1113329,2342.0,38.0,2.0,0,10.0,67.0,pass,14.0,3.0,0
1113428,2365.0,33.0,3.0,0,10.0,67.0,pass,14.0,3.0,0
1113609,2427.0,21.0,1.0,0,10.0,28.0,pass,14.0,3.0,0
1114795,2713.0,1672.0,3.0,0,9.0,56.0,pass,21.0,3.0,0
1115622,2923.0,1476.0,1.0,0,10.0,70.0,pass,21.0,3.0,0
1115767,3017.0,1398.0,1.0,0,25.0,71.0,pass,21.0,3.0,0
1118132,3650.0,767.0,1.0,0,10.0,84.0,pass,3.0,21.0,0
1120026,3925.0,422.0,1.0,0,10.0,33.0,run,21.0,3.0,1
1120372,3974.0,342.0,2.0,0,7.0,14.0,run,21.0,3.0,1
1120582,4109.0,261.0,2.0,0,10.0,65.0,pass,3.0,28.0,0
1120714,4134.0,218.0,3.0,0,10.0,65.0,pass,3.0,28.0,0
1120863,4202.0,138.0,2.0,0,7.0,78.0,run,28.0,3.0,1
1120899,4229.0,131.0,1.0,0,10.0,70.0,run,28.0,3.0,1
1120980,4256.0,125.0,2.0,0,1.0,61.0,run,28.0,3.0,1
1130279,443.0,1359.0,1.0,1,1.0,1.0,run,0.0,0.0,1
1130976,608.0,1228.0,2.0,0,10.0,65.0,pass,0.0,7.0,0
1131066,633.0,1190.0,3.0,0,5.0,60.0,pass,0.0,7.0,0
1131957,875.0,1009.0,1.0,0,10.0,46.0,pass,7.0,7.0,0
1134931,1594.0,359.0,1.0,0,10.0,81.0,run,7.0,10.0,1
1136790,2292.0,1796.0,1.0,0,10.0,72.0,run,7.0,20.0,1
1136890,2314.0,1759.0,2.0,0,8.0,70.0,pass,7.0,20.0,0
1138152,2688.0,1516.0,1.0,0,10.0,42.0,run,7.0,20.0,1
1138980,2934.0,1299.0,1.0,0,10.0,63.0,run,20.0,10.0,1
1140013,3176.0,1037.0,2.0,0,15.0,37.0,run,10.0,20.0,1
1140648,3316.0,918.0,2.0,0,9.0,31.0,pass,20.0,10.0,0
1140729,3361.0,900.0,3.0,0,2.0,24.0,pass,20.0,10.0,0
1142592,3700.0,727.0,2.0,0,6.0,79.0,run,27.0,10.0,1
1143747,3838.0,540.0,1.0,0,10.0,94.0,pass,10.0,27.0,0
1143916,3874.0,514.0,1.0,0,10.0,82.0,pass,10.0,27.0,0
1144786,4055.0,292.0,1.0,1,6.0,6.0,run,27.0,10.0,1
1145281,4316.0,120.0,2.0,0,8.0,77.0,run,34.0,10.0,1
1153703,168.0,1640.0,2.0,0,4.0,16.0,run,0.0,0.0,1
1153865,239.0,1546.0,1.0,1,5.0,5.0,run,0.0,0.0,1
1154828,477.0,1294.0,2.0,0,3.0,62.0,run,7.0,0.0,1
1155664,679.0,1111.0,2.0,0,3.0,82.0,pass,0.0,7.0,0
1156087,751.0,1027.0,3.0,0,5.0,73.0,pass,0.0,7.0,0
1156168,838.0,978.0,1.0,0,10.0,68.0,pass,7.0,0.0,0
1158205,1404.0,478.0,2.0,0,8.0,58.0,pass,13.0,2.0,0
1161008,1923.0,35.0,2.0,0,10.0,80.0,pass,13.0,9.0,0
1161108,1946.0,29.0,3.0,0,10.0,80.0,pass,13.0,9.0,0
1161565,2162.0,1794.0,1.0,0,10.0,70.0,run,16.0,13.0,1
1161815,2235.0,1708.0,1.0,0,15.0,62.0,pass,16.0,13.0,0
1165572,3012.0,938.0,2.0,0,6.0,8.0,pass,16.0,20.0,0
1166341,3203.0,830.0,2.0,0,10.0,32.0,pass,20.0,23.0,0
1167004,3340.0,694.0,1.0,0,10.0,77.0,pass,23.0,27.0,0
1167719,3462.0,515.0,3.0,0,2.0,57.0,pass,23.0,27.0,0
1167840,3485.0,511.0,4.0,0,2.0,57.0,pass,23.0,27.0,0
1168274,3555.0,426.0,3.0,0,5.0,40.0,pass,23.0,27.0,0
1169081,3742.0,290.0,1.0,0,10.0,80.0,pass,27.0,30.0,0
1169276,3779.0,282.0,2.0,0,8.0,78.0,run,27.0,30.0,1
1169340,3801.0,238.0,3.0,0,8.0,78.0,pass,27.0,30.0,0
1170291,4001.0,115.0,2.0,0,13.0,18.0,run,27.0,30.0,1
1170444,4127.0,95.0,2.0,0,10.0,54.0,pass,30.0,34.0,0
1170674,4276.0,28.0,1.0,0,10.0,49.0,pass,34.0,37.0,0
1170710,4299.0,22.0,2.0,0,10.0,49.0,pass,34.0,37.0,0
1170746,4329.0,17.0,3.0,0,1.0,40.0,run,34.0,37.0,1
1170782,4351.0,12.0,1.0,0,10.0,39.0,run,34.0,37.0,1
1170918,4505.0,593.0,1.0,0,10.0,80.0,run,37.0,37.0,1
1170934,4527.0,561.0,1.0,0,10.0,69.0,pass,37.0,37.0,0
1170938,4552.0,522.0,2.0,0,6.0,65.0,run,37.0,37.0,1
1170963,4574.0,477.0,3.0,0,5.0,64.0,pass,37.0,37.0,0
1170972,4604.0,437.0,1.0,0,10.0,42.0,pass,37.0,37.0,0
1170981,4634.0,403.0,2.0,0,7.0,39.0,pass,37.0,37.0,0
1170997,4664.0,369.0,1.0,1,5.0,5.0,run,37.0,37.0,1
1170998,4693.0,333.0,2.0,1,4.0,4.0,pass,37.0,37.0,0
1171002,4713.0,288.0,3.0,1,4.0,4.0,pass,37.0,37.0,0
1171006,4780.0,280.0,1.0,0,10.0,80.0,pass,37.0,40.0,0
1171010,4805.0,240.0,2.0,0,6.0,76.0,pass,37.0,40.0,0
1171011,4839.0,237.0,3.0,0,6.0,76.0,pass,37.0,40.0,0
1171015,4869.0,230.0,4.0,0,6.0,76.0,pass,37.0,40.0,0
1171016,4901.0,195.0,1.0,0,10.0,62.0,run,37.0,40.0,1
1171017,4923.0,151.0,2.0,0,1.0,53.0,run,37.0,40.0,1
1171018,4945.0,120.0,1.0,0,10.0,40.0,pass,37.0,40.0,0
1171022,4977.0,75.0,1.0,0,10.0,25.0,pass,37.0,40.0,0
1171026,5002.0,52.0,2.0,0,4.0,19.0,run,37.0,40.0,1
1171027,5024.0,32.0,1.0,0,10.0,12.0,pass,37.0,40.0,0
1171031,5049.0,28.0,2.0,0,13.0,15.0,pass,37.0,40.0,0
1171032,5081.0,6.0,3.0,0,14.0,16.0,pass,37.0,40.0,0
1179317,94.0,1761.0,2.0,0,5.0,69.0,pass,0.0,0.0,0
1179498,148.0,1675.0,1.0,0,10.0,58.0,pass,0.0,0.0,0
1179982,267.0,1554.0,2.0,0,10.0,50.0,run,0.0,0.0,1
1180338,319.0,1469.0,1.0,0,10.0,32.0,run,0.0,0.0,1
1180428,393.0,1444.0,1.0,0,20.0,35.0,pass,0.0,0.0,0
1181323,605.0,1264.0,2.0,0,15.0,33.0,pass,0.0,3.0,0
1181492,664.0,1237.0,3.0,0,25.0,43.0,pass,0.0,3.0,0
1181999,805.0,1092.0,2.0,0,10.0,64.0,pass,3.0,3.0,0
1182099,828.0,1087.0,3.0,0,10.0,64.0,pass,3.0,3.0,0
1182636,961.0,968.0,2.0,0,9.0,34.0,pass,3.0,3.0,0
1182717,991.0,923.0,3.0,0,4.0,29.0,pass,3.0,3.0,0
1182817,1036.0,900.0,1.0,0,10.0,23.0,run,3.0,3.0,1
1183257,1112.0,787.0,3.0,0,2.0,3.0,run,3.0,3.0,1
1183772,1249.0,683.0,3.0,0,7.0,73.0,pass,3.0,10.0,0
1184545,1423.0,403.0,2.0,0,19.0,22.0,pass,3.0,10.0,0
1184890,1531.0,315.0,1.0,0,10.0,70.0,pass,10.0,6.0,0
1186633,1876.0,85.0,2.0,0,10.0,62.0,pass,6.0,10.0,0
1186883,1924.0,59.0,1.0,0,10.0,46.0,pass,6.0,10.0,0
1186925,1949.0,37.0,2.0,0,1.0,37.0,pass,6.0,10.0,0
1188162,2304.0,1653.0,1.0,0,10.0,82.0,pass,10.0,13.0,0
1188839,2512.0,1487.0,3.0,0,7.0,60.0,pass,13.0,10.0,0
1189404,2682.0,1370.0,1.0,0,10.0,73.0,pass,13.0,10.0,0
1190023,2891.0,1180.0,1.0,0,10.0,73.0,run,13.0,10.0,1
1190151,2935.0,1100.0,3.0,0,6.0,69.0,pass,13.0,10.0,0
1190447,3023.0,1025.0,2.0,0,1.0,81.0,run,10.0,13.0,1
1190663,3067.0,949.0,2.0,0,2.0,67.0,run,10.0,13.0,1
1190807,3089.0,910.0,1.0,0,10.0,61.0,pass,10.0,13.0,0
1191572,3258.0,698.0,1.0,1,2.0,2.0,pass,10.0,13.0,0
1193542,3939.0,204.0,4.0,0,2.0,9.0,pass,13.0,20.0,0
1193944,4113.0,145.0,1.0,0,10.0,53.0,run,20.0,20.0,1
1193980,4147.0,136.0,1.0,0,15.0,58.0,pass,20.0,20.0,0
1194005,4170.0,130.0,2.0,0,15.0,58.0,pass,20.0,20.0,0
1194257,4413.0,60.0,1.0,0,15.0,73.0,pass,20.0,27.0,0
1194277,4445.0,53.0,1.0,0,10.0,56.0,run,27.0,20.0,1
1194313,4467.0,48.0,2.0,0,3.0,49.0,run,27.0,20.0,1
1194479,124.0,1745.0,2.0,0,10.0,47.0,run,0.0,0.0,1
1194515,146.0,1711.0,3.0,0,7.0,44.0,run,0.0,0.0,1
1194798,215.0,1616.0,3.0,0,1.0,24.0,run,0.0,0.0,1
1195418,299.0,1499.0,1.0,1,9.0,9.0,run,0.0,0.0,1
1196827,654.0,1129.0,4.0,0,1.0,40.0,run,0.0,3.0,1
1197023,676.0,1095.0,1.0,0,10.0,37.0,run,0.0,3.0,1
1197144,698.0,1054.0,2.0,0,11.0,38.0,run,0.0,3.0,1
1197968,931.0,890.0,1.0,0,10.0,48.0,run,0.0,3.0,1
1198414,1046.0,813.0,3.0,0,4.0,68.0,pass,3.0,7.0,0
1198722,1237.0,718.0,2.0,0,17.0,96.0,run,7.0,3.0,1
1199897,1467.0,486.0,3.0,0,6.0,50.0,pass,7.0,3.0,0
1200115,1534.0,426.0,2.0,0,1.0,30.0,run,7.0,3.0,1
1202153,2006.0,140.0,3.0,0,10.0,59.0,pass,3.0,14.0,0
1203935,2367.0,27.0,1.0,0,10.0,25.0,pass,14.0,6.0,0
1204275,2446.0,15.0,2.0,0,5.0,9.0,pass,14.0,6.0,0
1204477,2587.0,1766.0,2.0,0,9.0,64.0,pass,17.0,6.0,0
1204990,2739.0,1619.0,2.0,0,5.0,68.0,pass,6.0,17.0,0
1205304,2812.0,1559.0,3.0,0,5.0,40.0,pass,6.0,17.0,0
1205617,2943.0,1456.0,1.0,1,10.0,10.0,run,6.0,17.0,1
1206249,3166.0,1345.0,1.0,0,10.0,46.0,run,17.0,14.0,1
1206418,3193.0,1308.0,2.0,0,5.0,41.0,run,17.0,14.0,1
1206891,3363.0,1199.0,2.0,0,13.0,31.0,pass,17.0,14.0,0
1208640,3793.0,854.0,1.0,0,10.0,74.0,run,26.0,14.0,1
1209749,4013.0,557.0,3.0,0,5.0,49.0,pass,14.0,26.0,0
1209849,4043.0,514.0,1.0,0,10.0,32.0,pass,14.0,26.0,0
1210312,4224.0,322.0,1.0,0,10.0,46.0,run,26.0,21.0,1
1210686,4412.0,172.0,1.0,0,10.0,50.0,pass,21.0,26.0,0
1210774,4506.0,156.0,3.0,0,5.0,42.0,pass,26.0,21.0,0
1210778,81.0,1800.0,1.0,0,15.0,70.0,pass,0.0,0.0,0
1211692,274.0,1634.0,3.0,0,1.0,61.0,run,0.0,0.0,1
1213500,666.0,1273.0,1.0,0,10.0,50.0,pass,0.0,7.0,0
1216132,1363.0,634.0,2.0,0,5.0,26.0,pass,0.0,10.0,0
1218479,2053.0,146.0,2.0,0,8.0,10.0,pass,10.0,3.0,0
1219008,2196.0,62.0,2.0,0,5.0,59.0,pass,3.0,13.0,0
1219423,2285.0,48.0,2.0,0,6.0,45.0,pass,3.0,13.0,0
1219648,2385.0,34.0,1.0,0,10.0,36.0,pass,3.0,13.0,0
1221048,2967.0,1447.0,1.0,0,10.0,68.0,pass,10.0,13.0,0
1221192,2999.0,1443.0,2.0,0,10.0,68.0,pass,10.0,13.0,0
1221228,3081.0,1366.0,3.0,0,17.0,75.0,pass,10.0,13.0,0
1221453,3213.0,1228.0,3.0,0,13.0,99.0,pass,13.0,10.0,0
1221988,3383.0,1074.0,2.0,1,3.0,3.0,pass,13.0,10.0,0
1222618,3518.0,997.0,1.0,0,10.0,54.0,run,10.0,21.0,1
1223038,3642.0,919.0,1.0,0,10.0,49.0,pass,21.0,18.0,0
1224712,3937.0,615.0,1.0,0,10.0,36.0,pass,21.0,18.0,0
1225058,3984.0,554.0,1.0,0,10.0,19.0,pass,21.0,18.0,0
1225139,4014.0,523.0,2.0,0,4.0,13.0,run,21.0,18.0,1
1225288,4130.0,426.0,2.0,1,1.0,1.0,run,21.0,18.0,1
1225513,4177.0,344.0,4.0,1,3.0,3.0,pass,21.0,18.0,0
1225630,4222.0,294.0,2.0,0,3.0,89.0,pass,18.0,21.0,0
1225942,4475.0,162.0,2.0,0,2.0,66.0,run,21.0,18.0,1
1225967,4504.0,158.0,3.0,0,5.0,69.0,pass,21.0,18.0,0
1226019,4565.0,120.0,2.0,0,5.0,54.0,run,21.0,18.0,1
1226028,4594.0,74.0,3.0,0,5.0,54.0,run,21.0,18.0,1
1226029,4649.0,18.0,1.0,0,10.0,84.0,pass,18.0,21.0,0
1226030,4672.0,13.0,2.0,0,10.0,84.0,pass,18.0,21.0,0
1234312,82.0,1755.0,2.0,0,18.0,73.0,pass,0.0,0.0,0
1236639,482.0,1326.0,3.0,0,9.0,15.0,pass,0.0,0.0,0
1236808,558.0,1279.0,1.0,0,10.0,71.0,run,0.0,3.0,1
1237759,741.0,999.0,1.0,1,7.0,7.0,pass,0.0,3.0,0
1237992,834.0,950.0,1.0,0,10.0,70.0,run,3.0,7.0,1
1240765,1496.0,201.0,1.0,0,10.0,32.0,run,14.0,3.0,1
1241525,1705.0,98.0,1.0,0,10.0,91.0,pass,3.0,14.0,0
1242859,2190.0,1689.0,1.0,0,10.0,74.0,run,14.0,6.0,1
1245459,2695.0,1089.0,2.0,0,4.0,14.0,run,14.0,6.0,1
1246084,2848.0,1028.0,2.0,0,10.0,82.0,run,6.0,21.0,1
1246866,3011.0,861.0,1.0,0,10.0,33.0,pass,21.0,6.0,0
1247183,3073.0,774.0,1.0,0,10.0,19.0,run,21.0,6.0,1
1248239,3312.0,551.0,1.0,0,10.0,35.0,pass,6.0,24.0,0
1248553,3385.0,480.0,2.0,0,3.0,16.0,pass,6.0,24.0,0
1249461,3615.0,265.0,1.0,1,9.0,9.0,run,24.0,14.0,1
1250574,3803.0,171.0,1.0,1,1.0,1.0,run,14.0,24.0,1
1251566,4228.0,48.0,1.0,0,5.0,70.0,pass,21.0,24.0,0
1251607,4292.0,28.0,2.0,0,26.0,77.0,pass,21.0,24.0,0
1262645,191.0,1594.0,1.0,0,10.0,48.0,run,0.0,0.0,1
1262794,284.0,1542.0,1.0,0,10.0,69.0,run,0.0,7.0,1
1264713,685.0,1053.0,2.0,1,1.0,1.0,run,7.0,7.0,1
1265090,817.0,981.0,2.0,0,3.0,63.0,run,7.0,14.0,1
1265995,969.0,832.0,3.0,0,5.0,40.0,pass,7.0,14.0,0
1267855,1421.0,523.0,1.0,0,10.0,49.0,run,7.0,14.0,1
1268853,1661.0,286.0,2.0,0,10.0,72.0,pass,14.0,10.0,0
1269060,1761.0,172.0,1.0,0,10.0,40.0,pass,10.0,14.0,0
1269497,1847.0,115.0,2.0,0,10.0,19.0,run,10.0,14.0,1
1269985,1930.0,96.0,2.0,1,5.0,5.0,pass,10.0,14.0,0
1270206,2063.0,78.0,1.0,0,12.0,99.0,run,14.0,10.0,1
1271632,2305.0,1671.0,1.0,0,10.0,80.0,run,14.0,10.0,1
1272238,2424.0,1513.0,2.0,0,19.0,64.0,pass,14.0,10.0,0
1273929,2859.0,958.0,2.0,1,7.0,7.0,pass,10.0,21.0,0
1276488,3500.0,432.0,1.0,0,10.0,28.0,pass,21.0,19.0,0
1277040,3679.0,372.0,2.0,0,10.0,50.0,pass,19.0,28.0,0
1277170,3727.0,342.0,4.0,0,3.0,43.0,pass,19.0,28.0,0
1277911,3830.0,325.0,3.0,0,5.0,54.0,pass,28.0,19.0,0
1278079,3910.0,311.0,1.0,0,10.0,41.0,pass,28.0,19.0,0
1278813,4084.0,129.0,1.0,0,10.0,65.0,pass,19.0,31.0,0
1278838,4107.0,124.0,2.0,0,10.0,65.0,pass,19.0,31.0,0
1289665,177.0,1634.0,3.0,0,7.0,44.0,pass,0.0,0.0,0
1290360,343.0,1545.0,1.0,0,10.0,86.0,run,0.0,3.0,1
1290602,389.0,1482.0,1.0,0,10.0,71.0,run,0.0,3.0,1
1291740,729.0,1041.0,2.0,0,9.0,95.0,pass,3.0,0.0,0
1292261,814.0,939.0,2.0,0,9.0,85.0,pass,3.0,0.0,0
1292585,859.0,900.0,1.0,0,10.0,74.0,pass,3.0,0.0,0
1292980,941.0,775.0,3.0,0,10.0,46.0,pass,3.0,0.0,0
1293240,988.0,692.0,2.0,0,2.0,13.0,run,3.0,0.0,1
1294254,1085.0,566.0,4.0,1,4.0,4.0,pass,3.0,0.0,0
1294692,1263.0,481.0,2.0,0,6.0,47.0,pass,0.0,10.0,0
1295718,1492.0,263.0,4.0,0,5.0,36.0,pass,0.0,10.0,0
1296312,1679.0,112.0,1.0,0,10.0,84.0,run,0.0,10.0,1
1296412,1701.0,94.0,2.0,0,6.0,80.0,pass,0.0,10.0,0
1297534,1961.0,5.0,1.0,0,10.0,40.0,pass,0.0,10.0,0
1297984,2096.0,1752.0,2.0,0,9.0,35.0,run,10.0,3.0,1
1298186,2156.0,1681.0,1.0,0,10.0,24.0,run,10.0,3.0,1
1299360,2349.0,1515.0,3.0,0,5.0,47.0,run,3.0,17.0,1
1302864,3092.0,900.0,1.0,0,20.0,28.0,pass,10.0,24.0,0
1304858,3609.0,422.0,1.0,0,10.0,74.0,run,24.0,13.0,1
1306344,3868.0,206.0,1.0,0,10.0,61.0,pass,13.0,27.0,0
1307009,3963.0,131.0,1.0,0,10.0,35.0,pass,13.0,27.0,0
1307199,4018.0,116.0,2.0,0,10.0,23.0,pass,13.0,27.0,0
1307280,4080.0,108.0,1.0,0,10.0,45.0,run,27.0,21.0,1
1307569,4102.0,104.0,2.0,0,10.0,45.0,run,27.0,21.0,1
1307611,4131.0,58.0,3.0,0,7.0,42.0,run,27.0,21.0,1
1309426,286.0,1630.0,2.0,0,3.0,68.0,pass,0.0,7.0,0
1309682,309.0,1625.0,3.0,0,3.0,68.0,pass,0.0,7.0,0
1309746,354.0,1582.0,1.0,0,10.0,73.0,pass,7.0,0.0,0
1311899,864.0,1031.0,1.0,0,10.0,15.0,run,0.0,14.0,1
1311980,897.0,988.0,2.0,0,11.0,16.0,pass,0.0,14.0,0
1312016,923.0,946.0,3.0,0,10.0,15.0,pass,0.0,14.0,0
1312621,1110.0,754.0,1.0,0,10.0,84.0,pass,3.0,14.0,0
1314478,1390.0,424.0,3.0,0,6.0,25.0,pass,14.0,3.0,0
1319663,2601.0,1484.0,1.0,0,10.0,60.0,pass,24.0,13.0,0
1321018,2929.0,1137.0,3.0,0,1.0,6.0,run,24.0,13.0,1
1321287,3070.0,1089.0,1.0,0,10.0,75.0,run,13.0,31.0,1
1323743,3798.0,654.0,1.0,0,10.0,37.0,run,23.0,31.0,1
1324056,3844.0,567.0,1.0,0,10.0,23.0,run,23.0,31.0,1
1324092,3866.0,525.0,2.0,0,9.0,22.0,pass,23.0,31.0,0
1324775,4049.0,367.0,1.0,0,10.0,78.0,run,23.0,31.0,1
1325108,4120.0,245.0,4.0,0,1.0,69.0,run,23.0,31.0,1
1325182,4172.0,198.0,1.0,0,10.0,49.0,run,23.0,31.0,1
1325567,4317.0,105.0,3.0,0,21.0,49.0,pass,23.0,31.0,0
1325607,4383.0,57.0,1.0,0,10.0,65.0,run,31.0,23.0,1
1325643,4418.0,54.0,2.0,0,9.0,64.0,run,31.0,23.0,1
1325677,4548.0,6.0,4.0,0,11.0,66.0,run,31.0,23.0,1
1334353,567.0,1367.0,1.0,0,10.0,16.0,pass,0.0,0.0,0
1337151,1306.0,691.0,3.0,0,2.0,65.0,pass,3.0,7.0,0
1337658,1379.0,637.0,3.0,0,7.0,56.0,pass,3.0,7.0,0
1338547,1568.0,493.0,2.0,0,10.0,49.0,pass,7.0,3.0,0
1338628,1596.0,452.0,1.0,0,10.0,32.0,run,7.0,3.0,1
1340718,2057.0,54.0,1.0,0,10.0,74.0,pass,3.0,14.0,0
1341218,2155.0,17.0,2.0,0,17.0,69.0,run,3.0,14.0,1
1342023,2401.0,1600.0,3.0,0,2.0,39.0,run,14.0,3.0,1
1343449,2832.0,1190.0,1.0,0,10.0,62.0,pass,3.0,17.0,0
1344296,2973.0,1008.0,3.0,0,17.0,39.0,pass,3.0,17.0,0
1344442,3061.0,953.0,2.0,0,7.0,63.0,pass,17.0,6.0,0
1345738,3423.0,664.0,2.0,1,13.0,13.0,run,17.0,6.0,1
1347222,3649.0,424.0,1.0,0,10.0,30.0,run,6.0,20.0,1
1348361,3841.0,298.0,3.0,0,6.0,74.0,pass,20.0,13.0,0
1348566,3896.0,248.0,2.0,0,9.0,37.0,run,20.0,13.0,1
1349177,4143.0,120.0,3.0,0,9.0,45.0,pass,13.0,20.0,0
1349424,4282.0,33.0,2.0,1,7.0,7.0,pass,13.0,20.0,0
1349513,4394.0,23.0,2.0,0,10.0,60.0,pass,20.0,20.0,0
1351431,481.0,1276.0,2.0,0,7.0,32.0,pass,0.0,0.0,0
1352256,628.0,1098.0,3.0,0,7.0,63.0,pass,0.0,3.0,0
1353736,886.0,857.0,2.0,0,9.0,28.0,pass,3.0,0.0,0
1358810,1997.0,1792.0,1.0,0,10.0,69.0,run,6.0,0.0,1
1360496,2236.0,1462.0,1.0,0,10.0,43.0,run,0.0,6.0,1
1360842,2323.0,1366.0,1.0,0,10.0,82.0,pass,6.0,0.0,0
1361011,2355.0,1330.0,2.0,0,8.0,80.0,run,6.0,0.0,1
1361486,2529.0,1146.0,2.0,0,33.0,82.0,pass,6.0,0.0,0
1362800,2740.0,900.0,1.0,0,10.0,12.0,pass,6.0,0.0,0
1362956,2887.0,853.0,1.0,0,20.0,76.0,pass,0.0,12.0,0
1364536,3280.0,546.0,1.0,0,10.0,78.0,pass,0.0,19.0,0
1364572,3300.0,504.0,2.0,0,18.0,86.0,pass,0.0,19.0,0
1365375,3578.0,281.0,2.0,0,10.0,86.0,pass,0.0,26.0,0
1365809,3674.0,192.0,2.0,0,9.0,71.0,run,26.0,0.0,1
1365978,3696.0,153.0,3.0,0,7.0,69.0,run,26.0,0.0,1
1366838,127.0,1712.0,1.0,0,10.0,34.0,run,0.0,0.0,1
1367521,304.0,1540.0,1.0,0,10.0,68.0,run,0.0,3.0,1
1368271,447.0,1388.0,1.0,0,10.0,61.0,pass,3.0,0.0,0
1370006,711.0,952.0,2.0,1,5.0,5.0,pass,3.0,0.0,0
1371216,930.0,775.0,4.0,0,1.0,10.0,pass,0.0,10.0,0
1371412,960.0,739.0,1.0,1,6.0,6.0,run,0.0,10.0,1
1371783,1121.0,643.0,2.0,0,16.0,69.0,pass,10.0,7.0,0
1373263,1628.0,181.0,1.0,0,10.0,55.0,pass,17.0,10.0,0
1374135,1866.0,76.0,2.0,0,10.0,67.0,run,10.0,17.0,1
1374587,1982.0,18.0,2.0,0,10.0,75.0,pass,17.0,10.0,0
1375004,2264.0,1716.0,1.0,0,30.0,75.0,pass,10.0,17.0,0
1375206,2320.0,1672.0,3.0,0,14.0,59.0,run,10.0,17.0,1
1375270,2347.0,1626.0,1.0,0,10.0,37.0,run,10.0,17.0,1
1376316,2672.0,1339.0,2.0,0,4.0,45.0,run,13.0,24.0,1
1377067,2877.0,1213.0,1.0,0,10.0,25.0,pass,13.0,24.0,0
1377188,2900.0,1207.0,2.0,0,10.0,25.0,run,13.0,24.0,1
1377384,2922.0,1171.0,3.0,0,8.0,23.0,pass,13.0,24.0,0
1377580,2995.0,1154.0,1.0,0,10.0,72.0,run,24.0,16.0,1
1377805,3042.0,1076.0,1.0,0,10.0,51.0,run,24.0,16.0,1
1378161,3094.0,1006.0,3.0,0,2.0,43.0,pass,24.0,16.0,0
1379260,3393.0,809.0,2.0,0,12.0,61.0,pass,16.0,31.0,0
1379324,3420.0,764.0,1.0,0,10.0,47.0,run,16.0,31.0,1
1382265,4052.0,117.0,1.0,0,10.0,65.0,pass,24.0,34.0,0
1392672,186.0,1609.0,3.0,0,1.0,43.0,run,0.0,0.0,1
1392993,282.0,1503.0,3.0,0,1.0,12.0,run,0.0,0.0,1
1393646,458.0,1363.0,1.0,0,10.0,65.0,run,0.0,3.0,1
1393815,480.0,1332.0,2.0,0,10.0,65.0,pass,0.0,3.0,0
1393977,530.0,1250.0,1.0,0,10.0,20.0,pass,0.0,3.0,0
1394911,819.0,1070.0,1.0,0,5.0,85.0,run,3.0,3.0,1
1394920,841.0,1037.0,1.0,0,10.0,76.0,run,3.0,3.0,1
1394945,863.0,1000.0,2.0,0,7.0,73.0,pass,3.0,3.0,0
1395009,888.0,962.0,1.0,0,10.0,65.0,pass,3.0,3.0,0
1395194,933.0,912.0,3.0,0,6.0,61.0,pass,3.0,3.0,0
1395845,1077.0,780.0,2.0,0,4.0,31.0,pass,3.0,3.0,0
1397207,1545.0,410.0,1.0,0,15.0,51.0,pass,3.0,10.0,0
1397563,1593.0,369.0,3.0,0,7.0,43.0,pass,3.0,10.0,0
1398620,1913.0,116.0,2.0,0,10.0,91.0,pass,10.0,3.0,0
1399161,2037.0,73.0,1.0,0,10.0,16.0,run,10.0,3.0,1
1401146,2641.0,1552.0,1.0,0,10.0,86.0,run,23.0,3.0,1
1403033,3076.0,1140.0,1.0,0,10.0,49.0,pass,3.0,30.0,0
1403202,3112.0,1109.0,1.0,0,10.0,24.0,pass,3.0,30.0,0
1404742,3589.0,740.0,3.0,0,7.0,68.0,pass,30.0,6.0,0
1404994,3680.0,703.0,2.0,0,6.0,74.0,pass,6.0,30.0,0
1406041,4066.0,387.0,2.0,0,4.0,27.0,run,30.0,14.0,1
1406190,4110.0,341.0,2.0,0,8.0,20.0,pass,30.0,14.0,0
1406395,4183.0,281.0,1.0,0,10.0,11.0,run,30.0,14.0,1
1406622,4390.0,196.0,2.0,0,10.0,41.0,pass,14.0,37.0,0
1406671,4420.0,190.0,1.0,0,10.0,29.0,pass,14.0,37.0,0
1406696,4443.0,186.0,2.0,0,10.0,29.0,pass,14.0,37.0,0
1406705,4468.0,144.0,3.0,0,1.0,20.0,pass,14.0,37.0,0
1406721,4496.0,123.0,1.0,0,10.0,15.0,pass,14.0,37.0,0
1406737,4521.0,117.0,2.0,0,4.0,9.0,pass,14.0,37.0,0
1406749,4551.0,109.0,3.0,0,4.0,9.0,pass,14.0,37.0,0
1417280,147.0,1700.0,1.0,0,10.0,80.0,pass,0.0,0.0,0
1417329,170.0,1696.0,2.0,0,10.0,80.0,pass,0.0,0.0,0
1418464,397.0,1443.0,2.0,0,9.0,46.0,run,0.0,0.0,1
1419333,691.0,1230.0,1.0,0,10.0,72.0,pass,0.0,3.0,0
1420748,1037.0,900.0,1.0,0,10.0,51.0,pass,3.0,3.0,0
1420917,1067.0,865.0,2.0,0,5.0,46.0,run,3.0,3.0,1
1421290,1221.0,712.0,1.0,0,10.0,90.0,run,3.0,3.0,1
1421869,1382.0,492.0,3.0,0,17.0,78.0,pass,3.0,3.0,0
1422041,1554.0,399.0,1.0,0,10.0,66.0,pass,3.0,10.0,0
1423135,1795.0,166.0,1.0,0,10.0,48.0,pass,10.0,3.0,0
1423245,1830.0,159.0,2.0,0,10.0,48.0,run,10.0,3.0,1
1425245,2182.0,68.0,3.0,0,6.0,85.0,pass,10.0,3.0,0
1426229,2413.0,1790.0,2.0,0,10.0,74.0,pass,10.0,3.0,0
1426886,2585.0,1655.0,2.0,0,12.0,84.0,pass,3.0,17.0,0
1427176,2663.0,1568.0,1.0,0,15.0,76.0,run,3.0,17.0,1
1428942,2970.0,1229.0,3.0,0,6.0,68.0,pass,17.0,3.0,0
1430407,3329.0,984.0,2.0,0,10.0,52.0,run,3.0,17.0,1
1431437,3681.0,722.0,3.0,0,13.0,75.0,pass,17.0,10.0,0
1432866,4083.0,368.0,3.0,0,6.0,53.0,pass,17.0,18.0,0
1432930,4169.0,300.0,1.0,0,10.0,68.0,pass,18.0,17.0,0
1433140,4301.0,159.0,1.0,0,15.0,42.0,run,18.0,17.0,1
1433294,4424.0,136.0,2.0,0,9.0,13.0,run,18.0,17.0,1
1433307,4606.0,66.0,1.0,0,10.0,74.0,pass,17.0,21.0,0
1433308,4626.0,47.0,2.0,0,14.0,78.0,pass,17.0,21.0,0
1433317,4651.0,26.0,3.0,0,7.0,71.0,pass,17.0,21.0,0
1433321,4708.0,15.0,1.0,0,10.0,53.0,pass,17.0,21.0,0
1433322,4738.0,9.0,1.0,0,10.0,29.0,pass,17.0,21.0,0
1445048,178.0,1591.0,1.0,0,10.0,11.0,run,0.0,0.0,1
1447295,692.0,1192.0,1.0,0,10.0,72.0,run,0.0,7.0,1
1447344,788.0,1156.0,2.0,0,8.0,70.0,pass,0.0,7.0,0
1447971,979.0,952.0,1.0,0,10.0,63.0,run,7.0,0.0,1
1448151,1031.0,912.0,3.0,0,12.0,65.0,pass,7.0,0.0,0
1449655,1325.0,689.0,2.0,0,1.0,72.0,pass,0.0,14.0,0
1449736,1350.0,646.0,1.0,0,10.0,70.0,pass,0.0,14.0,0
1452594,1869.0,273.0,3.0,0,12.0,47.0,pass,14.0,0.0,0
1452762,1914.0,227.0,1.0,0,10.0,92.0,run,0.0,14.0,1
1452958,1936.0,187.0,2.0,0,7.0,89.0,run,0.0,14.0,1
1453176,1987.0,120.0,1.0,0,10.0,79.0,pass,0.0,14.0,0
1454185,2250.0,1795.0,1.0,0,10.0,73.0,run,3.0,14.0,1
1456136,2649.0,1414.0,2.0,0,6.0,37.0,run,21.0,3.0,1
1456610,2813.0,1236.0,1.0,0,10.0,73.0,run,3.0,28.0,1
1457349,2996.0,1022.0,2.0,0,12.0,43.0,pass,3.0,28.0,0
1457493,3037.0,979.0,3.0,0,8.0,39.0,run,3.0,28.0,1
1462255,4047.0,129.0,3.0,0,5.0,35.0,pass,35.0,24.0,0
1474653,757.0,941.0,1.0,0,10.0,55.0,run,7.0,3.0,1
1474774,801.0,900.0,2.0,0,7.0,52.0,pass,7.0,3.0,0
1475659,1056.0,669.0,2.0,0,10.0,75.0,run,3.0,10.0,1
1475780,1169.0,562.0,1.0,0,10.0,41.0,pass,10.0,3.0,0
1476170,1245.0,434.0,1.0,1,4.0,4.0,run,10.0,3.0,1
1477188,1532.0,240.0,1.0,0,10.0,77.0,run,17.0,3.0,1
1477599,1608.0,120.0,2.0,0,4.0,58.0,pass,17.0,3.0,0
1477824,1691.0,66.0,2.0,0,2.0,45.0,pass,17.0,3.0,0
1478126,1848.0,23.0,1.0,0,10.0,71.0,pass,3.0,24.0,0
1480257,2290.0,1517.0,3.0,0,2.0,72.0,run,3.0,31.0,1
1481148,2519.0,1301.0,3.0,0,1.0,38.0,run,31.0,3.0,1
1481350,2623.0,1213.0,2.0,0,1.0,62.0,run,3.0,34.0,1
1482426,2904.0,900.0,1.0,0,10.0,50.0,pass,34.0,10.0,0
1484989,3537.0,367.0,1.0,0,10.0,84.0,run,44.0,10.0,1
1485138,3584.0,280.0,1.0,0,10.0,61.0,run,44.0,10.0,1
1499417,619.0,1274.0,2.0,0,24.0,53.0,pass,0.0,0.0,0
1499562,680.0,1196.0,1.0,1,6.0,6.0,run,0.0,0.0,1
1500864,1016.0,900.0,2.0,1,8.0,8.0,pass,0.0,7.0,0
1501860,1273.0,649.0,1.0,1,9.0,9.0,run,7.0,0.0,1
1502492,1470.0,492.0,2.0,0,9.0,61.0,run,0.0,14.0,1
1504116,1753.0,158.0,1.0,0,10.0,65.0,pass,14.0,7.0,0
1504689,1857.0,54.0,1.0,0,10.0,92.0,pass,7.0,14.0,0
1505813,2105.0,1695.0,1.0,0,10.0,87.0,pass,7.0,14.0,0
1508601,2804.0,901.0,1.0,0,10.0,44.0,run,14.0,21.0,1
1508870,2907.0,893.0,2.0,0,24.0,58.0,pass,14.0,21.0,0
1513866,4095.0,16.0,1.0,0,10.0,83.0,pass,28.0,31.0,0
1514155,4204.0,3.0,1.0,0,15.0,77.0,pass,28.0,31.0,0
1524849,287.0,1488.0,2.0,0,7.0,42.0,pass,0.0,0.0,0
1525448,406.0,1287.0,2.0,0,1.0,11.0,pass,0.0,0.0,0
1526291,580.0,1089.0,1.0,0,10.0,83.0,pass,0.0,3.0,0
1527422,747.0,900.0,2.0,0,6.0,42.0,run,0.0,3.0,1
1527647,799.0,820.0,1.0,0,10.0,21.0,pass,0.0,3.0,0
1528174,937.0,698.0,2.0,0,10.0,11.0,pass,0.0,3.0,0
1528304,1066.0,622.0,1.0,0,20.0,67.0,run,3.0,7.0,1
1529731,1468.0,399.0,1.0,0,10.0,64.0,pass,3.0,14.0,0
1532353,2028.0,34.0,1.0,0,10.0,15.0,pass,14.0,3.0,0
1532694,2108.0,20.0,1.0,1,4.0,4.0,pass,14.0,3.0,0
1532907,2202.0,8.0,1.0,0,10.0,49.0,pass,3.0,20.0,0
1533854,2492.0,1634.0,3.0,0,8.0,66.0,pass,20.0,3.0,0
1533918,2517.0,1592.0,1.0,0,10.0,46.0,pass,20.0,3.0,0
1537462,3265.0,936.0,1.0,0,10.0,39.0,pass,3.0,40.0,0
1537487,3290.0,909.0,2.0,0,5.0,34.0,run,3.0,40.0,1
1539314,3721.0,462.0,2.0,0,9.0,52.0,run,40.0,6.0,1
1539435,3743.0,418.0,3.0,0,8.0,51.0,pass,40.0,6.0,0
1544697,667.0,1095.0,3.0,0,5.0,40.0,pass,3.0,0.0,0
1546857,1319.0,506.0,1.0,0,10.0,53.0,run,0.0,17.0,1
1547732,1438.0,332.0,2.0,0,8.0,25.0,pass,0.0,17.0,0
1547796,1463.0,288.0,1.0,0,10.0,13.0,run,0.0,17.0,1
1548033,1515.0,208.0,3.0,0,4.0,7.0,pass,0.0,17.0,0
1549310,1895.0,28.0,1.0,0,16.0,30.0,pass,7.0,17.0,0
1550588,2233.0,1678.0,3.0,0,15.0,22.0,pass,10.0,17.0,0
1551543,2470.0,1445.0,1.0,0,10.0,75.0,run,13.0,17.0,1
1551936,2651.0,1274.0,2.0,0,2.0,68.0,run,17.0,13.0,1
1552522,2772.0,1165.0,1.0,0,10.0,98.0,run,13.0,17.0,1
1553774,2946.0,903.0,1.0,0,10.0,66.0,run,17.0,13.0,1
1553936,3020.0,858.0,3.0,0,14.0,70.0,pass,17.0,13.0,0
1555472,3415.0,506.0,1.0,0,10.0,32.0,run,13.0,17.0,1
1556395,3873.0,261.0,1.0,0,10.0,38.0,run,20.0,24.0,1
1562195,913.0,1045.0,1.0,0,10.0,66.0,run,7.0,7.0,1
1562780,1177.0,868.0,1.0,0,10.0,79.0,run,7.0,7.0,1
1564403,1660.0,335.0,1.0,0,10.0,63.0,run,7.0,7.0,1
1564520,1702.0,257.0,3.0,0,13.0,66.0,pass,7.0,7.0,0
1564843,1840.0,200.0,3.0,0,8.0,87.0,run,7.0,7.0,1
1565425,1972.0,94.0,4.0,0,1.0,57.0,run,7.0,7.0,1
1566308,2169.0,25.0,1.0,1,9.0,9.0,run,7.0,7.0,1
1566529,2276.0,16.0,3.0,1,13.0,13.0,pass,7.0,7.0,0
1567693,2763.0,1491.0,2.0,0,1.0,60.0,run,10.0,14.0,1
1568412,2921.0,1265.0,2.0,0,4.0,14.0,run,10.0,14.0,1
1569459,3130.0,1039.0,2.0,0,18.0,82.0,pass,14.0,17.0,0
1570711,3442.0,791.0,3.0,0,4.0,64.0,pass,17.0,14.0,0
1571641,3586.0,630.0,2.0,0,5.0,32.0,pass,14.0,17.0,0
1571913,3715.0,510.0,2.0,0,9.0,58.0,run,17.0,14.0,1
1573433,4026.0,207.0,1.0,0,10.0,59.0,run,17.0,14.0,1
1574359,4262.0,70.0,1.0,0,10.0,27.0,pass,14.0,17.0,0
1574456,4396.0,54.0,1.0,0,10.0,17.0,pass,14.0,17.0,0
1574542,4543.0,7.0,2.0,0,10.0,49.0,pass,17.0,21.0,0
1576058,355.0,1405.0,1.0,0,10.0,47.0,run,0.0,0.0,1
1578973,927.0,968.0,2.0,0,11.0,12.0,pass,0.0,0.0,0
1581332,1408.0,567.0,1.0,0,10.0,72.0,pass,3.0,3.0,0
1583787,1960.0,65.0,2.0,0,15.0,41.0,pass,3.0,3.0,0
1583908,1985.0,53.0,1.0,0,10.0,19.0,run,3.0,3.0,1
1585566,2447.0,1551.0,1.0,0,10.0,21.0,pass,3.0,6.0,0
1585808,2502.0,1472.0,1.0,1,6.0,6.0,pass,3.0,6.0,0
1586586,2701.0,1370.0,1.0,0,10.0,37.0,run,6.0,10.0,1
1587130,2854.0,1243.0,2.0,0,10.0,71.0,pass,10.0,13.0,0
1588597,3157.0,961.0,1.0,0,10.0,77.0,pass,13.0,10.0,0
1589263,3255.0,900.0,1.0,0,10.0,59.0,pass,13.0,10.0,0
1589348,3315.0,819.0,2.0,0,11.0,36.0,pass,13.0,10.0,0
1592077,4032.0,209.0,2.0,0,9.0,39.0,pass,17.0,20.0,0
1592177,4057.0,166.0,1.0,0,10.0,27.0,pass,17.0,20.0,0
1592671,4176.0,132.0,1.0,0,10.0,71.0,pass,20.0,20.0,0
1604270,199.0,1691.0,2.0,0,5.0,54.0,pass,0.0,0.0,0
1605047,297.0,1534.0,2.0,0,4.0,24.0,run,0.0,0.0,1
1607529,958.0,994.0,1.0,0,10.0,70.0,pass,7.0,3.0,0
1609938,1377.0,591.0,2.0,0,4.0,38.0,run,3.0,14.0,1
1612123,1764.0,309.0,1.0,0,10.0,73.0,run,14.0,13.0,1
1612304,1808.0,243.0,1.0,0,10.0,60.0,run,14.0,13.0,1
1613572,2173.0,85.0,1.0,0,10.0,58.0,pass,14.0,13.0,0
1615891,2612.0,1665.0,4.0,0,1.0,55.0,run,14.0,16.0,1
1616521,2819.0,1504.0,3.0,0,7.0,51.0,pass,16.0,14.0,0
1618608,3269.0,974.0,2.0,0,6.0,22.0,pass,14.0,19.0,0
1620957,3751.0,514.0,1.0,0,10.0,77.0,run,26.0,14.0,1
1621599,3885.0,384.0,2.0,0,10.0,64.0,pass,14.0,26.0,0
1622687,4323.0,85.0,2.0,0,9.0,48.0,pass,14.0,26.0,0
1622723,4353.0,80.0,1.0,0,10.0,33.0,pass,14.0,26.0,0
1622775,4431.0,54.0,3.0,0,9.0,17.0,pass,14.0,26.0,0
1622791,4509.0,49.0,4.0,0,9.0,17.0,pass,14.0,26.0,0
1622816,70.0,1795.0,1.0,0,10.0,72.0,run,0.0,0.0,1
1624476,434.0,1404.0,1.0,0,10.0,56.0,pass,0.0,7.0,0
1628180,1154.0,647.0,3.0,0,2.0,42.0,run,0.0,14.0,1
1628400,1220.0,536.0,1.0,0,10.0,24.0,run,0.0,14.0,1
1629110,1424.0,371.0,1.0,0,15.0,90.0,pass,0.0,14.0,0
1631479,2030.0,9.0,3.0,0,10.0,27.0,run,14.0,7.0,1
1632193,2242.0,1679.0,2.0,0,6.0,35.0,pass,7.0,17.0,0
1632617,2309.0,1666.0,1.0,0,10.0,57.0,run,17.0,7.0,1
1633038,2395.0,1620.0,1.0,0,10.0,49.0,pass,17.0,7.0,0
1633086,2425.0,1581.0,1.0,0,10.0,30.0,run,17.0,7.0,1
1633649,2541.0,1378.0,1.0,1,3.0,3.0,run,17.0,7.0,1
1634473,2716.0,1253.0,1.0,0,10.0,35.0,pass,7.0,20.0,0
1636120,3177.0,843.0,1.0,0,10.0,88.0,pass,14.0,20.0,0
1636932,3370.0,691.0,1.0,0,10.0,32.0,pass,14.0,20.0,0
1637053,3395.0,649.0,1.0,1,8.0,8.0,pass,14.0,20.0,0
1639158,3916.0,224.0,1.0,0,15.0,45.0,pass,20.0,20.0,0
1639586,4031.0,172.0,1.0,0,10.0,65.0,pass,20.0,23.0,0
1639635,4056.0,150.0,1.0,0,10.0,54.0,pass,20.0,23.0,0
1639660,4115.0,116.0,1.0,0,10.0,31.0,run,20.0,23.0,1
1639759,4144.0,73.0,1.0,0,10.0,11.0,run,20.0,23.0,1
1639922,4266.0,58.0,3.0,0,8.0,97.0,run,23.0,20.0,1
1639947,4340.0,42.0,1.0,0,10.0,50.0,pass,20.0,23.0,0
1639996,4363.0,36.0,2.0,0,10.0,50.0,pass,20.0,23.0,0
1640046,4416.0,25.0,4.0,0,3.0,43.0,pass,20.0,23.0,0
1640112,4601.0,600.0,1.0,0,10.0,60.0,pass,23.0,23.0,0
1640139,4681.0,481.0,2.0,0,4.0,27.0,pass,23.0,23.0,0
1640140,4706.0,440.0,1.0,0,10.0,21.0,pass,23.0,23.0,0
1640144,4731.0,405.0,2.0,0,3.0,14.0,pass,23.0,23.0,0
1640145,4751.0,361.0,3.0,0,12.0,23.0,pass,23.0,23.0,0
1640146,4817.0,346.0,1.0,0,10.0,67.0,pass,23.0,26.0,0
1640147,4847.0,326.0,2.0,0,1.0,58.0,pass,23.0,26.0,0
1640148,4877.0,295.0,1.0,0,10.0,20.0,pass,23.0,26.0,0
1640149,4900.0,290.0,2.0,0,10.0,20.0,pass,23.0,26.0,0
1640150,4925.0,253.0,3.0,0,6.0,16.0,pass,23.0,26.0,0
1640154,4950.0,221.0,4.0,0,1.0,11.0,run,23.0,26.0,1
1646607,1282.0,433.0,1.0,0,10.0,48.0,pass,0.0,6.0,0
1646728,1307.0,391.0,1.0,0,10.0,38.0,run,0.0,6.0,1
1647191,1419.0,258.0,3.0,0,14.0,39.0,pass,6.0,0.0,0
1648378,1740.0,36.0,3.0,0,4.0,27.0,pass,0.0,13.0,0
1649839,2125.0,1637.0,2.0,0,8.0,75.0,pass,13.0,14.0,0
1649855,2150.0,1596.0,3.0,0,4.0,71.0,pass,13.0,14.0,0
1650226,2263.0,1441.0,1.0,0,10.0,15.0,run,13.0,14.0,1
1652135,2726.0,997.0,3.0,0,13.0,59.0,pass,21.0,21.0,0
1656080,3619.0,205.0,4.0,0,2.0,21.0,pass,28.0,28.0,0
1669610,895.0,946.0,3.0,0,3.0,12.0,run,7.0,3.0,1
1669810,1042.0,900.0,1.0,0,10.0,62.0,pass,3.0,14.0,0
1669995,1087.0,852.0,3.0,0,11.0,63.0,pass,3.0,14.0,0
1670258,1165.0,799.0,2.0,0,3.0,67.0,pass,14.0,3.0,0
1670548,1238.0,744.0,1.0,0,10.0,74.0,run,3.0,14.0,1
1671480,1373.0,649.0,1.0,1,1.0,1.0,run,14.0,3.0,1
1673031,1922.0,267.0,1.0,0,10.0,85.0,run,6.0,21.0,1
1674772,2277.0,90.0,1.0,0,10.0,51.0,pass,6.0,21.0,0
1675692,2403.0,49.0,1.0,0,10.0,48.0,pass,21.0,6.0,0
1676747,2761.0,1630.0,2.0,0,9.0,74.0,pass,21.0,6.0,0
1676828,2786.0,1582.0,3.0,0,8.0,73.0,pass,21.0,6.0,0
1677274,2902.0,1376.0,2.0,0,7.0,34.0,pass,21.0,6.0,0
1678556,3194.0,1090.0,1.0,0,10.0,84.0,run,21.0,6.0,1
1679314,3563.0,852.0,1.0,0,10.0,81.0,run,21.0,6.0,1
1679510,3587.0,814.0,2.0,0,5.0,76.0,pass,21.0,6.0,0
1680289,3768.0,714.0,3.0,0,10.0,67.0,pass,6.0,21.0,0
1680763,4074.0,487.0,1.0,0,10.0,65.0,pass,12.0,21.0,0
1681237,4199.0,339.0,2.0,0,10.0,28.0,pass,12.0,21.0,0
1681557,4392.0,186.0,1.0,0,10.0,67.0,run,21.0,19.0,1
1681598,4457.0,132.0,3.0,0,8.0,65.0,run,21.0,19.0,1
1681627,4561.0,79.0,3.0,0,3.0,75.0,pass,19.0,21.0,0
1681631,4586.0,56.0,1.0,0,10.0,69.0,pass,19.0,21.0,0
1681647,4609.0,52.0,2.0,0,10.0,69.0,pass,19.0,21.0,0
1681667,4669.0,26.0,1.0,0,10.0,15.0,run,19.0,21.0,1
1681671,104.0,1796.0,1.0,0,10.0,76.0,run,0.0,0.0,1
1681696,126.0,1755.0,2.0,0,2.0,68.0,run,0.0,0.0,1
1682474,332.0,1531.0,1.0,1,6.0,6.0,run,0.0,0.0,1
1683599,649.0,1210.0,1.0,0,10.0,36.0,run,7.0,0.0,1
1683830,743.0,1142.0,3.0,0,5.0,31.0,pass,7.0,0.0,0
1684731,1029.0,818.0,3.0,0,3.0,79.0,run,10.0,0.0,1
1686761,1540.0,251.0,1.0,0,10.0,68.0,run,10.0,7.0,1
1688803,2121.0,1773.0,2.0,0,10.0,69.0,run,10.0,10.0,1
1689182,2249.0,1649.0,2.0,0,1.0,18.0,run,10.0,10.0,1
1694821,3464.0,464.0,3.0,1,4.0,4.0,pass,10.0,20.0,0
1696195,3852.0,181.0,2.0,0,1.0,14.0,run,20.0,10.0,1
1697474,61.0,1800.0,1.0,0,10.0,65.0,pass,0.0,0.0,0
1698587,424.0,1518.0,3.0,0,4.0,59.0,pass,0.0,7.0,0
1700219,780.0,1117.0,3.0,0,17.0,33.0,pass,0.0,7.0,0
1704003,1597.0,419.0,3.0,0,4.0,64.0,pass,7.0,14.0,0
1704224,1646.0,328.0,2.0,0,7.0,40.0,pass,7.0,14.0,0
1704760,1776.0,239.0,2.0,0,21.0,39.0,pass,7.0,14.0,0
1704824,1801.0,196.0,3.0,0,15.0,33.0,pass,7.0,14.0,0
1705768,2062.0,47.0,2.0,0,13.0,61.0,pass,14.0,10.0,0
1706608,2227.0,9.0,1.0,0,10.0,69.0,pass,10.0,14.0,0
1710183,3209.0,900.0,2.0,0,5.0,45.0,pass,17.0,24.0,0
1711311,3565.0,659.0,1.0,0,10.0,23.0,run,24.0,24.0,1
1713832,4210.0,66.0,3.0,0,7.0,9.0,pass,27.0,31.0,0
1716218,887.0,1143.0,1.0,0,15.0,59.0,run,7.0,7.0,1
1717477,1152.0,895.0,3.0,0,10.0,74.0,pass,7.0,14.0,0
1717914,1250.0,796.0,2.0,0,8.0,42.0,pass,7.0,14.0,0
1717992,1351.0,682.0,1.0,0,5.0,81.0,run,14.0,7.0,1
1718669,1558.0,489.0,1.0,0,10.0,95.0,run,21.0,7.0,1
1718805,1627.0,409.0,3.0,0,1.0,86.0,run,21.0,7.0,1
1720078,1855.0,116.0,1.0,0,10.0,66.0,pass,7.0,21.0,0
1720752,2022.0,47.0,2.0,0,1.0,78.0,pass,21.0,7.0,0
1721184,2130.0,27.0,3.0,0,10.0,73.0,run,21.0,7.0,1
1724162,2853.0,1267.0,1.0,0,10.0,80.0,run,14.0,21.0,1
1725957,3271.0,803.0,1.0,0,10.0,17.0,pass,21.0,14.0,0
1727660,3579.0,510.0,1.0,0,10.0,67.0,pass,14.0,21.0,0
1729826,3924.0,141.0,1.0,0,10.0,23.0,pass,21.0,14.0,0
1730760,4241.0,57.0,1.0,0,10.0,25.0,pass,14.0,24.0,0
1742142,371.0,1458.0,1.0,0,10.0,54.0,run,0.0,3.0,1
1744654,942.0,985.0,1.0,0,10.0,24.0,run,6.0,0.0,1
1745675,1224.0,701.0,1.0,0,10.0,33.0,run,0.0,13.0,1
1746197,1410.0,531.0,2.0,0,6.0,70.0,run,13.0,7.0,1
1750048,2217.0,1677.0,1.0,0,10.0,29.0,run,7.0,13.0,1
1751040,2480.0,1518.0,1.0,0,10.0,52.0,pass,13.0,10.0,0
1751586,2595.0,1433.0,3.0,0,11.0,16.0,pass,13.0,10.0,0
1754745,3344.0,734.0,1.0,1,7.0,7.0,run,17.0,16.0,1
1758575,119.0,1722.0,2.0,0,7.0,42.0,pass,0.0,0.0,0
1759271,230.0,1551.0,4.0,0,1.0,26.0,run,0.0,0.0,1
1759673,338.0,1419.0,1.0,0,10.0,64.0,run,0.0,0.0,1
1759884,394.0,1342.0,3.0,0,13.0,67.0,pass,0.0,0.0,0
1761172,668.0,966.0,1.0,0,10.0,29.0,run,0.0,0.0,1
1763031,1117.0,539.0,3.0,0,2.0,55.0,pass,0.0,3.0,0
1767651,2148.0,1672.0,1.0,0,10.0,67.0,pass,0.0,10.0,0
1769170,2477.0,1322.0,1.0,1,5.0,5.0,run,0.0,10.0,1
1770741,2800.0,943.0,2.0,0,3.0,22.0,run,10.0,7.0,1
1771070,2937.0,890.0,1.0,0,10.0,77.0,pass,7.0,17.0,0
1771818,3059.0,694.0,1.0,0,10.0,29.0,pass,7.0,17.0,0
1772974,3409.0,420.0,2.0,0,1.0,56.0,run,10.0,24.0,1
1774124,3754.0,197.0,2.0,0,5.0,57.0,pass,24.0,18.0,0
1782651,157.0,1656.0,3.0,0,4.0,30.0,pass,0.0,0.0,0
1784846,615.0,1265.0,1.0,0,10.0,61.0,run,3.0,0.0,1
1791968,2490.0,1704.0,1.0,0,20.0,89.0,pass,9.0,3.0,0
1792363,2629.0,1560.0,1.0,0,10.0,58.0,run,9.0,3.0,1
1798334,3812.0,626.0,1.0,1,3.0,3.0,pass,6.0,23.0,0
1799605,4225.0,242.0,1.0,0,10.0,42.0,run,23.0,9.0,1
1799805,4338.0,219.0,1.0,0,10.0,56.0,pass,9.0,23.0,0
1799855,4391.0,159.0,3.0,0,1.0,47.0,run,9.0,23.0,1
1799884,4436.0,132.0,2.0,0,10.0,42.0,pass,9.0,23.0,0
1799909,4459.0,129.0,3.0,0,10.0,42.0,pass,9.0,23.0,0
1799925,4498.0,120.0,1.0,0,10.0,18.0,pass,9.0,23.0,0
1799929,4528.0,115.0,2.0,0,10.0,18.0,pass,9.0,23.0,0
1799945,4556.0,91.0,3.0,0,6.0,14.0,pass,9.0,23.0,0
1802674,594.0,1198.0,3.0,1,5.0,5.0,pass,0.0,3.0,0
1805839,1400.0,460.0,2.0,0,4.0,47.0,run,10.0,10.0,1
1806082,1469.0,332.0,2.0,0,12.0,38.0,pass,10.0,10.0,0
1807748,2120.0,1729.0,2.0,0,7.0,43.0,run,13.0,17.0,1
1808290,2270.0,1627.0,1.0,0,10.0,69.0,run,17.0,20.0,1
1812528,3342.0,573.0,2.0,1,9.0,9.0,pass,24.0,27.0,0
1825256,189.0,1649.0,2.0,0,13.0,40.0,pass,0.0,0.0,0
1828815,1195.0,721.0,1.0,0,10.0,68.0,run,10.0,6.0,1
1828896,1217.0,683.0,2.0,0,9.0,67.0,pass,10.0,6.0,0
1832877,2111.0,1714.0,1.0,0,10.0,46.0,run,6.0,10.0,1
1838919,3461.0,535.0,2.0,0,8.0,60.0,pass,10.0,11.0,0
1840998,3983.0,116.0,1.0,0,10.0,46.0,pass,11.0,13.0,0
1855466,1329.0,338.0,3.0,0,4.0,74.0,run,10.0,6.0,1
1859813,2311.0,1431.0,1.0,0,10.0,48.0,run,10.0,20.0,1
1860449,2465.0,1254.0,3.0,0,7.0,90.0,pass,20.0,10.0,0
1860700,2535.0,1167.0,3.0,0,8.0,71.0,run,20.0,10.0,1
1863508,3172.0,529.0,2.0,0,13.0,77.0,pass,17.0,27.0,0
1864992,3546.0,140.0,1.0,0,10.0,73.0,pass,17.0,30.0,0
1878299,363.0,1380.0,3.0,0,2.0,17.0,pass,0.0,0.0,0
1879321,600.0,1200.0,1.0,0,10.0,60.0,pass,3.0,0.0,0
1884197,1779.0,115.0,3.0,0,20.0,63.0,pass,9.0,10.0,0
1884450,1860.0,81.0,2.0,0,1.0,73.0,pass,10.0,9.0,0
1884514,1885.0,65.0,1.0,0,10.0,62.0,pass,10.0,9.0,0
1886174,2282.0,1599.0,1.0,0,10.0,34.0,pass,9.0,13.0,0
1886434,2335.0,1554.0,1.0,0,10.0,20.0,pass,9.0,13.0,0
1889109,2981.0,926.0,1.0,0,10.0,65.0,run,23.0,13.0,1
1908441,1035.0,812.0,2.0,0,8.0,64.0,pass,0.0,3.0,0
1910803,1566.0,350.0,2.0,0,8.0,53.0,run,3.0,3.0,1
1912428,1942.0,107.0,2.0,1,1.0,1.0,run,3.0,3.0,1
1912528,1973.0,60.0,3.0,1,1.0,1.0,run,3.0,3.0,1
1913943,2267.0,1640.0,4.0,0,2.0,33.0,pass,3.0,3.0,0
1914774,2607.0,1474.0,3.0,0,6.0,76.0,pass,3.0,17.0,0
1915926,2841.0,1146.0,3.0,0,7.0,36.0,pass,3.0,17.0,0
1918288,3389.0,613.0,1.0,0,10.0,49.0,pass,3.0,17.0,0
1919373,3569.0,380.0,3.0,0,11.0,33.0,pass,3.0,17.0,0
1919615,3626.0,310.0,2.0,0,2.0,7.0,pass,3.0,17.0,0
1919725,3646.0,267.0,3.0,0,10.0,15.0,pass,3.0,17.0,0
1925261,1120.0,900.0,2.0,0,3.0,53.0,run,6.0,14.0,1
1925593,1199.0,805.0,1.0,0,10.0,31.0,run,6.0,14.0,1
1926006,1320.0,629.0,2.0,1,6.0,6.0,run,6.0,14.0,1
1926758,1507.0,408.0,2.0,0,7.0,39.0,pass,14.0,13.0,0
1927830,1867.0,106.0,1.0,0,10.0,73.0,pass,14.0,16.0,0
1929497,2325.0,1753.0,2.0,0,7.0,53.0,pass,22.0,16.0,0
1932575,3195.0,900.0,2.0,0,12.0,39.0,pass,16.0,25.0,0
1934416,3766.0,408.0,1.0,0,10.0,40.0,run,25.0,19.0,1
1936449,100.0,1770.0,1.0,0,10.0,42.0,run,0.0,0.0,1
1937656,380.0,1506.0,3.0,0,8.0,20.0,run,0.0,3.0,1
1937881,448.0,1493.0,1.0,0,10.0,71.0,pass,3.0,7.0,0
1938723,696.0,1232.0,1.0,0,10.0,75.0,pass,3.0,13.0,0
1939829,868.0,1014.0,2.0,1,3.0,3.0,pass,3.0,13.0,0
1941620,1357.0,462.0,1.0,1,1.0,1.0,run,10.0,13.0,1
1944496,2003.0,25.0,1.0,0,10.0,57.0,pass,17.0,20.0,0
1944596,2026.0,21.0,2.0,0,10.0,57.0,pass,17.0,20.0,0
1945480,2289.0,1641.0,3.0,0,6.0,89.0,pass,17.0,20.0,0
1946363,2558.0,1422.0,2.0,0,10.0,13.0,run,20.0,17.0,1
1949210,3484.0,733.0,1.0,0,10.0,25.0,pass,17.0,27.0,0
1951194,3995.0,363.0,1.0,0,10.0,57.0,run,34.0,17.0,1
1951735,4068.0,305.0,3.0,0,5.0,41.0,pass,34.0,17.0,0
1952027,4138.0,231.0,1.0,0,10.0,38.0,run,34.0,17.0,1
1952866,216.0,1615.0,2.0,0,11.0,70.0,run,0.0,0.0,1
1953661,379.0,1454.0,2.0,0,2.0,66.0,pass,0.0,0.0,0
1955528,884.0,981.0,1.0,0,10.0,21.0,pass,0.0,0.0,0
1955592,955.0,969.0,1.0,0,10.0,72.0,pass,0.0,6.0,0
1958461,1675.0,350.0,3.0,0,13.0,83.0,pass,10.0,6.0,0
1959409,1889.0,141.0,3.0,0,7.0,37.0,run,6.0,10.0,1
1959602,1969.0,116.0,1.0,0,15.0,29.0,run,6.0,10.0,1
1961177,2343.0,1758.0,2.0,0,6.0,73.0,run,13.0,6.0,1
1967083,3827.0,356.0,3.0,0,6.0,59.0,pass,12.0,20.0,0
1967263,3894.0,308.0,1.0,0,10.0,81.0,pass,20.0,12.0,0
1968698,130.0,1720.0,1.0,0,10.0,72.0,pass,0.0,0.0,0
1970480,500.0,1415.0,3.0,0,5.0,24.0,pass,0.0,7.0,0
1971077,643.0,1313.0,3.0,0,9.0,53.0,pass,7.0,3.0,0
1973066,1215.0,711.0,1.0,1,9.0,9.0,pass,3.0,7.0,0
1975129,1490.0,400.0,3.0,0,1.0,17.0,run,7.0,10.0,1
1975210,1512.0,357.0,1.0,0,10.0,13.0,pass,7.0,10.0,0
1976608,1865.0,77.0,1.0,0,10.0,45.0,pass,14.0,13.0,0
1977163,2042.0,24.0,1.0,0,10.0,40.0,pass,13.0,20.0,0
1978321,2348.0,1639.0,3.0,0,2.0,45.0,run,16.0,20.0,1
1978370,2370.0,1605.0,1.0,0,10.0,42.0,run,16.0,20.0,1
1979000,2444.0,1494.0,2.0,0,1.0,17.0,run,16.0,20.0,1
1981867,3095.0,900.0,1.0,0,16.0,44.0,pass,19.0,27.0,0
1985040,3833.0,168.0,1.0,0,10.0,33.0,run,27.0,19.0,1
1992821,1700.0,113.0,1.0,0,10.0,84.0,pass,0.0,10.0,0
1997237,2807.0,917.0,1.0,0,10.0,49.0,pass,17.0,3.0,0
2002428,3972.0,83.0,1.0,0,10.0,52.0,pass,10.0,20.0,0
2015892,1202.0,538.0,1.0,0,10.0,51.0,pass,3.0,0.0,0
2018825,1683.0,102.0,1.0,0,10.0,69.0,pass,3.0,7.0,0
2018850,1713.0,99.0,2.0,0,6.0,65.0,pass,3.0,7.0,0
2022214,2417.0,1419.0,3.0,0,1.0,39.0,run,3.0,13.0,1
2023589,2698.0,1152.0,1.0,0,15.0,72.0,run,10.0,13.0,1
2023625,2720.0,1110.0,2.0,0,13.0,70.0,pass,10.0,13.0,0
2040326,512.0,1250.0,3.0,0,5.0,12.0,pass,0.0,0.0,0
2041646,784.0,1024.0,1.0,0,10.0,80.0,run,3.0,0.0,1
2043633,1049.0,759.0,2.0,0,7.0,19.0,run,0.0,3.0,1
2045333,1549.0,417.0,3.0,0,20.0,62.0,pass,3.0,3.0,0
2046819,1907.0,87.0,2.0,0,5.0,29.0,pass,3.0,3.0,0
2046963,1937.0,78.0,1.0,1,3.0,3.0,pass,3.0,3.0,0
2052236,3133.0,995.0,2.0,0,10.0,58.0,pass,3.0,13.0,0
2053726,3467.0,645.0,1.0,0,10.0,34.0,run,13.0,3.0,1
2056779,4312.0,96.0,3.0,0,8.0,55.0,pass,13.0,6.0,0
2069253,568.0,1205.0,2.0,0,9.0,58.0,run,0.0,3.0,1
2077682,2645.0,1318.0,3.0,0,14.0,59.0,pass,13.0,13.0,0
2083337,3914.0,189.0,3.0,0,1.0,28.0,run,20.0,23.0,1
2083418,3936.0,152.0,4.0,0,2.0,29.0,pass,20.0,23.0,0
2084323,4311.0,19.0,3.0,0,11.0,27.0,pass,23.0,27.0,0
2084348,4341.0,13.0,4.0,0,11.0,27.0,pass,23.0,27.0,0
2101105,2018.0,232.0,1.0,0,10.0,20.0,pass,0.0,14.0,0
2101723,2141.0,133.0,1.0,0,10.0,70.0,pass,14.0,3.0,0
2104622,2829.0,1492.0,1.0,0,10.0,46.0,run,6.0,17.0,1
2105850,3143.0,1261.0,3.0,0,2.0,28.0,run,17.0,12.0,1
2108776,3694.0,855.0,3.0,0,14.0,57.0,run,27.0,12.0,1
2110481,4168.0,587.0,1.0,0,25.0,55.0,pass,12.0,27.0,0
2110900,4300.0,513.0,1.0,0,17.0,62.0,pass,27.0,12.0,0
2110906,4343.0,503.0,1.0,0,10.0,52.0,run,12.0,27.0,1
2110931,4365.0,479.0,2.0,0,5.0,47.0,pass,12.0,27.0,0
2111159,4631.0,308.0,4.0,1,5.0,5.0,pass,12.0,27.0,0
2111163,4661.0,304.0,1.0,0,10.0,94.0,run,27.0,12.0,1
2111167,4683.0,297.0,2.0,0,7.0,91.0,pass,27.0,12.0,0
2111168,4714.0,291.0,3.0,0,7.0,91.0,pass,27.0,12.0,0
2111169,4760.0,274.0,1.0,0,10.0,50.0,pass,12.0,27.0,0
2111170,4785.0,250.0,1.0,0,10.0,28.0,pass,12.0,27.0,0
2111171,4810.0,226.0,1.0,0,10.0,15.0,pass,12.0,27.0,0
2111175,4857.0,222.0,2.0,0,15.0,20.0,pass,12.0,27.0,0
2111176,4887.0,190.0,3.0,0,16.0,21.0,run,12.0,27.0,1
2111180,4920.0,181.0,1.0,1,3.0,3.0,pass,12.0,27.0,0
2111185,4967.0,135.0,3.0,1,4.0,4.0,pass,12.0,27.0,0
2111186,5036.0,118.0,1.0,0,10.0,72.0,run,27.0,19.0,1
2111187,5072.0,113.0,2.0,0,7.0,69.0,run,27.0,19.0,1
2111188,5101.0,70.0,3.0,0,3.0,65.0,run,27.0,19.0,1
2124553,1001.0,941.0,1.0,0,10.0,12.0,pass,6.0,3.0,0
2126916,1680.0,446.0,2.0,0,7.0,32.0,pass,3.0,20.0,0
2127052,1732.0,398.0,1.0,0,10.0,63.0,run,20.0,3.0,1
2127173,1784.0,357.0,3.0,0,13.0,66.0,pass,20.0,3.0,0
2128519,2012.0,148.0,1.0,0,10.0,11.0,pass,3.0,20.0,0
2128629,2035.0,142.0,2.0,0,10.0,11.0,pass,3.0,20.0,0
2131959,2968.0,1278.0,1.0,1,4.0,4.0,pass,10.0,31.0,0
2136079,3741.0,646.0,1.0,0,10.0,78.0,pass,24.0,38.0,0
2138290,4239.0,207.0,1.0,0,10.0,78.0,run,38.0,24.0,1
2150548,957.0,975.0,2.0,0,10.0,65.0,pass,0.0,14.0,0
2154158,1838.0,236.0,1.0,0,10.0,41.0,pass,0.0,21.0,0
2157084,2345.0,1666.0,1.0,0,10.0,61.0,pass,0.0,21.0,0
2158025,2580.0,1541.0,4.0,0,2.0,30.0,pass,0.0,21.0,0
2160405,3005.0,1203.0,3.0,0,6.0,69.0,pass,21.0,0.0,0
2162274,3512.0,900.0,2.0,0,8.0,60.0,pass,21.0,0.0,0
2163334,3776.0,671.0,1.0,0,10.0,80.0,pass,0.0,28.0,0
2165258,4328.0,242.0,1.0,0,10.0,51.0,pass,7.0,35.0,0
2165298,4376.0,214.0,1.0,0,10.0,38.0,pass,7.0,35.0,0
2165370,4435.0,202.0,3.0,0,10.0,38.0,pass,7.0,35.0,0
2165374,4458.0,192.0,4.0,0,10.0,38.0,pass,7.0,35.0,0
2165375,4483.0,166.0,1.0,0,10.0,22.0,pass,7.0,35.0,0
2165384,4513.0,159.0,1.0,0,10.0,11.0,pass,7.0,35.0,0
2165385,4538.0,127.0,2.0,0,6.0,7.0,pass,7.0,35.0,0
2165389,4558.0,120.0,3.0,0,13.0,14.0,pass,7.0,35.0,0
2165398,4588.0,115.0,4.0,0,13.0,14.0,pass,7.0,35.0,0
2178718,816.0,1077.0,1.0,0,10.0,84.0,pass,7.0,0.0,0
2179162,918.0,965.0,2.0,0,11.0,70.0,pass,7.0,0.0,0
2182445,1559.0,260.0,1.0,0,10.0,56.0,run,14.0,0.0,1
2184627,2092.0,1747.0,3.0,0,13.0,68.0,pass,21.0,0.0,0
2184780,2139.0,1669.0,2.0,0,7.0,52.0,pass,21.0,0.0,0
2186290,2389.0,1440.0,1.0,0,10.0,65.0,run,0.0,28.0,1
2189363,3102.0,723.0,2.0,0,20.0,88.0,pass,0.0,31.0,0
2190943,3338.0,428.0,1.0,0,10.0,86.0,run,0.0,31.0,1
2192351,74.0,1795.0,1.0,0,10.0,67.0,run,0.0,0.0,1
2192376,103.0,1759.0,2.0,0,4.0,61.0,run,0.0,0.0,1
2195038,627.0,1123.0,1.0,0,10.0,17.0,run,0.0,0.0,1
2203532,2764.0,1104.0,3.0,0,8.0,35.0,pass,6.0,24.0,0
2210934,401.0,1393.0,2.0,0,6.0,12.0,pass,0.0,3.0,0
2212902,962.0,863.0,1.0,0,20.0,54.0,pass,10.0,3.0,0
2213838,1191.0,532.0,2.0,0,12.0,49.0,pass,3.0,10.0,0
2215933,1790.0,49.0,1.0,0,10.0,65.0,run,13.0,17.0,1
2220778,2797.0,900.0,2.0,0,6.0,71.0,pass,31.0,13.0,0
2223940,3320.0,347.0,1.0,0,10.0,65.0,run,31.0,13.0,1
2228886,779.0,1128.0,2.0,0,11.0,37.0,pass,0.0,3.0,0
2233829,1990.0,102.0,4.0,0,1.0,42.0,run,0.0,20.0,1
2235584,2458.0,1729.0,1.0,0,10.0,72.0,pass,7.0,20.0,0
2242188,3946.0,260.0,1.0,0,10.0,68.0,run,26.0,14.0,1
2242843,4060.0,200.0,2.0,0,5.0,28.0,run,26.0,14.0,1
2245172,257.0,1662.0,2.0,0,10.0,80.0,pass,0.0,0.0,0
2247682,893.0,1189.0,2.0,0,6.0,77.0,run,0.0,7.0,1
2247746,920.0,1148.0,3.0,0,2.0,73.0,run,0.0,7.0,1
2251512,1746.0,358.0,1.0,0,10.0,39.0,pass,0.0,13.0,0
2251933,1816.0,268.0,1.0,1,5.0,5.0,run,0.0,13.0,1
2256882,2876.0,1279.0,3.0,0,11.0,89.0,pass,0.0,13.0,0
2256954,2925.0,1264.0,1.0,0,10.0,59.0,run,13.0,0.0,1
2263315,4184.0,282.0,2.0,0,10.0,19.0,pass,16.0,26.0,0
2263543,4375.0,176.0,3.0,0,8.0,70.0,pass,26.0,23.0,0
2263577,4461.0,137.0,2.0,0,11.0,69.0,pass,23.0,26.0,0
2263581,4484.0,134.0,3.0,0,11.0,69.0,pass,23.0,26.0,0
2263606,4517.0,126.0,1.0,0,10.0,38.0,pass,23.0,26.0,0
2263622,4540.0,124.0,2.0,0,10.0,38.0,pass,23.0,26.0,0
2263647,4627.0,111.0,1.0,0,10.0,65.0,pass,26.0,30.0,0
2263651,4647.0,81.0,2.0,0,14.0,69.0,pass,26.0,30.0,0
2263667,4694.0,74.0,3.0,0,19.0,74.0,pass,26.0,30.0,0
2263671,4717.0,68.0,4.0,0,19.0,74.0,pass,26.0,30.0,0
2263687,4757.0,61.0,1.0,0,10.0,40.0,pass,26.0,30.0,0
2263688,4783.0,55.0,2.0,0,10.0,40.0,pass,26.0,30.0,0
2263692,4858.0,40.0,1.0,1,1.0,1.0,run,26.0,30.0,1
2263693,4985.0,33.0,1.0,0,10.0,77.0,pass,30.0,32.0,0
2263694,5045.0,18.0,1.0,0,5.0,43.0,pass,30.0,32.0,0
2276697,721.0,977.0,2.0,0,6.0,62.0,pass,7.0,3.0,0
2279726,1555.0,334.0,2.0,0,13.0,77.0,pass,14.0,6.0,0
2279826,1637.0,260.0,1.0,0,10.0,68.0,run,6.0,14.0,1
2280166,1684.0,180.0,3.0,0,8.0,66.0,pass,6.0,14.0,0
2287577,3287.0,400.0,1.0,0,10.0,26.0,pass,21.0,19.0,0
2289862,3733.0,174.0,1.0,1,10.0,10.0,pass,19.0,28.0,0
2290707,3979.0,93.0,2.0,0,13.0,14.0,run,28.0,22.0,1
2299683,502.0,1345.0,1.0,0,10.0,74.0,run,7.0,0.0,1
2304531,1650.0,282.0,2.0,1,8.0,8.0,pass,0.0,10.0,0
2305572,2029.0,93.0,2.0,0,5.0,47.0,run,10.0,14.0,1
2307801,2655.0,1470.0,4.0,0,1.0,9.0,run,17.0,10.0,1
2311055,3392.0,891.0,1.0,0,10.0,73.0,run,17.0,27.0,1
2314846,4539.0,3.0,2.0,0,5.0,60.0,pass,31.0,33.0,0
2325083,2379.0,1710.0,1.0,0,10.0,46.0,run,3.0,14.0,1
2329386,3711.0,582.0,2.0,0,10.0,58.0,pass,9.0,24.0,0
2329673,3818.0,523.0,3.0,0,10.0,48.0,pass,9.0,24.0,0
2331189,4162.0,269.0,4.0,0,8.0,12.0,pass,9.0,24.0,0
2331463,4326.0,209.0,1.0,0,10.0,37.0,pass,9.0,24.0,0
2331479,4358.0,204.0,2.0,0,10.0,37.0,pass,9.0,24.0,0
2331515,4378.0,159.0,3.0,0,21.0,48.0,pass,9.0,24.0,0
2331587,4426.0,148.0,1.0,0,10.0,66.0,run,24.0,9.0,1
2331596,4448.0,120.0,2.0,0,10.0,66.0,run,24.0,9.0,1
2331605,4485.0,75.0,3.0,0,7.0,63.0,run,24.0,9.0,1
2335172,744.0,1285.0,3.0,0,3.0,29.0,pass,7.0,8.0,0
2344050,3053.0,1529.0,2.0,0,10.0,30.0,pass,27.0,15.0,0
2344139,3108.0,1457.0,1.0,0,10.0,15.0,run,27.0,15.0,1
2347602,4366.0,473.0,3.0,0,16.0,54.0,run,44.0,22.0,1
2347606,4408.0,410.0,1.0,0,10.0,92.0,run,22.0,44.0,1
2347642,4430.0,377.0,2.0,0,10.0,92.0,pass,22.0,44.0,0
2347667,4450.0,337.0,3.0,0,15.0,97.0,run,22.0,44.0,1
2347692,4508.0,272.0,1.0,0,10.0,75.0,run,44.0,22.0,1
2347696,4530.0,228.0,2.0,0,8.0,73.0,run,44.0,22.0,1
2347742,4596.0,120.0,3.0,0,8.0,62.0,run,44.0,22.0,1
2352534,908.0,944.0,3.0,0,3.0,23.0,run,3.0,0.0,1
2353324,1232.0,683.0,3.0,0,2.0,39.0,pass,0.0,6.0,0
2355267,1707.0,256.0,2.0,0,10.0,64.0,run,12.0,3.0,1
2357014,2153.0,39.0,2.0,0,4.0,34.0,pass,3.0,19.0,0
2357086,2178.0,35.0,3.0,0,11.0,41.0,pass,3.0,19.0,0
2360858,3139.0,1100.0,3.0,0,7.0,16.0,pass,33.0,3.0,0
2361792,3323.0,907.0,1.0,0,10.0,45.0,run,3.0,40.0,1
2363200,3601.0,637.0,1.0,1,3.0,3.0,run,3.0,40.0,1
2370863,952.0,865.0,2.0,0,8.0,60.0,run,0.0,6.0,1
2372055,1186.0,564.0,3.0,0,2.0,14.0,run,0.0,6.0,1
2373281,1527.0,309.0,1.0,0,10.0,68.0,pass,7.0,6.0,0
2376042,2186.0,1634.0,1.0,0,10.0,17.0,pass,10.0,6.0,0
2384907,4197.0,74.0,2.0,1,3.0,3.0,pass,16.0,30.0,0
2398141,702.0,1047.0,1.0,0,10.0,56.0,run,7.0,3.0,1
2399138,947.0,792.0,3.0,0,9.0,59.0,pass,3.0,7.0,0
2402745,1664.0,76.0,3.0,0,3.0,76.0,pass,6.0,7.0,0
2408705,3060.0,772.0,1.0,0,10.0,11.0,pass,7.0,30.0,0
2411555,3771.0,245.0,1.0,0,10.0,67.0,pass,13.0,32.0,0
2412225,3891.0,152.0,2.0,0,6.0,30.0,run,32.0,13.0,1
2424364,621.0,1389.0,1.0,0,10.0,73.0,run,3.0,7.0,1
2425050,869.0,1090.0,1.0,0,20.0,25.0,pass,7.0,3.0,0
2429159,1965.0,227.0,1.0,0,10.0,80.0,run,10.0,20.0,1
2436239,3515.0,818.0,1.0,0,10.0,11.0,run,30.0,17.0,1
2438268,4154.0,434.0,1.0,0,10.0,65.0,run,17.0,44.0,1
2438504,4251.0,293.0,1.0,0,10.0,35.0,pass,17.0,44.0,0
2438540,4274.0,290.0,2.0,0,10.0,35.0,pass,17.0,44.0,0
2438681,4452.0,120.0,2.0,0,9.0,70.0,run,24.0,44.0,1
2438685,4481.0,78.0,3.0,0,8.0,69.0,run,24.0,44.0,1
2441325,732.0,1100.0,1.0,0,10.0,82.0,pass,7.0,3.0,0
2441674,795.0,1017.0,1.0,0,10.0,72.0,pass,7.0,3.0,0
2441820,849.0,928.0,2.0,0,9.0,38.0,pass,7.0,3.0,0
2441836,899.0,900.0,3.0,0,10.0,39.0,pass,7.0,3.0,0
2442371,1044.0,749.0,3.0,0,3.0,32.0,pass,3.0,7.0,0
2443842,1452.0,410.0,3.0,0,14.0,34.0,pass,6.0,7.0,0
2448933,2664.0,1294.0,1.0,0,10.0,38.0,pass,16.0,14.0,0
2450182,3054.0,935.0,3.0,0,7.0,40.0,pass,14.0,19.0,0
2452831,3734.0,336.0,3.0,0,6.0,9.0,pass,29.0,19.0,0
2454296,4153.0,207.0,4.0,0,5.0,54.0,pass,19.0,35.0,0
2454468,4203.0,159.0,2.0,0,4.0,34.0,pass,19.0,35.0,0
2469747,1943.0,1794.0,1.0,0,10.0,71.0,run,3.0,17.0,1
2470314,2064.0,1662.0,2.0,0,11.0,87.0,run,17.0,3.0,1
2481335,507.0,1286.0,2.0,0,4.0,35.0,run,0.0,0.0,1
2483328,1020.0,793.0,1.0,1,3.0,3.0,run,7.0,0.0,1
2484247,1260.0,583.0,2.0,0,8.0,38.0,pass,0.0,14.0,0
2488895,2165.0,1794.0,1.0,0,10.0,67.0,run,21.0,3.0,1
2489105,2187.0,1755.0,2.0,0,3.0,60.0,run,21.0,3.0,1
2491239,2564.0,1323.0,1.0,0,10.0,85.0,pass,24.0,3.0,0
2492968,3049.0,1065.0,1.0,0,15.0,49.0,run,24.0,10.0,1
2494161,3507.0,629.0,1.0,0,10.0,36.0,run,31.0,10.0,1
2503046,1741.0,166.0,1.0,0,10.0,58.0,run,14.0,10.0,1
2503356,1819.0,96.0,1.0,0,10.0,37.0,pass,14.0,10.0,0
2509820,3438.0,440.0,1.0,0,10.0,44.0,run,31.0,13.0,1
2509990,3503.0,367.0,3.0,0,6.0,40.0,pass,31.0,13.0,0
2524664,845.0,976.0,1.0,0,10.0,74.0,pass,0.0,10.0,0
2529489,1966.0,63.0,1.0,0,10.0,50.0,pass,10.0,24.0,0
2530187,2134.0,18.0,1.0,0,10.0,12.0,pass,10.0,24.0,0
2534502,3171.0,1009.0,2.0,0,7.0,63.0,pass,16.0,31.0,0
2535156,3410.0,817.0,1.0,0,10.0,52.0,run,31.0,24.0,1
2539146,4297.0,32.0,4.0,0,9.0,55.0,pass,38.0,39.0,0
2548610,411.0,1395.0,4.0,0,1.0,24.0,run,0.0,0.0,1
2558968,2914.0,1167.0,1.0,0,10.0,49.0,run,7.0,23.0,1
2576565,3098.0,943.0,2.0,0,8.0,48.0,pass,17.0,3.0,0
2582444,4243.0,53.0,2.0,0,10.0,48.0,run,3.0,23.0,1
2582460,4270.0,46.0,3.0,0,4.0,42.0,pass,3.0,23.0,0
2582469,4293.0,38.0,4.0,0,4.0,42.0,pass,3.0,23.0,0
2583967,385.0,1437.0,2.0,0,10.0,85.0,pass,0.0,3.0,0
2587921,1506.0,318.0,1.0,0,10.0,77.0,run,7.0,17.0,1
2590518,2052.0,1676.0,2.0,0,9.0,48.0,pass,7.0,17.0,0
2612604,811.0,924.0,2.0,0,14.0,69.0,pass,0.0,0.0,0
2612796,881.0,865.0,1.0,0,10.0,54.0,run,0.0,0.0,1
2622612,3220.0,605.0,1.0,0,10.0,39.0,run,21.0,7.0,1
2640137,825.0,1037.0,3.0,0,17.0,84.0,pass,0.0,3.0,0
2644038,1849.0,110.0,1.0,0,10.0,27.0,pass,10.0,7.0,0
2644558,1948.0,54.0,1.0,1,1.0,1.0,run,10.0,7.0,1
2646814,2523.0,1500.0,2.0,0,8.0,15.0,pass,7.0,24.0,0
2649355,3137.0,894.0,1.0,0,10.0,78.0,pass,27.0,10.0,0
2652717,4024.0,250.0,2.0,0,8.0,36.0,run,27.0,17.0,1
2686334,95.0,1755.0,1.0,0,10.0,37.0,run,0.0,0.0,1
2693643,1657.0,257.0,3.0,0,7.0,77.0,pass,6.0,14.0,0
2708202,693.0,980.0,3.0,0,4.0,33.0,run,0.0,0.0,1
2715165,2334.0,1371.0,3.0,0,4.0,49.0,pass,7.0,6.0,0
2716162,2610.0,1163.0,2.0,0,8.0,20.0,pass,7.0,6.0,0
2716914,2831.0,1028.0,1.0,0,10.0,71.0,run,6.0,13.0,1
2717084,2889.0,988.0,3.0,0,9.0,70.0,pass,6.0,13.0,0
2718201,3075.0,821.0,2.0,0,4.0,22.0,run,6.0,13.0,1
2723947,431.0,1470.0,3.0,1,3.0,3.0,run,0.0,7.0,1
2724047,453.0,1430.0,4.0,1,2.0,2.0,pass,0.0,7.0,0
2727339,1332.0,659.0,3.0,0,13.0,85.0,pass,14.0,10.0,0
2729911,1988.0,120.0,1.0,0,10.0,14.0,run,14.0,13.0,1
2733582,2810.0,1494.0,2.0,0,3.0,9.0,run,17.0,20.0,1
2738612,4356.0,170.0,1.0,1,5.0,5.0,pass,27.0,41.0,0
2738697,4470.0,162.0,1.0,0,10.0,96.0,run,41.0,27.0,1
2738751,4612.0,135.0,1.0,0,10.0,55.0,pass,27.0,41.0,0
2738760,4637.0,120.0,1.0,0,10.0,44.0,pass,27.0,41.0,0
2738764,4674.0,113.0,2.0,0,8.0,42.0,pass,27.0,41.0,0
2738773,4709.0,107.0,1.0,0,10.0,23.0,pass,27.0,41.0,0
2738777,4767.0,102.0,1.0,0,10.0,57.0,pass,35.0,41.0,0
2738781,4790.0,99.0,2.0,0,10.0,57.0,pass,35.0,41.0,0
2738785,4815.0,80.0,1.0,0,10.0,45.0,pass,35.0,41.0,0
2738786,4843.0,71.0,1.0,0,10.0,22.0,pass,35.0,41.0,0
2738790,4903.0,63.0,1.0,1,7.0,7.0,run,35.0,41.0,1
2738795,4996.0,50.0,1.0,0,10.0,72.0,pass,41.0,42.0,0
2738800,5047.0,35.0,3.0,0,10.0,72.0,run,41.0,42.0,1
2738801,5069.0,25.0,1.0,0,10.0,58.0,pass,41.0,42.0,0
2738802,5132.0,17.0,1.0,0,10.0,65.0,pass,42.0,47.0,0
2738806,5155.0,10.0,2.0,0,10.0,65.0,pass,42.0,47.0,0
2738807,5185.0,4.0,1.0,0,10.0,52.0,pass,42.0,47.0,0
2749766,414.0,1344.0,1.0,0,10.0,59.0,pass,0.0,0.0,0
2752734,1345.0,590.0,2.0,0,7.0,12.0,pass,3.0,0.0,0
2753565,1617.0,347.0,3.0,0,7.0,46.0,pass,0.0,6.0,0
2763246,4045.0,379.0,3.0,0,6.0,76.0,pass,15.0,15.0,0
2763938,4254.0,183.0,2.0,0,12.0,66.0,run,15.0,15.0,1
2764159,4403.0,74.0,1.0,0,10.0,87.0,pass,15.0,15.0,0
2764225,4532.0,44.0,2.0,0,7.0,61.0,run,15.0,15.0,1
2764257,4581.0,29.0,2.0,0,1.0,27.0,run,15.0,15.0,1
2764261,4610.0,24.0,1.0,0,10.0,25.0,run,15.0,15.0,1
2775598,238.0,1625.0,3.0,0,11.0,70.0,pass,0.0,0.0,0
2780944,1619.0,373.0,3.0,1,1.0,1.0,run,0.0,7.0,1
2799954,1451.0,361.0,2.0,0,20.0,46.0,pass,0.0,0.0,0
2807737,3251.0,625.0,1.0,0,10.0,21.0,run,9.0,13.0,1
2811789,4125.0,546.0,2.0,0,11.0,45.0,pass,23.0,23.0,0
2812026,4249.0,336.0,1.0,1,1.0,1.0,run,23.0,23.0,1
2812051,4273.0,292.0,2.0,1,3.0,3.0,run,23.0,23.0,1
2812156,4476.0,81.0,1.0,0,10.0,23.0,pass,23.0,30.0,0
2812172,4499.0,77.0,2.0,0,10.0,23.0,run,23.0,30.0,1
2812193,4580.0,25.0,1.0,1,1.0,1.0,run,23.0,30.0,1
2812206,73.0,1793.0,1.0,0,10.0,84.0,pass,0.0,0.0,0
2843264,3534.0,304.0,3.0,0,2.0,19.0,run,17.0,27.0,1
2862162,1721.0,155.0,2.0,0,9.0,74.0,pass,17.0,14.0,0
2870350,4079.0,187.0,2.0,0,6.0,65.0,pass,17.0,27.0,0
2870400,4129.0,142.0,2.0,0,2.0,38.0,run,17.0,27.0,1
2870481,4151.0,120.0,3.0,0,1.0,37.0,pass,17.0,27.0,0
2884084,753.0,1096.0,2.0,0,7.0,93.0,pass,0.0,7.0,0
2886664,1287.0,620.0,2.0,0,9.0,35.0,pass,0.0,13.0,0
2915779,1639.0,284.0,1.0,0,10.0,60.0,pass,21.0,0.0,0
2922876,3432.0,646.0,2.0,0,9.0,49.0,pass,7.0,38.0,0
2964996,1384.0,605.0,1.0,1,3.0,3.0,run,28.0,0.0,1
2968295,2114.0,120.0,1.0,0,10.0,53.0,run,35.0,7.0,1
2970125,2617.0,1770.0,2.0,0,1.0,66.0,pass,7.0,38.0,0
2972806,3245.0,1418.0,1.0,0,10.0,75.0,run,38.0,15.0,1
2973788,3487.0,1177.0,4.0,0,5.0,8.0,pass,15.0,38.0,0
2976064,3976.0,644.0,2.0,0,10.0,20.0,pass,15.0,41.0,0
2976682,4187.0,510.0,2.0,0,3.0,27.0,run,41.0,22.0,1
2976711,4234.0,423.0,2.0,0,5.0,16.0,run,41.0,22.0,1
2976785,4315.0,331.0,1.0,0,10.0,80.0,run,22.0,44.0,1
2976885,4406.0,243.0,1.0,0,10.0,70.0,run,44.0,22.0,1
3002076,3279.0,507.0,2.0,0,3.0,70.0,run,17.0,16.0,1
3004962,4206.0,595.0,1.0,0,10.0,70.0,run,25.0,25.0,1
3005206,4451.0,374.0,1.0,0,10.0,33.0,run,25.0,25.0,1
3005210,4473.0,337.0,2.0,0,3.0,26.0,run,25.0,25.0,1
3035589,4082.0,208.0,4.0,1,10.0,10.0,pass,13.0,27.0,0
3035879,4211.0,189.0,3.0,0,1.0,74.0,run,27.0,19.0,1
3036193,4425.0,74.0,1.0,0,10.0,66.0,pass,19.0,27.0,0
3036222,4497.0,47.0,3.0,0,11.0,67.0,run,19.0,27.0,1
3036226,4519.0,21.0,4.0,0,4.0,60.0,pass,19.0,27.0,0
3041161,1137.0,693.0,1.0,0,10.0,85.0,pass,0.0,13.0,0
3042903,1402.0,456.0,1.0,0,10.0,80.0,pass,13.0,0.0,0
3046167,2179.0,1553.0,1.0,0,10.0,49.0,pass,0.0,16.0,0
3062438,689.0,1269.0,2.0,0,10.0,71.0,pass,7.0,7.0,0
3079161,308.0,1500.0,2.0,0,6.0,35.0,pass,0.0,0.0,0
3110426,1841.0,204.0,1.0,0,10.0,54.0,pass,3.0,20.0,0
3114954,2963.0,1274.0,1.0,0,20.0,58.0,pass,23.0,10.0,0
3120517,4253.0,127.0,1.0,0,10.0,38.0,run,24.0,29.0,1
3120738,4638.0,7.0,1.0,0,20.0,65.0,pass,29.0,30.0,0
3133660,368.0,1481.0,2.0,0,3.0,58.0,run,0.0,7.0,1
3148782,3224.0,695.0,1.0,0,10.0,51.0,pass,28.0,20.0,0
3152861,173.0,1608.0,1.0,0,10.0,44.0,run,0.0,0.0,1
3160664,2136.0,27.0,1.0,0,10.0,64.0,pass,7.0,7.0,0
3161282,2336.0,1751.0,2.0,0,12.0,93.0,pass,7.0,7.0,0
3163105,3031.0,1045.0,2.0,0,7.0,77.0,pass,7.0,7.0,0
3171964,1038.0,851.0,2.0,0,10.0,70.0,pass,7.0,7.0,0
3196822,475.0,1379.0,1.0,0,10.0,80.0,run,0.0,7.0,1
3215577,772.0,1072.0,2.0,0,7.0,69.0,run,7.0,0.0,1
3249321,2487.0,1316.0,3.0,0,3.0,46.0,pass,0.0,3.0,0
3253756,3454.0,354.0,2.0,0,3.0,6.0,run,0.0,10.0,1
3264747,1626.0,314.0,1.0,0,10.0,70.0,pass,5.0,3.0,0
3264892,1710.0,228.0,3.0,0,4.0,64.0,pass,5.0,3.0,0
3270814,2993.0,990.0,3.0,0,14.0,49.0,pass,15.0,3.0,0
3275101,3884.0,243.0,2.0,0,10.0,44.0,pass,3.0,25.0,0
3285743,313.0,1539.0,1.0,0,10.0,55.0,pass,0.0,0.0,0
3300284,3590.0,159.0,4.0,0,1.0,35.0,run,16.0,16.0,1
3306414,1207.0,507.0,1.0,1,1.0,1.0,run,7.0,7.0,1
3318171,4264.0,75.0,3.0,1,12.0,12.0,pass,19.0,24.0,0
3318268,4361.0,56.0,1.0,0,10.0,44.0,pass,24.0,27.0,0
3318294,4409.0,30.0,2.0,0,10.0,33.0,pass,24.0,27.0,0
3318359,4624.0,546.0,2.0,0,11.0,81.0,pass,27.0,27.0,0
3318363,4652.0,542.0,3.0,0,11.0,81.0,pass,27.0,27.0,0
3318364,4695.0,525.0,1.0,0,10.0,70.0,run,27.0,27.0,1
3318384,4742.0,436.0,1.0,0,10.0,15.0,run,27.0,27.0,1
3318388,4764.0,393.0,2.0,0,7.0,12.0,run,27.0,27.0,1
3318392,4786.0,356.0,3.0,0,6.0,11.0,run,27.0,27.0,1
3320280,441.0,1386.0,3.0,0,7.0,61.0,pass,0.0,0.0,0
3326253,1971.0,25.0,3.0,0,1.0,71.0,pass,10.0,3.0,0
3331509,3231.0,758.0,2.0,0,2.0,16.0,run,3.0,16.0,1
3335333,4165.0,37.0,2.0,0,6.0,36.0,run,16.0,17.0,1
3352509,2317.0,1795.0,1.0,0,10.0,76.0,run,6.0,10.0,1
3357894,3541.0,643.0,1.0,0,10.0,18.0,pass,9.0,20.0,0
3358776,3757.0,497.0,1.0,0,10.0,54.0,pass,20.0,12.0,0
3371169,192.0,1664.0,1.0,0,10.0,51.0,run,0.0,0.0,1
3373553,802.0,1075.0,2.0,0,14.0,21.0,pass,3.0,3.0,0
3384937,3533.0,699.0,1.0,0,10.0,38.0,run,33.0,16.0,1
3399109,2773.0,1180.0,1.0,0,10.0,47.0,run,13.0,6.0,1
3414117,2298.0,1791.0,1.0,0,10.0,66.0,pass,13.0,13.0,0
3419566,3460.0,481.0,1.0,1,3.0,3.0,run,13.0,19.0,1
3422284,4041.0,40.0,3.0,0,6.0,14.0,pass,20.0,27.0,0
3451029,4195.0,89.0,1.0,0,10.0,52.0,pass,13.0,13.0,0
3451324,4327.0,23.0,1.0,0,10.0,25.0,run,13.0,13.0,1
3451789,76.0,1762.0,2.0,0,16.0,71.0,pass,0.0,0.0,0
3458836,1765.0,237.0,1.0,0,10.0,56.0,pass,6.0,6.0,0
3469214,4493.0,54.0,2.0,0,8.0,47.0,pass,19.0,19.0,0
3479222,2097.0,1504.0,2.0,0,6.0,19.0,pass,14.0,6.0,0
3551745,970.0,955.0,1.0,0,10.0,52.0,pass,13.0,7.0,0
3564213,4405.0,168.0,2.0,0,6.0,17.0,pass,16.0,41.0,0
3583022,4121.0,112.0,1.0,0,10.0,31.0,pass,32.0,44.0,0
3595746,1891.0,12.0,3.0,0,18.0,25.0,pass,3.0,6.0,0
3635047,4432.0,39.0,3.0,0,17.0,39.0,pass,10.0,24.0,0
3651222,3780.0,133.0,2.0,0,4.0,76.0,run,19.0,23.0,1
3689795,369.0,1452.0,1.0,0,10.0,13.0,run,0.0,0.0,1
3705253,4320.0,52.0,1.0,0,10.0,90.0,pass,10.0,24.0,0
3705308,4370.0,14.0,2.0,0,2.0,64.0,pass,10.0,24.0,0
3733155,4590.0,558.0,2.0,0,6.0,63.0,run,20.0,20.0,1
3733168,4660.0,473.0,1.0,0,10.0,90.0,run,20.0,20.0,1
3733176,4704.0,422.0,3.0,0,1.0,81.0,run,20.0,20.0,1
3733177,4755.0,378.0,1.0,0,10.0,79.0,pass,20.0,20.0,0
3733185,4802.0,333.0,3.0,0,7.0,76.0,pass,20.0,20.0,0
3733189,4827.0,319.0,1.0,0,10.0,45.0,run,20.0,20.0,1
3733199,4880.0,236.0,1.0,0,10.0,24.0,run,20.0,20.0,1
3733200,4902.0,199.0,2.0,0,7.0,21.0,run,20.0,20.0,1
3733204,4926.0,154.0,1.0,0,10.0,11.0,run,20.0,20.0,1
3750876,4188.0,127.0,4.0,0,12.0,72.0,pass,21.0,24.0,0
3750976,4242.0,114.0,2.0,0,7.0,25.0,pass,24.0,21.0,0
3751178,4421.0,67.0,4.0,0,1.0,71.0,run,21.0,24.0,1
3751295,4544.0,10.0,1.0,0,10.0,11.0,pass,21.0,24.0,0
3751301,4663.0,600.0,1.0,0,10.0,65.0,pass,24.0,24.0,0
3751305,4688.0,560.0,1.0,0,10.0,40.0,run,24.0,24.0,1
3751306,4710.0,520.0,2.0,0,7.0,37.0,run,24.0,24.0,1
3751310,4732.0,475.0,3.0,0,4.0,34.0,pass,24.0,24.0,0
3751311,4798.0,458.0,1.0,0,10.0,72.0,pass,24.0,27.0,0
3751312,4834.0,422.0,2.0,0,14.0,76.0,pass,24.0,27.0,0
3751313,4862.0,401.0,3.0,0,5.0,67.0,run,24.0,27.0,1
3751314,4889.0,362.0,1.0,0,10.0,62.0,pass,24.0,27.0,0
3751315,4914.0,326.0,1.0,0,10.0,48.0,pass,24.0,27.0,0
3751316,4939.0,287.0,2.0,0,6.0,44.0,pass,24.0,27.0,0
3751320,4964.0,249.0,3.0,0,4.0,42.0,pass,24.0,27.0,0
3751321,4999.0,247.0,4.0,0,4.0,42.0,pass,24.0,27.0,0
3764403,2992.0,530.0,2.0,0,14.0,33.0,pass,20.0,6.0,0
3789479,3103.0,921.0,2.0,0,5.0,71.0,pass,13.0,20.0,0
3791930,3668.0,348.0,1.0,0,10.0,71.0,pass,13.0,23.0,0
3793794,4296.0,58.0,3.0,0,8.0,57.0,pass,20.0,26.0,0
3812911,3015.0,1045.0,3.0,0,11.0,20.0,pass,17.0,20.0,0
3817544,4653.0,578.0,1.0,0,10.0,70.0,pass,27.0,34.0,0
3817561,4736.0,523.0,4.0,0,10.0,70.0,run,27.0,34.0,1
3817565,4774.0,504.0,1.0,0,10.0,59.0,pass,27.0,34.0,0
3817574,4804.0,474.0,1.0,0,10.0,45.0,run,27.0,34.0,1
3817575,4826.0,435.0,2.0,0,5.0,40.0,run,27.0,34.0,1
3817576,4851.0,391.0,3.0,0,3.0,38.0,pass,27.0,34.0,0
3817585,4888.0,357.0,1.0,0,10.0,32.0,pass,27.0,34.0,0
3817586,4913.0,316.0,2.0,0,7.0,29.0,pass,27.0,34.0,0
3817595,4936.0,311.0,3.0,0,7.0,29.0,run,27.0,34.0,1
3817596,4958.0,266.0,4.0,0,5.0,27.0,pass,27.0,34.0,0
3859196,1208.0,889.0,1.0,0,10.0,31.0,run,0.0,14.0,1
3865060,2844.0,1353.0,1.0,0,10.0,34.0,pass,7.0,21.0,0
3868328,3872.0,532.0,1.0,0,10.0,31.0,pass,21.0,21.0,0
3868744,4085.0,368.0,2.0,0,20.0,67.0,pass,21.0,21.0,0
3869229,4310.0,214.0,1.0,0,10.0,87.0,pass,21.0,21.0,0
3869388,4490.0,95.0,1.0,0,10.0,73.0,pass,21.0,21.0,0
3869404,4524.0,69.0,2.0,0,3.0,66.0,run,21.0,21.0,1
3889266,2616.0,1576.0,1.0,0,10.0,60.0,pass,17.0,21.0,0
3896094,4193.0,140.0,2.0,0,4.0,72.0,pass,28.0,31.0,0
3896338,4578.0,21.0,4.0,0,6.0,47.0,pass,28.0,31.0,0
3992372,1309.0,527.0,2.0,0,4.0,71.0,run,0.0,7.0,1
3995848,2163.0,1664.0,1.0,0,10.0,84.0,pass,7.0,7.0,0
4002432,3588.0,466.0,3.0,0,1.0,56.0,run,17.0,24.0,1
4005132,4190.0,71.0,3.0,0,15.0,91.0,pass,24.0,24.0,0
4005164,4278.0,52.0,2.0,0,10.0,67.0,pass,24.0,24.0,0
4005297,4407.0,27.0,1.0,0,15.0,48.0,pass,24.0,24.0,0
4005358,4518.0,12.0,1.0,0,15.0,38.0,pass,24.0,24.0,0
4005367,4541.0,8.0,2.0,0,15.0,38.0,pass,24.0,24.0,0
4050228,1870.0,64.0,2.0,0,6.0,77.0,run,10.0,3.0,1
4052266,2369.0,1592.0,1.0,0,10.0,51.0,run,10.0,3.0,1
4059818,4231.0,43.0,2.0,0,2.0,62.0,pass,15.0,24.0,0
4066890,145.0,1682.0,2.0,0,3.0,46.0,pass,0.0,0.0,0
4084776,4092.0,481.0,4.0,0,8.0,51.0,pass,14.0,29.0,0
4085034,4212.0,316.0,1.0,0,10.0,16.0,run,29.0,14.0,1
4085332,4550.0,120.0,2.0,0,12.0,26.0,run,29.0,14.0,1
4085333,4579.0,114.0,3.0,0,10.0,24.0,run,29.0,14.0,1
4085351,4675.0,34.0,2.0,0,1.0,56.0,run,14.0,32.0,1
4085355,4702.0,28.0,1.0,0,10.0,51.0,run,14.0,32.0,1
4099752,2677.0,1343.0,3.0,0,11.0,60.0,pass,13.0,14.0,0
4106646,4295.0,59.0,3.0,0,25.0,64.0,pass,17.0,20.0,0
4106795,4446.0,19.0,3.0,0,3.0,20.0,run,17.0,20.0,1
4106836,4503.0,7.0,2.0,0,10.0,14.0,pass,17.0,20.0,0
4106840,4587.0,596.0,1.0,0,10.0,76.0,pass,20.0,20.0,0
4106857,4662.0,461.0,1.0,0,10.0,11.0,pass,20.0,20.0,0
4106861,4687.0,423.0,2.0,0,4.0,5.0,run,20.0,20.0,1
4106882,4812.0,331.0,3.0,0,6.0,41.0,pass,20.0,27.0,0
4106883,4873.0,318.0,1.0,0,10.0,36.0,run,20.0,27.0,1
4106887,4895.0,285.0,2.0,0,2.0,28.0,run,20.0,27.0,1
4106888,4955.0,238.0,3.0,0,14.0,40.0,pass,20.0,27.0,0
4106889,4980.0,216.0,1.0,1,2.0,2.0,run,20.0,27.0,1
4106890,5011.0,179.0,2.0,1,3.0,3.0,pass,20.0,27.0,0
4106891,5039.0,175.0,3.0,1,3.0,3.0,pass,20.0,27.0,0
4106892,5062.0,170.0,4.0,1,3.0,3.0,pass,20.0,27.0,0
4124151,3928.0,158.0,2.0,0,7.0,49.0,run,31.0,24.0,1
4159686,4081.0,275.0,1.0,0,10.0,82.0,pass,3.0,25.0,0
4185549,3951.0,492.0,2.0,0,9.0,38.0,pass,28.0,21.0,0
4186434,4265.0,214.0,1.0,1,10.0,10.0,pass,21.0,31.0,0
4186459,4352.0,201.0,1.0,0,10.0,68.0,run,31.0,28.0,1
4186536,4512.0,177.0,2.0,0,3.0,41.0,run,31.0,28.0,1
4193073,1304.0,617.0,1.0,0,10.0,33.0,pass,14.0,14.0,0
4262927,2572.0,1378.0,2.0,0,13.0,93.0,pass,8.0,16.0,0
4291161,3145.0,678.0,3.0,0,12.0,45.0,pass,30.0,15.0,0
4311557,2102.0,1595.0,2.0,0,6.0,74.0,run,10.0,8.0,1
4311777,2149.0,1539.0,2.0,0,6.0,63.0,pass,10.0,8.0,0
4312474,2412.0,1374.0,3.0,0,1.0,67.0,run,8.0,10.0,1
4338744,1996.0,27.0,1.0,0,10.0,63.0,pass,3.0,14.0,0
4364115,1018.0,683.0,4.0,0,4.0,45.0,pass,3.0,14.0,0
4376873,4070.0,127.0,1.0,0,10.0,70.0,run,39.0,34.0,1
4401627,4368.0,230.0,3.0,0,3.0,11.0,pass,27.0,37.0,0
4401769,4622.0,131.0,1.0,0,10.0,69.0,pass,30.0,44.0,0
4401778,4645.0,124.0,2.0,0,10.0,69.0,pass,30.0,44.0,0
4401794,4668.0,119.0,3.0,0,10.0,69.0,pass,30.0,44.0,0
4401795,4698.0,115.0,4.0,0,10.0,69.0,pass,30.0,44.0,0
4401799,4753.0,101.0,1.0,0,10.0,59.0,pass,30.0,44.0,0
4401805,4819.0,85.0,1.0,0,10.0,23.0,pass,30.0,44.0,0
4451226,4189.0,161.0,1.0,0,10.0,15.0,run,17.0,10.0,1
4469539,1926.0,149.0,1.0,0,10.0,53.0,run,10.0,21.0,1
4563562,4335.0,52.0,3.0,0,4.0,42.0,run,16.0,19.0,1
4563704,4591.0,516.0,1.0,0,10.0,40.0,run,19.0,19.0,1
4563733,4640.0,430.0,3.0,0,7.0,37.0,run,19.0,19.0,1
4563758,4739.0,336.0,2.0,0,6.0,65.0,pass,19.0,22.0,0
4563762,4795.0,297.0,3.0,0,16.0,75.0,pass,19.0,22.0,0
4563766,4820.0,251.0,1.0,0,10.0,47.0,run,19.0,22.0,1
4563767,4842.0,212.0,2.0,0,10.0,47.0,pass,19.0,22.0,0
4563768,4867.0,208.0,3.0,0,4.0,41.0,pass,19.0,22.0,0
4563772,4921.0,203.0,1.0,0,10.0,36.0,pass,19.0,22.0,0
4563776,4946.0,161.0,2.0,0,7.0,33.0,pass,19.0,22.0,0
4563777,4981.0,155.0,1.0,0,10.0,17.0,pass,19.0,22.0,0
4591293,4404.0,47.0,4.0,0,2.0,66.0,pass,22.0,27.0,0
4619865,72.0,1794.0,1.0,0,10.0,53.0,run,0.0,0.0,1
4627818,2048.0,26.0,1.0,0,10.0,82.0,pass,17.0,14.0,0
4636854,4441.0,130.0,2.0,0,8.0,50.0,pass,23.0,31.0,0
4636899,4562.0,69.0,2.0,1,7.0,7.0,pass,23.0,31.0,0
4636907,4648.0,56.0,2.0,0,7.0,43.0,run,31.0,29.0,1
4636911,4677.0,52.0,3.0,0,10.0,46.0,run,31.0,29.0,1
4654299,1236.0,297.0,3.0,0,5.0,71.0,run,0.0,14.0,1
4679596,3973.0,359.0,2.0,0,5.0,11.0,run,33.0,20.0,1
4698511,2172.0,7.0,2.0,0,18.0,34.0,pass,10.0,14.0,0
4706856,4641.0,24.0,1.0,0,10.0,25.0,run,26.0,28.0,1
4779156,2426.0,1303.0,3.0,0,1.0,51.0,run,7.0,17.0,1
4801311,3664.0,372.0,1.0,0,10.0,53.0,pass,3.0,31.0,0
4822196,4465.0,13.0,1.0,0,10.0,80.0,pass,34.0,41.0,0
4850066,4487.0,50.0,4.0,0,15.0,67.0,pass,26.0,34.0,0
5033532,4257.0,70.0,1.0,0,10.0,65.0,run,24.0,37.0,1
5077908,4263.0,90.0,1.0,0,10.0,42.0,pass,19.0,26.0,0
5127465,2632.0,1287.0,2.0,0,8.0,54.0,pass,14.0,31.0,0
5171170,4232.0,138.0,4.0,0,11.0,45.0,pass,20.0,34.0,0
5171338,4381.0,109.0,3.0,0,5.0,38.0,run,34.0,20.0,1
5171400,4492.0,62.0,3.0,0,6.0,94.0,pass,20.0,34.0,0
5171497,4577.0,31.0,2.0,0,10.0,83.0,pass,20.0,34.0,0
5212671,2176.0,1702.0,2.0,0,10.0,24.0,run,21.0,17.0,1
5247632,4471.0,42.0,1.0,0,10.0,85.0,pass,30.0,30.0,0
5247720,4593.0,592.0,1.0,0,10.0,80.0,pass,30.0,30.0,0
5247729,4618.0,555.0,2.0,0,1.0,71.0,pass,30.0,30.0,0
5247737,4719.0,503.0,1.0,0,10.0,53.0,run,30.0,30.0,1
5247738,4741.0,466.0,2.0,0,6.0,49.0,pass,30.0,30.0,0
5247751,4891.0,436.0,1.0,0,10.0,42.0,run,30.0,30.0,1
5247761,4971.0,387.0,1.0,0,10.0,65.0,run,30.0,37.0,1
5247762,4993.0,348.0,2.0,0,6.0,61.0,pass,30.0,37.0,0
5247766,5023.0,318.0,1.0,0,10.0,44.0,pass,30.0,37.0,0
5247767,5080.0,309.0,1.0,0,10.0,39.0,run,30.0,37.0,1
5247768,5102.0,269.0,2.0,0,8.0,37.0,pass,30.0,37.0,0
5247776,5157.0,224.0,2.0,0,8.0,14.0,pass,30.0,37.0,0
5247777,5187.0,219.0,3.0,0,3.0,9.0,run,30.0,37.0,1
5247778,5209.0,197.0,1.0,1,4.0,4.0,pass,30.0,37.0,0
5275731,55.0,1800.0,1.0,0,10.0,60.0,pass,0.0,0.0,0
5336401,4525.0,44.0,1.0,0,10.0,48.0,pass,6.0,29.0,0
5378154,4002.0,375.0,1.0,0,15.0,73.0,pass,17.0,29.0,0
5379086,4678.0,79.0,1.0,0,10.0,36.0,pass,24.0,29.0,0
5379087,4701.0,74.0,2.0,0,10.0,36.0,pass,24.0,29.0,0
5379097,4749.0,45.0,2.0,0,10.0,12.0,pass,24.0,29.0,0
5379101,4835.0,22.0,1.0,1,16.0,16.0,pass,24.0,29.0,0
5379105,4860.0,16.0,2.0,1,9.0,9.0,pass,24.0,29.0,0
5379106,4890.0,11.0,3.0,1,9.0,9.0,pass,24.0,29.0,0
5402772,4072.0,206.0,1.0,0,10.0,65.0,run,27.0,48.0,1
5497899,4397.0,4.0,2.0,1,2.0,2.0,pass,38.0,42.0,0
5527120,4438.0,54.0,3.0,0,2.0,35.0,run,30.0,23.0,1
5723328,3645.0,220.0,1.0,0,10.0,65.0,run,10.0,34.0,1
6010068,4132.0,8.0,1.0,0,10.0,65.0,pass,12.0,14.0,0
6034817,4337.0,29.0,3.0,1,11.0,11.0,pass,3.0,19.0,0
6228697,4309.0,182.0,3.0,0,15.0,26.0,pass,27.0,24.0,0
6228847,4557.0,96.0,1.0,0,10.0,72.0,pass,27.0,31.0,0
6228851,4582.0,73.0,2.0,0,7.0,69.0,pass,27.0,31.0,0
6228860,4605.0,68.0,3.0,0,7.0,69.0,pass,27.0,31.0,0
6228861,4628.0,65.0,4.0,0,7.0,69.0,pass,27.0,31.0,0
6228862,4658.0,60.0,1.0,0,10.0,56.0,pass,27.0,31.0,0
6228867,4716.0,50.0,3.0,0,3.0,49.0,pass,27.0,31.0,0
6228872,4776.0,19.0,1.0,0,10.0,23.0,pass,27.0,31.0,0
6228876,4830.0,13.0,2.0,0,15.0,28.0,pass,27.0,31.0,0
6228877,4853.0,7.0,3.0,0,15.0,28.0,pass,27.0,31.0,0
6302832,4486.0,17.0,3.0,0,10.0,72.0,pass,31.0,34.0,0
6352830,4514.0,748.0,2.0,0,9.0,92.0,run,30.0,30.0,1
6352859,4583.0,612.0,2.0,0,7.0,72.0,pass,30.0,30.0,0
6352916,4667.0,481.0,2.0,0,11.0,64.0,pass,30.0,30.0,0
6352925,4690.0,475.0,3.0,0,11.0,64.0,pass,30.0,30.0,0
6352946,4779.0,374.0,1.0,0,10.0,53.0,pass,30.0,30.0,0
6371504,4613.0,79.0,2.0,0,4.0,53.0,pass,16.0,28.0,0
6371505,4636.0,76.0,3.0,0,4.0,53.0,pass,16.0,28.0,0
6402293,4318.0,647.0,3.0,0,4.0,66.0,run,17.0,17.0,1
6402539,4439.0,445.0,1.0,0,10.0,50.0,run,17.0,17.0,1
6402547,4488.0,399.0,1.0,0,10.0,78.0,run,17.0,17.0,1
6402551,4510.0,377.0,2.0,0,6.0,74.0,pass,17.0,17.0,0
6402587,4570.0,321.0,1.0,0,10.0,47.0,run,17.0,17.0,1
6402603,4632.0,298.0,2.0,0,6.0,43.0,pass,17.0,17.0,0
6402612,4655.0,294.0,3.0,0,6.0,43.0,pass,17.0,17.0,0
6487710,4603.0,20.0,2.0,0,1.0,53.0,pass,13.0,29.0,0
